latitude,longitude,vegetation_height_m,terrain_height_m,canopy_height_m,measurement_date,distance_from_query_km,cached_at,has_data
41.86486833547731,-124.10899806745522,1.513689686128703e-36,4.301986285477189e-43,1.51369004486111e-36,Unknown,3.639310289154429,2026-02-21T17:46:58.834819,
41.84740847323755,-124.11873004737666,4.6830912527720034e-30,2.9416057363106555e-41,4.6830912527720034e-30,Unknown,3.646628108983041,2026-02-21T17:47:03.049865,
41.86944386347152,-124.15864299409093,1.86362383858274e-12,2.624632023680383e-42,1.86362383858274e-12,Unknown,0.7183317295309487,2026-02-21T17:47:06.614091,
41.86478744032351,-124.15802598288327,3.2856619782231124e-17,4.083383725042517e-42,3.2856619782231124e-17,Unknown,0.2516913071116198,2026-02-21T17:47:10.011497,
34.22423484498829,-118.39609222788464,2.0079687741982032e-38,2.9416057363106555e-41,2.010910379934513e-38,Unknown,2.9707083004935884,2026-02-21T17:48:37.437399,
34.19135970982613,-118.3977029617951,1.8383454480908057e-12,1.982837327019616e-42,1.8383454480908057e-12,Unknown,1.5777410877982685,2026-02-21T17:48:56.162889,
34.20037721280836,-118.39866434856717,4.915800766099205e-31,2.228064558276459e-43,4.915800766099205e-31,Unknown,2.755720199054218,2026-02-21T17:48:59.561349,
34.15607803215629,-118.39362601657724,4.3682986381288584e-34,1.8357009882655104e-43,4.3682986381288584e-34,Unknown,3.715027621613357,2026-02-21T17:49:03.194378,
34.24112356455708,-118.39292395410688,1.750346664609727e-24,1.1672816207825726e-42,1.750346664609727e-24,Unknown,1.942108017600688,2026-02-21T17:49:26.739493,
34.243154411890266,-118.39265413784602,9.943021822186016e-34,2.4382593279251817e-43,9.943021822186016e-34,Unknown,1.2277014038814542,2026-02-21T17:49:30.236909,
34.069205221119056,-117.95004064473284,2.211019345153452e-26,2.9416057363106555e-41,2.211019345153452e-26,Unknown,3.75276633986156,2026-02-21T17:49:37.337324,
34.06187405581832,-117.89836373281976,2.211019345153452e-26,2.9416057363106555e-41,2.211019345153452e-26,Unknown,3.8028201998594,2026-02-21T17:49:41.573509,
34.05980079271048,-117.93308635390484,2.0079687741982032e-38,2.9416057363106555e-41,2.010910379934513e-38,Unknown,2.30656703657321,2026-02-21T17:49:45.026792,
34.05013434465177,-117.93196211204908,2.211019345153452e-26,2.9416057363106555e-41,2.211019345153452e-26,Unknown,2.430615208234479,2026-02-21T17:49:49.209323,
34.06511787633881,-117.91556422896606,4.087825841174427e-40,5.441241936973265e-42,4.142238260544159e-40,Unknown,0.919061220442337,2026-02-21T17:49:53.706027,
33.987228184641786,-118.1838024456736,2.358970642089844,6.671581988650454e-42,2.358970642089844,Unknown,1.1053185078851584,2026-02-21T17:49:57.651403,
33.99305913432158,-118.18447697021438,0.0884070396423339,2.2841164968494522e-43,0.0884070396423339,Unknown,0.5119737082328969,2026-02-21T17:50:01.434883,
33.9975327444439,-118.18594245750931,7.246400745078431e-15,4.40708367030155e-42,7.246400745078431e-15,Unknown,0.1555522757778082,2026-02-21T17:50:05.116092,
34.002802892394406,-118.20189723506697,2.772911071777344,2.375200897030565e-42,2.772911071777344,Unknown,0.6195494979809837,2026-02-21T17:50:09.018496,
33.99669606022533,-118.18491009413223,2.211019345153452e-26,2.9416057363106555e-41,2.211019345153452e-26,Unknown,2.107862134812542,2026-02-21T17:50:12.440284,
34.14726835785288,-117.96666566566104,2.211019345153452e-26,2.9416057363106555e-41,2.211019345153452e-26,Unknown,2.9438031479082203,2026-02-21T17:50:16.120969,
34.10649897927248,-117.95534892854911,1.509185800760486e-36,1.3704698981096713e-42,1.5091872356901134e-36,Unknown,2.2652194560597305,2026-02-21T17:50:27.269926,
34.05020732919336,-118.01182969293482,2.0079687741982032e-38,2.9416057363106555e-41,2.010910379934513e-38,Unknown,3.742618033613452,2026-02-21T17:50:30.805705,
34.02778578143739,-118.01543672793407,1.5092311804099546e-36,1.977232133162317e-42,1.5092331534381924e-36,Unknown,1.3048669641327626,2026-02-21T17:50:34.272861,
34.029230929717684,-118.01515212940129,2.60891285091556e-29,2.6386450083236305e-42,2.60891285091556e-29,Unknown,0.9795944288430726,2026-02-21T17:50:37.697200,
34.03427161481383,-117.97892225093324,2.0079687741982032e-38,2.9416057363106555e-41,2.010910379934513e-38,Unknown,2.499128882063315,2026-02-21T17:50:41.271090,
34.02789232945989,-117.98049129149452,2.8640248589476827e-17,4.146442155937134e-42,2.8640248589476827e-17,Unknown,1.50349947477777,2026-02-21T17:50:44.771429,
34.02375660190497,-118.01590169098024,1.2866985343862325e-07,1.7207945141908754e-42,1.2866985343862325e-07,Unknown,0.8446382798754979,2026-02-21T17:50:55.555104,
34.04889987933511,-118.01198190489124,2.0079687741982032e-38,2.9416057363106555e-41,2.010910379934513e-38,Unknown,3.489330262223402,2026-02-21T17:50:59.256100,
34.0369120752449,-118.1895663158611,1.934789222131417e-30,2.9416057363106555e-41,1.934789222131417e-30,Unknown,0.6638057274961683,2026-02-21T17:51:02.727808,
34.08548067496784,-118.043681810209,9.178909802370903e-15,6.852349490548356e-43,9.178909802370903e-15,Unknown,2.378332035365943,2026-02-21T17:51:14.856548,
34.09268592210713,-118.042845610257,3.671014323620536e-18,8.96831017167883e-43,3.671014323620536e-18,Unknown,2.30598501939543,2026-02-21T17:51:18.341207,
34.12235884298667,-118.03783570397802,1.934789222131417e-30,2.9416057363106555e-41,1.934789222131417e-30,Unknown,3.433592932918694,2026-02-21T17:51:22.131884,
34.12691648700175,-118.03730748052688,2.0079687741982032e-38,2.9416057363106555e-41,2.010910379934513e-38,Unknown,3.2329665350731966,2026-02-21T17:51:25.668782,
34.10438325330844,-118.04115866332786,1.031837656406036e-31,2.928713790438868e-42,1.031837656406036e-31,Unknown,0.6499537683292048,2026-02-21T17:51:28.982475,
34.12549216711362,-118.2576027815235,2.0079687741982032e-38,2.9416057363106555e-41,2.010910379934513e-38,Unknown,2.901578817103636,2026-02-21T17:51:32.594548,
34.091591918465056,-118.21212956853168,2.0079687741982032e-38,2.9416057363106555e-41,2.010910379934513e-38,Unknown,3.490106132176718,2026-02-21T17:51:40.263486,
34.112387570988986,-118.224471143299,4.368225169731932e-34,3.335090345093065e-43,4.368225169731932e-34,Unknown,1.135576701385181,2026-02-21T17:51:43.759280,
34.13471667886891,-118.22323996167054,1.4069610188016668e-07,3.937648684752736e-43,1.4069610188016668e-07,Unknown,0.880959801222056,2026-02-21T17:51:47.477552,
34.10541943801949,-118.19756946781648,1.0993208122562342e-29,2.9416057363106555e-41,1.0993208122562342e-29,Unknown,2.95304516657997,2026-02-21T17:51:50.960614,
34.154046156862535,-118.204153182034,2.211019345153452e-26,2.9416057363106555e-41,2.211019345153452e-26,Unknown,2.372576885080028,2026-02-21T17:51:54.568277,
34.140969485199214,-118.20172323465758,2.8958778381347656,9.066401064181566e-43,2.8958778381347656,Unknown,1.4602532354789333,2026-02-21T17:52:01.601155,
34.1475734100698,-118.1841297907472,0.0079451501369476,2.464883998747353e-42,0.0079451501369476,Unknown,0.058635308692016,2026-02-21T17:52:05.093202,
34.12549216711362,-118.2576027815235,2.211019345153452e-26,2.9416057363106555e-41,2.211019345153452e-26,Unknown,2.901578817103636,2026-02-21T17:52:08.414895,
34.11214514959134,-118.22449902254296,4.915770673443824e-31,2.5643761897144152e-43,4.915770673443824e-31,Unknown,1.0212255220599842,2026-02-21T17:52:11.939190,
34.1348347747148,-118.16727827250068,2.0079687741982032e-38,2.9416057363106555e-41,2.010910379934513e-38,Unknown,1.9527001006652107,2026-02-21T17:52:15.391719,
34.14251723421492,-118.22097531743196,2.0079687741982032e-38,2.9416057363106555e-41,2.010910379934513e-38,Unknown,1.977085137231484,2026-02-21T17:52:18.983520,
34.13524906777489,-118.22317979607324,3.3737477800803404e-31,2.9416057363106555e-41,3.3737477800803404e-31,Unknown,1.2836858267845368,2026-02-21T17:52:22.400673,
34.12955358266029,-118.20039705246008,1.7732299417483783e-24,6.796297551975364e-43,1.7732299417483783e-24,Unknown,1.4937680600980496,2026-02-21T17:52:25.812214,
34.13471667886891,-118.22323996167054,2.8812408036006263e-17,2.970752744368612e-43,2.8812408036006263e-17,Unknown,1.1312493746386725,2026-02-21T17:52:29.318557,
34.143350487416896,-118.2019987539515,2.0079687741982032e-38,2.9416057363106555e-41,2.010910379934513e-38,Unknown,3.550777035653204,2026-02-21T17:52:32.712612,
34.10939833218055,-118.2594643756155,2.0079687741982032e-38,2.9416057363106555e-41,2.010910379934513e-38,Unknown,2.327488845464043,2026-02-21T17:53:05.388758,
34.10390675056456,-118.2654607001784,2.211019345153452e-26,2.9416057363106555e-41,2.211019345153452e-26,Unknown,2.2582724195144634,2026-02-21T17:53:11.381230,
34.114872051112386,-117.9394962005235,7.429208508483675e-27,1.5498361015432477e-42,7.429208508483675e-27,Unknown,0.5035770850861786,2026-02-21T17:53:14.915641,
34.12295460918567,-117.9404315727052,4.69847272199785e-10,7.73516752307299e-43,4.69847272199785e-10,Unknown,0.5975683917635051,2026-02-21T17:53:19.639294,
34.24657253087811,-118.39220891661648,2.0079687741982032e-38,2.9416057363106555e-41,2.010910379934513e-38,Unknown,2.6801146430728715,2026-02-21T17:53:23.128363,
34.19776433941772,-118.41468214739692,0.0884079933166503,1.4433374182545616e-43,0.0884079933166503,Unknown,3.0966839646278177,2026-02-21T17:53:26.530795,
34.209381866284176,-118.3977321450975,0.008209228515625,6.375908012677919e-43,0.008209228515625,Unknown,0.9783006752189874,2026-02-21T17:53:29.951663,
34.111255930407296,-117.93896469952686,1.8980442217930715e-12,3.650382499566149e-42,1.8980442217930715e-12,Unknown,0.6536727032106318,2026-02-21T17:53:33.496182,
34.00948801689624,-118.23779971859808,4.112782900458556e-34,9.668959403841238e-43,4.112782900458556e-34,Unknown,0.9613506470280996,2026-02-21T17:53:40.293215,
34.01568868490696,-118.20426824531594,7.429294790145184e-27,1.7516230804060213e-42,7.429294790145184e-27,Unknown,2.4030379583075825,2026-02-21T17:53:43.816578,
34.01520453749131,-118.20337509139055,2.0079687741982032e-38,2.9416057363106555e-41,2.010910379934513e-38,Unknown,2.5800780186041874,2026-02-21T17:53:47.637620,
34.03173162342193,-118.20620761629849,9.178909802370903e-15,3.0926657107648706e-42,9.178909802370903e-15,Unknown,2.208679058572512,2026-02-21T17:53:51.798017,
34.1276633806899,-117.94098256167328,4.156894283369184e-05,2.1579996350602186e-42,4.156894283369184e-05,Unknown,0.6569642293951679,2026-02-21T17:53:55.243129,
34.108085537065875,-117.91950967424556,2.211019345153452e-26,2.9416057363106555e-41,2.211019345153452e-26,Unknown,3.003643948138587,2026-02-21T17:53:59.669830,
34.115088353688854,-117.92135153329346,2.0079687741982032e-38,2.9416057363106555e-41,2.010910379934513e-38,Unknown,2.469077068230109,2026-02-21T17:54:03.254439,
34.139447160171386,-117.92316527908812,1.99446124945218e-24,1.7207945141908754e-42,1.99446124945218e-24,Unknown,0.4516289716728084,2026-02-21T17:54:06.643251,
34.13709499407916,-117.90796113295612,1.319833700108575e-07,3.9432538786100346e-42,1.319833700108575e-07,Unknown,0.3202122287589365,2026-02-21T17:54:11.004649,
33.99377124076625,-118.15090728951073,0.0081953853368759,2.5643761897144152e-42,0.0081953853368759,Unknown,0.2128281800646526,2026-02-21T17:54:14.590031,
33.99670550859979,-118.16652644727864,8.379453098580603e-27,3.386938388273083e-42,8.379453098580603e-27,Unknown,0.3769599183638783,2026-02-21T17:54:17.911637,
33.99839562978988,-118.11594999556004,2.211019345153452e-26,2.9416057363106555e-41,2.211019345153452e-26,Unknown,2.9962204780173782,2026-02-21T17:54:55.349309,
34.01019569957418,-118.11815248044984,1.0993208122562342e-29,2.9416057363106555e-41,1.0993208122562342e-29,Unknown,1.6736269065253195,2026-02-21T17:54:58.909766,
34.10362975748261,-118.26641703512044,1.1101260128829163e-19,7.006492321624085e-44,1.1101260128829163e-19,Unknown,2.0453236115642004,2026-02-21T17:55:06.154270,
34.103906746196344,-118.26546069134606,4.6830912527720034e-30,2.9416057363106555e-41,4.6830912527720034e-30,Unknown,2.041959051954698,2026-02-21T17:55:09.585395,
34.10274970291493,-118.2655992117472,1.0993208122562342e-29,2.9416057363106555e-41,1.0993208122562342e-29,Unknown,2.250723559014516,2026-02-21T17:55:13.149355,
34.075928779120794,-118.00869745237208,1.934789222131417e-30,2.9416057363106555e-41,1.934789222131417e-30,Unknown,3.267084697234293,2026-02-21T17:55:16.659371,
34.08744267813959,-117.97353447197004,1.0993208122562342e-29,2.9416057363106555e-41,1.0993208122562342e-29,Unknown,2.757579243640837,2026-02-21T17:55:25.217972,
33.99279257035659,-118.18444531806288,2.0079687741982032e-38,2.9416057363106555e-41,2.010910379934513e-38,Unknown,2.0751229604014583,2026-02-21T17:55:28.937406,
34.134770734245016,-118.00210491619116,2.0079687741982032e-38,2.9416057363106555e-41,2.010910379934513e-38,Unknown,1.9000298421992496,2026-02-21T17:55:36.252280,
34.117433178515824,-118.00410569974784,4.0058067210187236e-38,6.375908012677919e-43,4.005870620228697e-38,Unknown,0.402664461677872,2026-02-21T17:55:39.572856,
34.12218485724061,-118.0035574751946,4.003469272671776e-34,5.689271765158757e-43,4.003469272671776e-34,Unknown,0.8141062801676088,2026-02-21T17:55:43.272485,
34.14296880859801,-117.96716727551092,2.0079687741982032e-38,2.9416057363106555e-41,2.010910379934513e-38,Unknown,3.612071435706705,2026-02-21T17:55:47.489087,
34.12721470699155,-118.00297672916676,3.792357856076146e-39,1.5736581754367696e-42,3.793931514251583e-39,Unknown,1.2747883763084438,2026-02-21T17:55:51.249155,
34.144765231147346,-118.00094882357584,7.764386570797141e-31,2.9416057363106555e-41,7.764386570797141e-31,Unknown,1.8238617527310177,2026-02-21T17:55:55.552569,
33.99252576933163,-118.05439339267303,6.571864615928163e-27,4.498168070482664e-43,6.571864615928163e-27,Unknown,2.4149949249294367,2026-02-21T17:56:02.707115,
33.96304717463795,-118.11181516960158,1.0993208122562342e-29,2.9416057363106555e-41,1.0993208122562342e-29,Unknown,3.669684921818928,2026-02-21T17:56:06.255526,
34.11035372563866,-118.26074141350296,4.090705647182175e-34,9.781063280987225e-43,4.090705647182175e-34,Unknown,0.674126357705544,2026-02-21T17:56:19.873925,
34.11214514959134,-118.22449902254296,1.934789222131417e-30,2.9416057363106555e-41,1.934789222131417e-30,Unknown,1.5380112279940978,2026-02-21T17:56:33.607137,
34.114872051112386,-117.9394962005235,1.795144497695418e-24,7.693128569143246e-43,1.795144497695418e-24,Unknown,0.5035770850861786,2026-02-21T17:56:36.930990,
33.97749333958643,-118.1997791154613,2.0079687741982032e-38,2.9416057363106555e-41,2.010910379934513e-38,Unknown,2.992058599055489,2026-02-21T17:56:40.281024,
34.155816764807696,-118.29016780304948,1.5250681399759188e-36,8.617985555597625e-43,1.525069036806936e-36,Unknown,1.9655943779361864,2026-02-21T17:57:03.782112,
34.14819017211954,-118.28964737417574,2.0079687741982032e-38,2.9416057363106555e-41,2.010910379934513e-38,Unknown,1.7481522698331682,2026-02-21T17:57:07.429790,
34.16951553582456,-118.2885798242328,2.0079687741982032e-38,2.9416057363106555e-41,2.010910379934513e-38,Unknown,3.1123803275589075,2026-02-21T17:57:10.799745,
34.0369120752449,-118.1895663158611,1.5250573780037128e-36,1.1210387714598537e-43,1.5250575573699162e-36,Unknown,0.9523908650567388,2026-02-21T17:57:37.813227,
34.04293588902204,-118.1729263746776,1.7838164550964443e-24,7.987401246651457e-43,1.7838164550964443e-24,Unknown,0.6946692918566886,2026-02-21T17:57:42.068373,
34.04872546870297,-118.1909620482922,9.118662092078013e-08,5.536530232547352e-42,9.118662092078013e-08,Unknown,1.084942988085408,2026-02-21T17:57:45.511927,
34.05504450916081,-118.19169662709152,1.99446124945218e-24,6.190936615387042e-42,1.99446124945218e-24,Unknown,0.9793172911040352,2026-02-21T17:57:48.982329,
34.059055176369014,-118.19216010060627,9.978461213621782e-32,2.285517795313777e-42,9.978461213621782e-32,Unknown,1.5158093470387892,2026-02-21T17:57:52.931180,
34.055249329261216,-118.173358121856,1.1009007538285148e-35,2.4298515371392328e-42,1.1009009690679591e-35,Unknown,0.0936072037224833,2026-02-21T17:57:56.450201,
34.04812151751385,-118.17353495538975,4.289755425525734e-22,6.291830104818429e-43,4.289755425525734e-22,Unknown,0.1928569478847666,2026-02-21T17:57:59.799640,
34.01166101244749,-118.18665743535765,1.0993208122562342e-29,2.9416057363106555e-41,1.0993208122562342e-29,Unknown,2.826175317755349,2026-02-21T17:58:03.206162,
34.20037721280836,-118.39866434856717,0.0092806220054626,5.913479519450728e-43,0.0092806220054626,Unknown,0.9125010447681376,2026-02-21T17:58:06.632577,
34.2119707150718,-118.3974440021202,2.211019345153452e-26,2.9416057363106555e-41,2.211019345153452e-26,Unknown,3.436650543521944,2026-02-21T17:58:13.449231,
34.16859203708994,-118.39507146221462,5.6057683896696415e-40,1.2205309624269157e-42,5.617973699293911e-40,Unknown,2.863745749309127,2026-02-21T17:58:16.680808,
33.958351473849945,-118.1630715669794,2.211019345153452e-26,2.9416057363106555e-41,2.211019345153452e-26,Unknown,3.1538409951010027,2026-02-21T17:58:41.361942,
33.99879491344068,-118.15051882489666,1.1101260128829163e-19,2.0753230256650538e-42,1.1101260128829163e-19,Unknown,0.6801998167581778,2026-02-21T17:58:44.851542,
33.98264525082672,-118.1657887692937,0.8709716796875,2.9416057363106555e-41,0.8709716796875,Unknown,3.652458097255905,2026-02-21T17:58:48.485632,
33.99459166453281,-118.15005473081207,2.211019345153452e-26,2.9416057363106555e-41,2.211019345153452e-26,Unknown,2.547651738448299,2026-02-21T17:58:51.898170,
34.016730905235384,-118.11807678377684,1.110200459138046e-19,4.960596563709853e-43,1.110200459138046e-19,Unknown,1.4556216398763993,2026-02-21T17:58:55.311825,
34.002607937778265,-118.13260972148228,3.3737477800803404e-31,2.9416057363106555e-41,3.3737477800803404e-31,Unknown,2.8212566591948844,2026-02-21T17:58:58.726245,
34.00833386641064,-118.13329611999826,4.6830912527720034e-30,2.9416057363106555e-41,4.6830912527720034e-30,Unknown,3.065084128661889,2026-02-21T17:59:02.210544,
34.0111964062437,-118.1344485212189,3.3737477800803404e-31,2.9416057363106555e-41,3.3737477800803404e-31,Unknown,3.5472448797458176,2026-02-21T17:59:05.618103,
34.02559366991633,-118.1190521353185,8.241291506602131e-27,1.5764607723654192e-42,8.241291506602131e-27,Unknown,2.7448613507434643,2026-02-21T17:59:12.435116,
34.03416097493671,-118.04940278249688,1.7545749590617118e-24,1.4825737752556565e-42,1.7545749590617118e-24,Unknown,2.243344703750902,2026-02-21T17:59:19.201888,
34.060272545472046,-118.04562772631483,0.0267295837402343,2.9416057363106555e-41,0.0267295837402343,Unknown,3.078601257596034,2026-02-21T17:59:22.816706,
34.03691914420045,-118.0481540517398,5.151002169831269e-16,1.097216697566332e-42,5.151002169831269e-16,Unknown,1.0901097631551508,2026-02-21T17:59:26.240077,
34.0656166442956,-118.04584892999186,2.0079687741982032e-38,2.9416057363106555e-41,2.010910379934513e-38,Unknown,3.4226175889715225,2026-02-21T17:59:29.543885,
34.040991275813106,-118.01385345851196,3.1348783522844315e-05,1.2737803040712589e-42,3.1348783522844315e-05,Unknown,0.3867056517385135,2026-02-21T17:59:33.020476,
34.054454996391875,-118.01131593594503,2.4882981959628573e-14,3.7666902721051076e-42,2.4882981959628573e-14,Unknown,0.4122677625952359,2026-02-21T17:59:36.575768,
34.06244843139824,-118.01034739229586,1.488388079451397e-07,2.0739217272007293e-42,1.488388079451397e-07,Unknown,0.5728771876505251,2026-02-21T17:59:40.010949,
34.07045734782896,-118.00955336216836,2.528847128302521e-29,6.438966443572533e-42,2.528847128302521e-29,Unknown,0.7497251941401865,2026-02-21T17:59:43.678254,
34.103389661983144,-118.00532355578258,1.999755859375,2.9416057363106555e-41,1.999755859375,Unknown,2.917653823076253,2026-02-21T17:59:47.085000,
34.111330151681415,-118.00574947553903,1.0993208122562342e-29,2.9416057363106555e-41,1.0993208122562342e-29,Unknown,2.9651524469120765,2026-02-21T17:59:50.668793,
34.09390892501167,-118.0064902325444,1.5321098160993852e-38,2.6722761714674258e-42,1.532377043716532e-38,Unknown,1.3481975359976506,2026-02-21T17:59:55.247498,
34.10798981289967,-117.95551680366816,1.4058575575313434e-19,1.3592595103950729e-42,1.4058575575313434e-19,Unknown,2.29621084214323,2026-02-21T18:00:02.011638,
34.0903282810545,-118.1611307598222,2.356021881103516,2.5447580112138678e-42,2.356021881103516,Unknown,1.1136064279206963,2026-02-21T18:00:05.589330,
34.08661282007907,-118.14323887107912,1.9136706108646706e-12,2.6806839622533747e-42,1.9136706108646706e-12,Unknown,0.4642897809806846,2026-02-21T18:00:09.234850,
34.08192615850572,-118.12645111493843,1.3289973139762878e-05,2.9416057363106555e-41,1.3289973139762878e-05,Unknown,1.8474639572470108,2026-02-21T18:00:12.686047,
34.08129668426167,-118.12556591580284,1.1056367486022262e-21,4.946583579066604e-43,1.1056367486022262e-21,Unknown,1.1495320814022376,2026-02-21T18:00:16.229223,
34.08129668426167,-118.12556591580284,2.557281377445522e-31,8.8281803252463585e-44,2.557281377445522e-31,Unknown,0.649077013497414,2026-02-21T18:00:19.590786,
34.0718005388098,-118.12445590021248,4.692086719160216e-10,7.42688186092153e-44,4.692086719160216e-10,Unknown,0.4807000183432308,2026-02-21T18:00:23.514280,
34.05985171000577,-118.15764283771372,4.6830912527720034e-30,2.9416057363106555e-41,4.6830912527720034e-30,Unknown,2.2822238992520725,2026-02-21T18:00:26.997069,
34.0575531402525,-118.19199765800688,2.211019345153452e-26,2.9416057363106555e-41,2.211019345153452e-26,Unknown,1.316153194795314,2026-02-21T18:00:30.416730,
34.04216946126327,-118.15555464910132,2.211019345153452e-26,2.9416057363106555e-41,2.211019345153452e-26,Unknown,3.508466288077704,2026-02-21T18:00:34.019703,
34.07249571204374,-118.17527763413844,1.1873453910162728e-19,2.794189137863685e-42,1.1873453910162728e-19,Unknown,0.3439643563011235,2026-02-21T18:00:38.325839,
34.07894071947258,-118.15984900229718,3.2716779969632626e-05,1.5414283107572988e-43,3.2716779969632626e-05,Unknown,0.6056429668822174,2026-02-21T18:00:41.739782,
34.05000157644524,-118.1727653995318,1.999755859375,2.9416057363106555e-41,1.999755859375,Unknown,3.44916595753929,2026-02-21T18:00:45.226899,
34.06922165552356,-118.158676699204,4.0055791501481173e-38,2.826419002543156e-42,4.005861651918525e-38,Unknown,0.6377167236782988,2026-02-21T18:00:48.734192,
34.0716756863187,-118.12526332562516,2.6314592105336487e-06,2.396220373995437e-43,2.6314592105336487e-06,Unknown,1.5440882683842994,2026-02-21T18:00:52.511135,
34.0716756863187,-118.12526332562516,1.682485617493512e-07,2.424246343281933e-43,1.682485617493512e-07,Unknown,0.6439732543498816,2026-02-21T18:00:56.060856,
34.163233184518624,-118.2893119940514,1.0993208122562342e-29,2.9416057363106555e-41,1.0993208122562342e-29,Unknown,1.0323531214815336,2026-02-21T18:00:59.646236,
34.15508610374818,-118.29025033504612,5.70438807301343e-10,7.721154538429742e-43,5.70438807301343e-10,Unknown,1.6774286664850142,2026-02-21T18:01:06.370923,
34.140680788000715,-118.29678889768329,1.525166612021604e-36,5.324934164434305e-44,1.525166612021604e-36,Unknown,2.4627762644080726,2026-02-21T18:01:09.815430,
34.1830946425016,-118.39674681909082,1.1674408039259339e-31,2.980561833618886e-42,1.1674408039259339e-31,Unknown,2.224447446510379,2026-02-21T18:01:35.640347,
34.21403291063191,-118.39635056853226,2.011372377483942e-20,2.9416057363106555e-41,2.011372377483942e-20,Unknown,2.992693947248976,2026-02-21T18:01:38.989357,
34.218148755466814,-118.3967827466912,2.0079687741982032e-38,2.9416057363106555e-41,2.010910379934513e-38,Unknown,2.5492977793958307,2026-02-21T18:01:42.411647,
34.2014245486054,-118.41512558641664,3.0825205612927675e-05,4.918557609780108e-43,3.0825205612927675e-05,Unknown,2.020082807108357,2026-02-21T18:01:45.875274,
34.0334053058292,-118.04969769355952,0.8709716796875,2.9416057363106555e-41,0.8709716796875,Unknown,2.434368986022775,2026-02-21T18:01:49.365571,
34.04005183390212,-118.04892231151322,1.999755859375,2.9416057363106555e-41,1.999755859375,Unknown,2.8030877812207105,2026-02-21T18:01:53.046792,
34.009513143008185,-118.05209466460124,3.3737477800803404e-31,2.9416057363106555e-41,3.3737477800803404e-31,Unknown,3.24737993198032,2026-02-21T18:01:59.760150,
34.01958131975152,-118.05033088604644,3.0943130002736297e-15,2.9416057363106555e-41,3.0943130002736297e-15,Unknown,3.463119120900448,2026-02-21T18:02:04.257820,
34.00042171220164,-118.05348442454506,9.019035651474658e-36,2.1495918442742694e-42,9.0190378038691e-36,Unknown,1.3953613546030046,2026-02-21T18:02:07.700677,
34.008450387063824,-118.05255854499478,2.56602288573049e-06,1.593276353937317e-42,2.56602288573049e-06,Unknown,1.1823387807728665,2026-02-21T18:02:12.836769,
34.040411754465964,-118.0477478825514,1.999755859375,2.9416057363106555e-41,1.999755859375,Unknown,3.0928733727690694,2026-02-21T18:02:16.521922,
34.02447885837694,-118.04957219353824,2.985822902806931e-17,5.386591296864597e-42,2.985822902806931e-17,Unknown,0.7052245848807588,2026-02-21T18:02:19.989019,
34.018262727734694,-118.01654191583128,4.005754032196465e-38,1.478369879862682e-42,4.005902009314297e-38,Unknown,0.657948299335594,2026-02-21T18:02:27.579670,
34.00933086641146,-118.01653617459434,0.0093245357275009,6.810310536618613e-43,0.0093245357275009,Unknown,0.4717311432506927,2026-02-21T18:02:30.988780,
34.09267061430973,-117.97301405290978,2.0079687741982032e-38,2.9416057363106555e-41,2.010910379934513e-38,Unknown,2.8755468769724533,2026-02-21T18:02:34.748884,
34.081425172636365,-117.93560443851284,4.68350691562591e-10,1.7404126926914228e-42,4.68350691562591e-10,Unknown,0.8793475583353814,2026-02-21T18:02:38.326609,
34.0872451349623,-117.93729997575726,2.9030148443009816e-17,2.925911193510218e-42,2.9030148443009816e-17,Unknown,0.2863105415398144,2026-02-21T18:02:42.305302,
34.08799282573217,-117.93738601317222,0.0128719359636306,3.001581310583758e-42,0.0128719359636306,Unknown,1.1837099404681195,2026-02-21T18:02:45.886699,
34.08136787985461,-117.93646435676852,9.018677636532604e-36,4.432307042659397e-42,9.018681941321487e-36,Unknown,1.865893278662896,2026-02-21T18:02:49.517390,
34.097960404569626,-117.97117103591744,3.3737477800803404e-31,2.9416057363106555e-41,3.3737477800803404e-31,Unknown,2.6991034350595142,2026-02-21T18:02:53.598593,
34.093842057999126,-117.97167683385362,2.211019345153452e-26,2.9416057363106555e-41,2.211019345153452e-26,Unknown,2.823825318222976,2026-02-21T18:02:57.139054,
34.18364584061044,-118.03097882958356,2.0079687741982032e-38,2.9416057363106555e-41,2.010910379934513e-38,Unknown,3.5647725414554103,2026-02-21T18:03:00.478432,
34.15628175810314,-118.03493821437604,7.324192250954265e-15,1.5848685631513678e-42,7.324192250954265e-15,Unknown,1.0257992648294252,2026-02-21T18:03:03.845932,
34.150231490151256,-118.0346778667802,2.614612579345703,3.754078585926185e-42,2.614612579345703,Unknown,0.2429736621031582,2026-02-21T18:03:07.422328,
34.12174665409287,-118.00311404375051,2.0079687741982032e-38,2.9416057363106555e-41,2.010910379934513e-38,Unknown,3.5382783025119164,2026-02-21T18:03:10.920718,
34.0553411165401,-118.19173588904924,1.934789222131417e-30,2.9416057363106555e-41,1.934789222131417e-30,Unknown,1.2434773333107978,2026-02-21T18:03:14.681279,
34.108453076584134,-118.260961843195,2.0079687741982032e-38,2.9416057363106555e-41,2.010910379934513e-38,Unknown,2.593729942022484,2026-02-21T18:03:18.293473,
34.10251681742537,-118.26562562831135,0.0093938112258911,1.2191296639625909e-43,0.0093938112258911,Unknown,1.9501072568497235,2026-02-21T18:03:21.735919,
34.10360124287195,-118.26642032962138,2.0079687741982032e-38,2.9416057363106555e-41,2.010910379934513e-38,Unknown,1.1433966197085477,2026-02-21T18:03:25.114652,
34.1015289283435,-118.29643163743924,4.6830912527720034e-30,2.9416057363106555e-41,4.6830912527720034e-30,Unknown,2.151739599868882,2026-02-21T18:03:28.533418,
34.10362975748261,-118.26641703512044,2.0079687741982032e-38,2.9416057363106555e-41,2.010910379934513e-38,Unknown,0.9232151998073588,2026-02-21T18:03:31.895869,
34.16179658002281,-118.39428098641076,4.015367500181119e-38,2.8306228979361305e-42,4.0156505624709126e-38,Unknown,2.194207296240464,2026-02-21T18:03:52.419833,
34.148329285114315,-118.39271660165478,3.108667442575097e-05,1.363463405788047e-42,3.108667442575097e-05,Unknown,2.406596217568566,2026-02-21T18:04:10.922425,
34.06057479220894,-118.01070173770646,2.0079687741982032e-38,2.9416057363106555e-41,2.010910379934513e-38,Unknown,3.7039947390941954,2026-02-21T18:04:21.937775,
34.041257861760144,-117.97809360435949,1.3476405860198613e-19,4.088988918899816e-42,1.3476405860198613e-19,Unknown,0.0387513394804267,2026-02-21T18:04:25.581258,
34.046086510911934,-117.97843268618772,2.8270359889322715e-17,1.946403566947171e-42,2.8270359889322715e-17,Unknown,0.6271180462483309,2026-02-21T18:04:29.216239,
34.01472618969974,-118.20331891101964,1.934789222131417e-30,2.9416057363106555e-41,1.934789222131417e-30,Unknown,3.536733129745389,2026-02-21T18:04:32.772549,
34.03530732857362,-118.23342541869238,0.0884096622467041,2.0332840717353096e-42,0.0884096622467041,Unknown,0.7651952226646253,2026-02-21T18:04:36.358617,
34.021855386555046,-118.23636897233084,3.139319596812129e-05,8.001414231294705e-43,3.139319596812129e-05,Unknown,1.05720766079317,2026-02-21T18:04:40.492293,
33.99039364135942,-118.20039338844256,1.934789222131417e-30,2.9416057363106555e-41,1.934789222131417e-30,Unknown,3.458624554314466,2026-02-21T18:04:43.973301,
33.98260117755953,-118.2003604162755,2.211019345153452e-26,2.9416057363106555e-41,2.211019345153452e-26,Unknown,3.365087711020887,2026-02-21T18:04:47.361871,
33.996953291392174,-118.18587514387568,2.0079687741982032e-38,2.9416057363106555e-41,2.010910379934513e-38,Unknown,2.3428565283017178,2026-02-21T18:04:50.842004,
33.99297252734675,-118.184466530003,1.0993208122562342e-29,2.9416057363106555e-41,1.0993208122562342e-29,Unknown,1.0191289658863945,2026-02-21T18:04:54.655493,
33.99270244972012,-118.18443494469705,3.608220121159765e-29,2.4102333586386854e-43,3.608220121159765e-29,Unknown,0.9526953734323144,2026-02-21T18:04:58.146794,
34.08180788148246,-118.12643784145848,2.0079687741982032e-38,2.9416057363106555e-41,2.010910379934513e-38,Unknown,2.69926166827014,2026-02-21T18:05:01.724278,
34.159529951817106,-118.39401490162972,3.11465661408431e-17,3.44719422223905e-43,3.11465661408431e-17,Unknown,3.4152726082089995,2026-02-21T18:05:08.153502,
34.18697982999558,-118.3999486849182,1.877378513899277e-24,1.5134023414708024e-43,1.877378513899277e-24,Unknown,2.389263895839928,2026-02-21T18:05:11.618480,
34.16537917435348,-118.3947031909047,2.0079687741982032e-38,2.9416057363106555e-41,2.010910379934513e-38,Unknown,3.255934572869329,2026-02-21T18:05:14.991416,
34.20037721280836,-118.39866434856717,6.9244919192285425e-34,4.834479701920619e-43,6.9244919192285425e-34,Unknown,1.0181834995781252,2026-02-21T18:05:18.543346,
34.07188859119087,-118.38387000233904,2.0079687741982032e-38,2.9416057363106555e-41,2.010910379934513e-38,Unknown,3.785441928964201,2026-02-21T18:05:25.843571,
34.06281769674113,-118.38282425521383,2.0079687741982032e-38,2.9416057363106555e-41,2.010910379934513e-38,Unknown,3.8097676633543696,2026-02-21T18:05:29.275947,
34.02897208482686,-118.04997854203177,1.0993208122562342e-29,2.9416057363106555e-41,1.0993208122562342e-29,Unknown,3.090159633943772,2026-02-21T18:05:36.013609,
34.024842826357784,-118.05067720546084,2.0079687741982032e-38,2.9416057363106555e-41,2.010910379934513e-38,Unknown,3.5061080881979096,2026-02-21T18:05:39.459407,
34.018466433268195,-118.05111820553802,2.0079687741982032e-38,2.9416057363106555e-41,2.010910379934513e-38,Unknown,3.2797013080004334,2026-02-21T18:05:42.883777,
34.05517192792345,-118.26574318957572,2.0079687741982032e-38,2.9416057363106555e-41,2.010910379934513e-38,Unknown,2.2410085933830626,2026-02-21T18:05:46.528345,
33.99631279005532,-118.23933981556864,3.0557137088672506e-17,8.463842724521895e-43,3.0557137088672506e-17,Unknown,1.160742548567114,2026-02-21T18:05:53.728145,
34.087357287499515,-117.93629268361052,2.211019345153452e-26,2.9416057363106555e-41,2.211019345153452e-26,Unknown,2.931643407955317,2026-02-21T18:06:00.589695,
34.03321577987502,-118.11996048883782,2.0079687741982032e-38,2.9416057363106555e-41,2.010910379934513e-38,Unknown,1.6119545145929322,2026-02-21T18:06:07.597631,
34.05006904188028,-118.13817753594957,3.8953847251832485e-05,1.4055023597177917e-42,3.8953847251832485e-05,Unknown,0.3617395879832712,2026-02-21T18:06:11.198525,
34.001872010307494,-118.15087598575352,5.57709434190201e-10,1.887549031445529e-42,5.57709434190201e-10,Unknown,0.8518922901898224,2026-02-21T18:06:14.626287,
33.9940407462512,-118.13244920195304,2.0079687741982032e-38,2.9416057363106555e-41,2.010910379934513e-38,Unknown,2.709245385744096,2026-02-21T18:06:18.131954,
34.00338777775539,-118.11653392632576,2.0079687741982032e-38,2.9416057363106555e-41,2.010910379934513e-38,Unknown,3.1631831174822658,2026-02-21T18:06:21.953965,
34.032230753358085,-118.15439467542346,4.04164345171473e-34,7.012097515481385e-42,4.04164345171473e-34,Unknown,1.4700145764082144,2026-02-21T18:06:25.351025,
34.01442791168586,-118.13483370030336,2.0079687741982032e-38,2.9416057363106555e-41,2.010910379934513e-38,Unknown,2.9943911183896,2026-02-21T18:06:28.958649,
34.0448564062082,-118.13758405587257,6.9244919192285425e-34,1.2695764086782844e-42,6.9244919192285425e-34,Unknown,0.7753110030596825,2026-02-21T18:06:32.416703,
34.02286971649957,-117.98112347699936,2.742237318296981e-14,2.927312491974543e-42,2.742237318296981e-14,Unknown,0.4273387356927877,2026-02-21T18:06:35.960870,
34.03513056439179,-117.94606498601378,2.0079687741982032e-38,2.9416057363106555e-41,2.010910379934513e-38,Unknown,2.485469268634255,2026-02-21T18:06:39.443677,
34.042935850854334,-117.97789927853307,1.5203759200940965e-36,3.769492869033758e-42,1.5203796867843686e-36,Unknown,1.0572290680986915,2026-02-21T18:06:44.095623,
34.04890451757453,-117.9486473979088,8.485863039123933e-27,2.3639905093159664e-42,8.485863039123933e-27,Unknown,1.0429338389774978,2026-02-21T18:06:47.793300,
34.18697982999558,-118.3999486849182,2.0079687741982032e-38,2.9416057363106555e-41,2.010910379934513e-38,Unknown,2.829642336006596,2026-02-21T18:06:58.002265,
34.16054989679384,-118.4102661998576,2.1854805291876558e-16,2.9416057363106555e-41,2.1854805291876558e-16,Unknown,2.6797963986865927,2026-02-21T18:07:03.539141,
34.00398110372808,-118.18576343590954,1.934789222131417e-30,2.9416057363106555e-41,1.934789222131417e-30,Unknown,0.8898026942679285,2026-02-21T18:07:10.423001,
33.99532477654282,-118.16724064056936,1.3811400345325418e-31,8.702063463457114e-43,1.3811400345325418e-31,Unknown,1.1129764057533955,2026-02-21T18:07:13.821888,
33.98912794679863,-118.16652432252477,1.0903812116612756e-19,1.3438452272874997e-42,1.0903812116612756e-19,Unknown,0.5013254442802751,2026-02-21T18:07:17.457459,
34.11728883486006,-118.25993117234223,1.0015832530023124e-31,1.2429517378561129e-42,1.0015832530023124e-31,Unknown,0.8401706775366903,2026-02-21T18:07:21.655186,
34.12549216711362,-118.2576027815235,7.764386570797141e-31,2.9416057363106555e-41,7.764386570797141e-31,Unknown,1.2700919545118234,2026-02-21T18:07:25.045845,
34.140680788000715,-118.29678889768329,1.1008986731805552e-35,9.80908925027372e-44,1.1008986731805552e-35,Unknown,2.2639222216086226,2026-02-21T18:07:28.605594,
34.14073167942871,-118.29678275122572,2.8707430268550035e-29,8.968310171678831e-44,2.8707430268550035e-29,Unknown,1.900453446476275,2026-02-21T18:07:32.155359,
34.16029406684593,-118.2598286286358,2.0079687741982032e-38,2.9416057363106555e-41,2.010910379934513e-38,Unknown,2.184910880383469,2026-02-21T18:07:35.426282,
34.14825502224978,-118.256348118944,2.0079687741982032e-38,2.9416057363106555e-41,2.010910379934513e-38,Unknown,2.5746977255802195,2026-02-21T18:07:38.930777,
34.140852515853354,-118.2967682285484,2.0079687741982032e-38,2.9416057363106555e-41,2.010910379934513e-38,Unknown,2.266882708386094,2026-02-21T18:07:42.302817,
34.18936486874578,-118.2862721353767,2.0079687741982032e-38,2.9416057363106555e-41,2.010910379934513e-38,Unknown,3.226366723757587,2026-02-21T18:07:45.769222,
34.16711070930634,-118.288866146962,2.0079687741982032e-38,2.9416057363106555e-41,2.010910379934513e-38,Unknown,2.529181220096483,2026-02-21T18:07:49.152954,
34.084784436999854,-117.93588784840313,1.934789222131417e-30,2.9416057363106555e-41,1.934789222131417e-30,Unknown,2.07968608582882,2026-02-21T18:08:09.596355,
34.06942174483556,-117.93420732162748,2.0079687741982032e-38,2.9416057363106555e-41,2.010910379934513e-38,Unknown,2.9719320769455693,2026-02-21T18:08:13.018156,
34.07084566885513,-117.91622137971656,7.104559995863014e-15,2.9416057363106555e-41,7.104559995863014e-15,Unknown,2.871152830564689,2026-02-21T18:08:16.469994,
34.096435866405955,-117.90324108291604,1.0125294563971695e-31,6.403933981964414e-43,1.0125294563971695e-31,Unknown,0.9392245546649994,2026-02-21T18:08:20.106095,
34.099640826739694,-117.90365972874828,1.973717189684976e-07,2.6989008422895977e-42,1.973717189684976e-07,Unknown,0.3663090439204111,2026-02-21T18:08:23.610320,
34.09890700624902,-117.90252296999076,4.090668912983712e-34,2.0290801763423348e-42,4.090668912983712e-34,Unknown,0.4523035835647622,2026-02-21T18:08:27.936977,
34.141181191470125,-118.22249005432198,2.0079687741982032e-38,2.9416057363106555e-41,2.010910379934513e-38,Unknown,2.2716039772214134,2026-02-21T18:08:31.830955,
34.12932447427618,-118.2003718883526,2.4882981959628573e-14,7.174648137343065e-43,2.4882981959628573e-14,Unknown,1.736406893045994,2026-02-21T18:08:35.257520,
34.12945989340124,-118.21667125194422,0.0104512572288513,2.3695957031732657e-42,0.0104512572288513,Unknown,0.4794784481080651,2026-02-21T18:08:38.784667,
34.1577377975955,-118.20456837700064,2.0079687741982032e-38,2.9416057363106555e-41,2.010910379934513e-38,Unknown,2.9065601905555547,2026-02-21T18:08:42.331700,
34.135667901595106,-118.20108380038252,1.1923819728639408e-31,1.8020698251217148e-42,1.1923819728639408e-31,Unknown,1.3232254290328325,2026-02-21T18:08:45.743361,
34.00978332488752,-118.11810548361385,2.60871544309626e-29,5.369775715292699e-42,2.60871544309626e-29,Unknown,0.9564370743527868,2026-02-21T18:08:49.266449,
33.97740606574979,-118.13057430927093,2.0079687741982032e-38,2.9416057363106555e-41,2.010910379934513e-38,Unknown,2.794484349584667,2026-02-21T18:08:52.603706,
33.9845267590028,-118.14886532796592,2.9570597815005433e-16,6.572089797683392e-43,2.9570597815005433e-16,Unknown,0.1260778661621125,2026-02-21T18:08:56.004871,
34.032265988492,-118.2062724568365,2.0079687741982032e-38,2.9416057363106555e-41,2.010910379934513e-38,Unknown,3.554513506279176,2026-02-21T18:09:06.086122,
34.025145838864226,-118.2045543452698,2.0079687741982032e-38,2.9416057363106555e-41,2.010910379934513e-38,Unknown,3.728830818219389,2026-02-21T18:09:09.329504,
34.044269246474684,-118.23376067829084,1.7930235791398508e-19,1.411107553575091e-42,1.7930235791398508e-19,Unknown,0.4041070519370486,2026-02-21T18:09:17.701179,
33.99279257035659,-118.18444531806288,2.0079687741982032e-38,2.9416057363106555e-41,2.010910379934513e-38,Unknown,1.4367962430918828,2026-02-21T18:09:21.218319,
34.00128129386666,-118.15177954740372,0.0094088613986969,5.095121216285035e-42,0.0094088613986969,Unknown,1.2111631968569414,2026-02-21T18:09:24.741877,
34.128179105087646,-117.96794990970378,3.3737477800803404e-31,2.9416057363106555e-41,3.3737477800803404e-31,Unknown,2.748048836396181,2026-02-21T18:09:34.780226,
34.12448888021848,-117.9689683695155,2.211019345153452e-26,2.9416057363106555e-41,2.211019345153452e-26,Unknown,3.07780733546162,2026-02-21T18:09:38.257737,
34.22450706193537,-118.19385258401608,6.9244919192285425e-34,5.423025056937042e-43,6.9244919192285425e-34,Unknown,0.7034373604765438,2026-02-21T18:09:41.734268,
34.22047744382378,-118.21814205924608,2.5301952792635915e-29,6.165713243029195e-44,2.5301952792635915e-29,Unknown,1.178847005435361,2026-02-21T18:09:45.475375,
34.222091669971675,-118.21310049770452,2.0079687741982032e-38,2.9416057363106555e-41,2.010910379934513e-38,Unknown,0.682029647784803,2026-02-21T18:09:49.653100,
34.195375017392095,-118.20802468185543,4.6830912527720034e-30,2.9416057363106555e-41,4.6830912527720034e-30,Unknown,1.5202334766756656,2026-02-21T18:09:53.170458,
34.200892943356166,-118.2086850467053,1.0238819106396708e-31,8.519894663094888e-43,1.0238819106396708e-31,Unknown,0.1949659429352877,2026-02-21T18:09:57.308842,
34.17351718679441,-118.2064431045568,2.0079687741982032e-38,2.9416057363106555e-41,2.010910379934513e-38,Unknown,1.2791801775511509,2026-02-21T18:10:01.031823,
34.17184929484226,-118.20528944026748,2.0079687741982032e-38,2.9416057363106555e-41,2.010910379934513e-38,Unknown,0.900221028194587,2026-02-21T18:10:05.882588,
34.18894265363629,-118.21694674248002,3.3737477800803404e-31,2.9416057363106555e-41,3.3737477800803404e-31,Unknown,0.7909484015166242,2026-02-21T18:10:09.365470,
34.18777234436355,-118.21708395098204,3.9310955548595865e-34,2.6624670822171524e-43,3.9310955548595865e-34,Unknown,0.8496244713825352,2026-02-21T18:10:13.132201,
34.18958547680921,-118.21687296159246,2.7418578475366107e-14,1.1616764269252737e-42,2.7418578475366107e-14,Unknown,1.4998700074109663,2026-02-21T18:10:16.748075,
34.21501526604714,-118.2125424636594,2.0079687741982032e-38,2.9416057363106555e-41,2.010910379934513e-38,Unknown,2.974816746081366,2026-02-21T18:10:20.836341,
34.22719075287851,-118.24718023479907,2.211019345153452e-26,2.9416057363106555e-41,2.211019345153452e-26,Unknown,2.514146565658198,2026-02-21T18:10:24.336781,
34.212220583495395,-118.25378969701612,3.139808541163802e-05,9.472777618835765e-43,3.139808541163802e-05,Unknown,0.1155983633192056,2026-02-21T18:10:27.708068,
34.24369832266363,-118.25015300485704,2.211019345153452e-26,2.9416057363106555e-41,2.211019345153452e-26,Unknown,2.7771809846297906,2026-02-21T18:10:31.877348,
34.22509322412662,-118.25230819318048,3.801663861778592e-17,9.584881495981749e-43,3.801663861778592e-17,Unknown,0.972734460691956,2026-02-21T18:10:35.302610,
34.23518505491322,-118.28582328656988,3.943901096443857e-34,1.3774763904312953e-42,3.943901096443857e-34,Unknown,0.6174697399742969,2026-02-21T18:10:42.907490,
34.2511339030354,-118.28298579334243,2.0079687741982032e-38,2.9416057363106555e-41,2.010910379934513e-38,Unknown,1.4946189082666437,2026-02-21T18:10:46.356502,
34.25120744297203,-118.282977456949,2.0079687741982032e-38,2.9416057363106555e-41,2.010910379934513e-38,Unknown,2.1670705095562623,2026-02-21T18:10:49.615959,
34.26615924678487,-118.38963481557278,3.9884302918209445e-34,5.577167888012772e-43,3.9884302918209445e-34,Unknown,2.5451593657291305,2026-02-21T18:11:09.268443,
34.299916569608726,-118.38655729368868,2.0079687741982032e-38,2.9416057363106555e-41,2.010910379934513e-38,Unknown,3.2665574972275,2026-02-21T18:11:15.890390,
33.99629944566793,-118.20194698434696,1.0232043630685572e-26,7.426881860921529e-43,1.0232043630685572e-26,Unknown,0.4809165408557234,2026-02-21T18:11:19.250463,
34.00464657018717,-118.20294435733192,6.602272738634106e-27,3.17954621555301e-42,6.602272738634106e-27,Unknown,0.4089921247847171,2026-02-21T18:11:22.690536,
34.03314238104069,-118.119951678351,2.0079687741982032e-38,2.9416057363106555e-41,2.010910379934513e-38,Unknown,1.6193265415660738,2026-02-21T18:11:26.524958,
34.04328012495942,-118.12108474874069,1.520362467628839e-36,2.794189137863685e-42,1.520365337488094e-36,Unknown,0.1380869044127361,2026-02-21T18:11:30.171711,
34.03339771303011,-118.1199821065528,2.7529335021972656,1.807675018979014e-43,2.7529335021972656,Unknown,1.2353019291164764,2026-02-21T18:11:33.715241,
34.272889448335526,-118.38878310359031,2.0079687741982032e-38,2.9416057363106555e-41,2.010910379934513e-38,Unknown,2.753743480204105,2026-02-21T18:11:37.318132,
34.251907438403194,-118.39149846652992,1.1907343999818283e-31,1.739011394227098e-42,1.1907343999818283e-31,Unknown,1.1919917506146371,2026-02-21T18:11:40.608368,
34.258916780050754,-118.39057957939583,3.883355790536816e-34,2.0290801763423348e-42,3.883355790536816e-34,Unknown,1.6931305514529988,2026-02-21T18:11:43.812737,
34.29665849040516,-118.38589782088414,2.211019345153452e-26,2.9416057363106555e-41,2.211019345153452e-26,Unknown,3.4990955376976163,2026-02-21T18:12:18.576288,
34.0052536668031,-118.0169850311608,2.5288326838279375e-29,3.431779939131477e-42,2.5288326838279375e-29,Unknown,0.6960655710409234,2026-02-21T18:12:31.760817,
34.03916026986402,-118.01412645987888,2.0079687741982032e-38,2.9416057363106555e-41,2.010910379934513e-38,Unknown,2.966101133330352,2026-02-21T18:12:36.327887,
34.019550585637504,-118.01624895045244,1.980315395699756e-24,5.3809861030072976e-43,1.980315395699756e-24,Unknown,1.0485297228753143,2026-02-21T18:12:42.204198,
34.02447885837694,-118.04957219353824,1.0176433270209868e-31,6.0255833965967134e-43,1.0176433270209868e-31,Unknown,1.178635772649458,2026-02-21T18:12:47.178300,
34.03043847481253,-118.04982058960802,7.598224350049976e-15,1.6367166063313863e-42,7.598224350049976e-15,Unknown,1.2625966879266557,2026-02-21T18:12:52.571354,
34.032917234928064,-118.04975694251964,3.498105797916651e-05,1.6213023232238134e-42,3.498105797916651e-05,Unknown,2.0553965900294977,2026-02-21T18:12:57.084700,
34.036090134642166,-118.1202568559578,3.188702066836413e-07,2.834826793329105e-42,3.188702066836413e-07,Unknown,1.8703883278876363,2026-02-21T18:13:13.055569,
34.03339771303011,-118.1199821065528,1.125781284132792e-31,1.5134023414708024e-43,1.125781284132792e-31,Unknown,1.1249286196799002,2026-02-21T18:13:16.863521,
34.09535431790967,-118.22782423374622,2.211019345153452e-26,2.9416057363106555e-41,2.211019345153452e-26,Unknown,2.113793788007642,2026-02-21T18:13:21.449850,
34.103906746196344,-118.26546069134606,2.211019345153452e-26,2.9416057363106555e-41,2.211019345153452e-26,Unknown,2.2173228777611023,2026-02-21T18:13:25.207883,
34.09498379482717,-118.22786726938364,1.5199432888114147e-36,1.6955711418330289e-43,1.519943468177618e-36,Unknown,0.7506983552681136,2026-02-21T18:13:30.428569,
34.09238091098584,-118.22816810101534,3.3737477800803404e-31,2.9416057363106555e-41,3.3737477800803404e-31,Unknown,0.2751800084588072,2026-02-21T18:13:33.927637,
34.092300888103544,-118.22817725432948,2.211019345153452e-26,2.9416057363106555e-41,2.211019345153452e-26,Unknown,1.1581737602631548,2026-02-21T18:13:37.890803,
34.09525209165249,-118.22783617541572,1.999755859375,2.9416057363106555e-41,1.999755859375,Unknown,2.3863241509617112,2026-02-21T18:13:44.950120,
34.040919453960626,-118.2063690076274,0.37103271484375,2.9416057363106555e-41,0.37103271484375,Unknown,3.24763940490941,2026-02-21T18:13:48.187185,
34.06824373950016,-118.2296018625788,2.0079687741982032e-38,2.9416057363106555e-41,2.010910379934513e-38,Unknown,1.9858961217902031,2026-02-21T18:13:54.859747,
34.044269246474684,-118.23376067829084,3.0263163716416066e-17,1.2625699163566605e-42,3.0263163716416066e-17,Unknown,0.53238661826774,2026-02-21T18:13:59.081406,
34.009015404244394,-118.20346811492172,3.3737477800803404e-31,2.9416057363106555e-41,3.3737477800803404e-31,Unknown,3.532640103624826,2026-02-21T18:14:02.600250,
33.999593758897774,-118.20149609978392,2.211019345153452e-26,2.9416057363106555e-41,2.211019345153452e-26,Unknown,3.663994050587617,2026-02-21T18:14:06.872436,
34.01601938105792,-118.18808924002025,2.3818893432617188,3.0071865044410574e-42,2.3818893432617188,Unknown,2.342554893657648,2026-02-21T18:14:13.718656,
33.9794144863961,-118.1298569169607,4.44552127013819e-34,3.246808541840601e-42,4.44552127013819e-34,Unknown,1.7205770472664434,2026-02-21T18:14:17.227717,
34.13691008203185,-117.90692753234148,2.211019345153452e-26,2.9416057363106555e-41,2.211019345153452e-26,Unknown,2.8021166690841266,2026-02-21T18:14:20.762593,
34.01917343874421,-118.2366777760203,6.539439543464624e-41,7.693128569143246e-43,6.61637082915605e-41,Unknown,2.183797787885052,2026-02-21T18:14:24.269305,
34.039356288162914,-118.23433482153924,2.211019345153452e-26,2.9416057363106555e-41,2.211019345153452e-26,Unknown,2.5968865042545586,2026-02-21T18:14:27.749747,
34.0353615668421,-118.23341918085498,1.934789222131417e-30,2.9416057363106555e-41,1.934789222131417e-30,Unknown,1.3102967969537906,2026-02-21T18:14:31.247858,
34.03530732857362,-118.23342541869238,2.656984062327465e-29,2.1846243058823898e-42,2.656984062327465e-29,Unknown,0.6486556516877988,2026-02-21T18:14:35.376383,
34.10390675056456,-118.2654607001784,1.9705778976243584e-19,5.044674471569341e-44,1.9705778976243584e-19,Unknown,1.8937313111343648,2026-02-21T18:14:39.180634,
34.03530732857362,-118.23342541869238,1.934789222131417e-30,2.9416057363106555e-41,1.934789222131417e-30,Unknown,2.7169035807159654,2026-02-21T18:14:42.582090,
34.02649799064065,-118.20558033057604,3.3737477800803404e-31,2.9416057363106555e-41,3.3737477800803404e-31,Unknown,3.5531482571082247,2026-02-21T18:14:46.119806,
34.058323074519805,-118.23212611335826,2.211019345153452e-26,2.9416057363106555e-41,2.211019345153452e-26,Unknown,2.573017228360101,2026-02-21T18:14:49.611119,
34.02892297460894,-118.23554240617447,1.094556405803137e-19,1.0369608636003646e-42,1.094556405803137e-19,Unknown,0.8989548025565116,2026-02-21T18:14:52.956024,
33.99245690073525,-118.20149840701708,2.211019345153452e-26,2.9416057363106555e-41,2.211019345153452e-26,Unknown,3.652295661684816,2026-02-21T18:14:56.382790,
34.01293766489015,-118.23740388552532,4.276815790276114e-34,8.88423226381934e-43,4.276815790276114e-34,Unknown,1.4956244622590356,2026-02-21T18:14:59.822994,
34.004703750918935,-118.2383553069468,2.211019345153452e-26,2.9416057363106555e-41,2.211019345153452e-26,Unknown,2.3859566293644847,2026-02-21T18:15:03.469914,
33.999820678512066,-118.18620481344226,2.211019345153452e-26,2.9416057363106555e-41,2.211019345153452e-26,Unknown,0.8483575811302103,2026-02-21T18:15:07.064273,
34.00805212033889,-118.15162852704066,2.211019345153452e-26,2.9416057363106555e-41,2.211019345153452e-26,Unknown,2.921735497185288,2026-02-21T18:15:10.511834,
34.0777273342571,-118.04440279622976,2.0079687741982032e-38,2.9416057363106555e-41,2.010910379934513e-38,Unknown,2.876739299609893,2026-02-21T18:15:14.747667,
34.07629987662247,-118.04474402740664,0.8709716796875,2.9416057363106555e-41,0.8709716796875,Unknown,3.004726135405051,2026-02-21T18:15:18.331601,
34.05033419408757,-118.0476116535809,1.024615419114584e-31,1.9576139546617694e-42,1.024615419114584e-31,Unknown,1.9602712759432053,2026-02-21T18:15:21.697862,
34.02985558865167,-118.04988638996386,2.3196171084098302e-31,6.8663624751916375e-44,2.3196171084098302e-31,Unknown,3.474551093061715,2026-02-21T18:15:25.269748,
34.16029406684593,-118.2598286286358,2.0079687741982032e-38,2.9416057363106555e-41,2.010910379934513e-38,Unknown,1.8929606935902443,2026-02-21T18:15:39.504999,
33.97182310294727,-118.19914044921936,2.0079687741982032e-38,2.9416057363106555e-41,2.010910379934513e-38,Unknown,3.537139761052672,2026-02-21T18:15:42.878970,
33.97631384037758,-118.199646680422,3.3737477800803404e-31,2.9416057363106555e-41,3.3737477800803404e-31,Unknown,3.327092608566636,2026-02-21T18:15:46.512528,
34.10390675056456,-118.2654607001784,2.211019345153452e-26,2.9416057363106555e-41,2.211019345153452e-26,Unknown,1.0867635824103987,2026-02-21T18:16:02.991660,
34.10362975748261,-118.26641703512044,2.211019345153452e-26,2.9416057363106555e-41,2.211019345153452e-26,Unknown,1.6932094109866234,2026-02-21T18:16:07.137669,
34.09525209165249,-118.22783617541572,2.211019345153452e-26,2.9416057363106555e-41,2.211019345153452e-26,Unknown,1.4982373006394591,2026-02-21T18:16:10.668862,
34.02153670717252,-118.18780143491448,1.5250606065953746e-36,2.6694735745387765e-42,1.525063297088426e-36,Unknown,2.053215405165794,2026-02-21T18:16:14.122506,
34.032824592554896,-118.23509525206217,3.3737477800803404e-31,2.9416057363106555e-41,3.3737477800803404e-31,Unknown,1.8175961452174807,2026-02-21T18:16:18.547727,
34.04981245789361,-118.23311712000049,2.211019345153452e-26,2.9416057363106555e-41,2.211019345153452e-26,Unknown,2.74053842193966,2026-02-21T18:16:22.808127,
34.11373533629007,-118.03886350585456,2.17354780007728e-13,3.829748702999725e-42,2.17354780007728e-13,Unknown,0.0365473570933114,2026-02-21T18:16:26.320709,
34.12235884298667,-118.03783570397802,1.033434447932193e-31,4.0651668450062943e-42,1.033434447932193e-31,Unknown,0.8901918104017269,2026-02-21T18:16:29.892401,
34.162240890411894,-118.03480505833672,2.211019345153452e-26,2.9416057363106555e-41,2.211019345153452e-26,Unknown,3.116429766343738,2026-02-21T18:16:36.698851,
34.14716149680438,-118.03559387940896,0.0128787010908126,4.187079811402554e-42,0.0128787010908126,Unknown,1.0075098729742873,2026-02-21T18:16:40.141803,
34.01153508168796,-118.18664316086851,2.211019345153452e-26,2.9416057363106555e-41,2.211019345153452e-26,Unknown,3.3026459804717763,2026-02-21T18:16:43.574890,
34.01588784905635,-118.15253471432446,0.8709716796875,2.9416057363106555e-41,0.8709716796875,Unknown,0.7507520110337677,2026-02-21T18:16:46.980316,
34.014309456123826,-118.15328920898078,1.378055003442569e-07,5.0180498007471687e-42,1.378055003442569e-07,Unknown,0.499933665233738,2026-02-21T18:16:50.508212,
34.00548769851926,-118.13377725504849,2.890705290728578e-29,2.613421635965784e-42,2.890705290728578e-29,Unknown,0.6385168216332625,2026-02-21T18:16:54.043191,
33.9992182372546,-118.23900445236671,5.49870735575326e-22,8.071479154510946e-43,5.49870735575326e-22,Unknown,1.7396705490658035,2026-02-21T18:16:57.712189,
34.14508935504196,-118.39234407667372,2.0079687741982032e-38,2.9416057363106555e-41,2.010910379934513e-38,Unknown,3.3936928407228826,2026-02-21T18:17:07.791948,
34.14578418176979,-118.3924278768337,2.211019345153452e-26,2.9416057363106555e-41,2.211019345153452e-26,Unknown,3.0029551906610146,2026-02-21T18:17:11.464842,
34.11464002529866,-118.18109113126496,4.4877026506483795e-31,5.926091205629649e-42,4.4877026506483795e-31,Unknown,0.7676961288400204,2026-02-21T18:17:21.989152,
34.082791140403906,-118.21108871011016,2.0079687741982032e-38,2.9416057363106555e-41,2.010910379934513e-38,Unknown,3.5729640135445937,2026-02-21T18:17:25.425106,
34.095605736739714,-118.1627241998242,2.211019345153452e-26,2.9416057363106555e-41,2.211019345153452e-26,Unknown,3.0953684580316074,2026-02-21T18:17:28.963236,
34.1279442764809,-118.18181738227275,1.1002729003700159e-35,1.3830815842885944e-42,1.1002730438629787e-35,Unknown,0.4509779592511416,2026-02-21T18:17:32.313371,
34.138099876578174,-118.183889419747,3.949461630806994e-40,3.112283889265419e-42,3.980584469699648e-40,Unknown,0.2165212376531879,2026-02-21T18:17:35.748184,
34.06707018017714,-118.2311022602842,2.211019345153452e-26,2.9416057363106555e-41,2.211019345153452e-26,Unknown,2.98052860241903,2026-02-21T18:17:40.337737,
34.15606646088315,-118.28873673971938,2.211019345153452e-26,2.9416057363106555e-41,2.211019345153452e-26,Unknown,2.680540958442401,2026-02-21T18:18:03.761431,
34.14073167942871,-118.29678275122572,2.0079687741982032e-38,2.9416057363106555e-41,2.010910379934513e-38,Unknown,0.9051596363285348,2026-02-21T18:18:07.235609,
34.14415195044115,-118.29149748876026,3.207556437700987e-05,2.53635022042792e-43,3.207556437700987e-05,Unknown,1.532049068882635,2026-02-21T18:18:14.105500,
34.140680788000715,-118.29678889768329,1.6641051081308797e-36,6.305843089461677e-44,1.6641051081308797e-36,Unknown,2.1358553305902417,2026-02-21T18:18:17.625189,
34.117697237370265,-118.25988283315108,1.1101859834773264e-19,1.4671594921480838e-42,1.1101859834773264e-19,Unknown,1.5291746677505909,2026-02-21T18:18:20.994599,
34.10976979207713,-118.2594210510647,2.0079687741982032e-38,2.9416057363106555e-41,2.010910379934513e-38,Unknown,1.0450457145860452,2026-02-21T18:18:24.314368,
34.108579450248854,-118.0400446625234,1.6741292796496055e-09,5.366973118364049e-43,1.6741292796496055e-09,Unknown,0.9902039258714682,2026-02-21T18:18:27.875618,
34.13319606007198,-118.03658407991786,2.0079687741982032e-38,2.9416057363106555e-41,2.010910379934513e-38,Unknown,2.980228926183237,2026-02-21T18:18:31.281344,
34.109118730054924,-118.00600702827518,8.45893083478162e-27,4.153448648258758e-42,8.45893083478162e-27,Unknown,0.7944005813626233,2026-02-21T18:18:34.615047,
34.11345903253419,-118.00409972979622,2.8144999013129083e-16,5.2534679427537386e-42,2.8144999013129083e-16,Unknown,0.8484829586860377,2026-02-21T18:18:38.224333,
34.13481237306566,-118.00210019027676,2.0079687741982032e-38,2.9416057363106555e-41,2.010910379934513e-38,Unknown,3.05924347242132,2026-02-21T18:18:41.509251,
34.10710233947289,-117.97132386879696,7.432388604007848e-27,2.2771100045278277e-42,7.432388604007848e-27,Unknown,0.5362410644976856,2026-02-21T18:18:45.098539,
34.14129323445804,-118.22247711908297,2.0079687741982032e-38,2.9416057363106555e-41,2.010910379934513e-38,Unknown,3.652351992957185,2026-02-21T18:18:48.489937,
34.09621865550907,-118.21267372046796,1.0993208122562342e-29,2.9416057363106555e-41,1.0993208122562342e-29,Unknown,3.4463232703425875,2026-02-21T18:18:51.869681,
34.131521671973346,-117.96812209457823,1.9377193893888042e-07,1.356456913466423e-42,1.9377193893888042e-07,Unknown,0.8880553022892611,2026-02-21T18:18:55.542913,
34.15671719173304,-117.99956516403242,2.211019345153452e-26,2.9416057363106555e-41,2.211019345153452e-26,Unknown,2.848302456815045,2026-02-21T18:18:59.121553,
33.98320878773465,-118.14968341010194,2.0079687741982032e-38,2.9416057363106555e-41,2.010910379934513e-38,Unknown,3.3046471120138308,2026-02-21T18:19:02.588265,
34.00338777775539,-118.11653392632576,1.3295625537325151e-19,6.978466352337589e-43,1.3295625537325151e-19,Unknown,0.9460385521174924,2026-02-21T18:19:05.936655,
34.18624185139341,-118.40001884293056,2.0079687741982032e-38,2.9416057363106555e-41,2.010910379934513e-38,Unknown,2.769946717123383,2026-02-21T18:19:22.163993,
34.14963113070448,-118.39286978668538,2.0079687741982032e-38,2.9416057363106555e-41,2.010910379934513e-38,Unknown,2.6604513631977817,2026-02-21T18:19:25.519339,
34.16029406684593,-118.2598286286358,1.932939994730987e-07,7.146622168056567e-44,1.932939994730987e-07,Unknown,1.8929606935902443,2026-02-21T18:19:29.620998,
34.140680788000715,-118.29678889768329,2.0079687741982032e-38,2.9416057363106555e-41,2.010910379934513e-38,Unknown,1.9174288939271824,2026-02-21T18:19:33.030299,
34.14798831376202,-118.28967034907636,0.0079235583543777,2.9090956119383196e-42,0.0079235583543777,Unknown,1.38676895474646,2026-02-21T18:19:36.437795,
34.140852515853354,-118.2967682285484,3.3737477800803404e-31,2.9416057363106555e-41,3.3737477800803404e-31,Unknown,2.2200470582839875,2026-02-21T18:19:40.035870,
34.10390675056456,-118.2654607001784,7.22447275613991e-15,6.58610278232664e-44,7.22447275613991e-15,Unknown,2.5607495580545567,2026-02-21T18:19:43.685899,
34.1256329362465,-118.25758716706324,2.0079687741982032e-38,2.9416057363106555e-41,2.010910379934513e-38,Unknown,1.3376426640845784,2026-02-21T18:19:47.070784,
34.10976979207713,-118.2594210510647,9.283574300182628e-40,2.1720126197034665e-42,9.30529442637966e-40,Unknown,1.161836451088381,2026-02-21T18:19:50.496436,
34.09570782934299,-117.95409127329454,2.0079687741982032e-38,2.9416057363106555e-41,2.010910379934513e-38,Unknown,3.661782319644568,2026-02-21T18:19:54.053962,
34.09858981964331,-117.91840832767792,2.211019345153452e-26,2.9416057363106555e-41,2.211019345153452e-26,Unknown,3.015070650027616,2026-02-21T18:19:57.609778,
34.20037721280836,-118.39866434856717,8.172722237606123e-27,6.7682715826888665e-43,8.172722237606123e-27,Unknown,1.062745612143606,2026-02-21T18:20:01.064370,
34.1902166486879,-118.39757075680993,4.68301841749507e-10,1.991245117805565e-42,4.68301841749507e-10,Unknown,1.5588394516416315,2026-02-21T18:20:04.542273,
34.18375548096811,-118.3968250948633,7.992535127655798e-15,1.7712412589065688e-42,7.992535127655798e-15,Unknown,2.139904921047412,2026-02-21T18:20:07.945270,
34.153242844113045,-118.39328950451376,2.0079687741982032e-38,2.9416057363106555e-41,2.010910379934513e-38,Unknown,3.8382329179127854,2026-02-21T18:20:11.168585,
34.050805465633154,-118.01278049184153,2.0079687741982032e-38,2.9416057363106555e-41,2.010910379934513e-38,Unknown,3.155223724850189,2026-02-21T18:20:17.778362,
34.16029406684593,-118.2598286286358,2.0079687741982032e-38,2.9416057363106555e-41,2.010910379934513e-38,Unknown,0.6766903414049765,2026-02-21T18:20:21.217562,
34.159228364795084,-118.2550721584204,6.560092946922081e-29,5.941505488737224e-43,6.560092946922081e-29,Unknown,0.9960499244381616,2026-02-21T18:20:24.659053,
34.19203160253261,-118.39778001134064,0.0881812572479248,1.9141737022677e-42,0.0881812572479248,Unknown,2.243932008957752,2026-02-21T18:20:44.756173,
34.16914035522414,-118.39605160289132,2.0079687741982032e-38,2.9416057363106555e-41,2.010910379934513e-38,Unknown,3.232884709484949,2026-02-21T18:20:48.295838,
34.22255999796165,-118.39627746641403,2.0079687741982032e-38,2.9416057363106555e-41,2.010910379934513e-38,Unknown,2.3982877932802102,2026-02-21T18:20:51.898230,
34.133091682048004,-118.25809532769354,2.0079687741982032e-38,2.9416057363106555e-41,2.010910379934513e-38,Unknown,3.04688182640805,2026-02-21T18:20:55.454520,
34.11351140319731,-118.21475291324704,2.0079687741982032e-38,2.9416057363106555e-41,2.010910379934513e-38,Unknown,2.863057903890526,2026-02-21T18:20:58.997773,
34.09068928439737,-118.22836510164784,2.0079687741982032e-38,2.9416057363106555e-41,2.010910379934513e-38,Unknown,0.9859744571161276,2026-02-21T18:21:06.701571,
34.08340231317683,-118.2278430395747,2.211019345153452e-26,2.9416057363106555e-41,2.211019345153452e-26,Unknown,1.0626270849196546,2026-02-21T18:21:10.147781,
34.04934404342337,-117.93287968661008,8.45893083478162e-27,3.1515202462665136e-42,8.45893083478162e-27,Unknown,2.1133236676352065,2026-02-21T18:21:14.462111,
34.05649716766276,-117.93371202711243,4.705640321844841e-10,3.0394163691205276e-42,4.705640321844841e-10,Unknown,2.0160741252239296,2026-02-21T18:21:18.273739,
34.05924590627919,-117.97596895436764,4.2774770058484515e-34,4.498168070482664e-43,4.2774770058484515e-34,Unknown,1.2072858745672277,2026-02-21T18:21:21.678808,
34.06738906895794,-117.95080158854717,1.6036595944047816e-36,5.941505488737224e-43,1.603660132503392e-36,Unknown,1.8105179177454789,2026-02-21T18:21:25.156218,
34.063536926940216,-117.97640266315813,2.538669371018896e-29,2.785781347077737e-42,2.538669371018896e-29,Unknown,0.1544600367456614,2026-02-21T18:21:28.884809,
34.06082421372724,-117.97672104858265,9.178909802370903e-15,3.688217558102919e-42,9.178909802370903e-15,Unknown,1.0066867466648528,2026-02-21T18:21:32.758040,
34.078517004049495,-118.04316757887588,1.142762423951196e-19,1.0411647589933392e-42,1.142762423951196e-19,Unknown,0.5291666709610215,2026-02-21T18:21:42.937516,
34.09983421549798,-118.00614245550828,2.0079687741982032e-38,2.9416057363106555e-41,2.010910379934513e-38,Unknown,3.570498386288656,2026-02-21T18:21:46.457739,
34.100667966756355,-118.0056588960522,2.0079687741982032e-38,2.9416057363106555e-41,2.010910379934513e-38,Unknown,3.4012649823721737,2026-02-21T18:21:50.535446,
34.106376381632494,-117.97140918331502,2.0079687741982032e-38,2.9416057363106555e-41,2.010910379934513e-38,Unknown,3.736396460291081,2026-02-21T18:21:54.209517,
34.089243435561094,-118.00705969735364,1.5251614104017043e-36,5.2128302872883195e-42,1.525166612021604e-36,Unknown,1.184047154615281,2026-02-21T18:21:57.804828,
34.11413650365276,-117.96919359217804,7.764386570797141e-31,2.9416057363106555e-41,7.764386570797141e-31,Unknown,2.783349819673151,2026-02-21T18:22:01.219564,
34.100451937227945,-117.97210281783636,0.0881829261779785,7.222292285130107e-42,0.0881829261779785,Unknown,1.0801021549503145,2026-02-21T18:22:06.810519,
34.06148240612339,-118.23175347740916,2.0079687741982032e-38,2.9416057363106555e-41,2.010910379934513e-38,Unknown,2.4134366578510376,2026-02-21T18:22:12.665721,
34.085798359419464,-118.22755868853378,2.0079687741982032e-38,2.9416057363106555e-41,2.010910379934513e-38,Unknown,2.3277134401632265,2026-02-21T18:22:16.578489,
34.13248253658523,-118.21787377231362,2.211019345153452e-26,2.9416057363106555e-41,2.211019345153452e-26,Unknown,3.455573480142589,2026-02-21T18:22:20.967217,
34.06824373950016,-118.2296018625788,2.0079687741982032e-38,2.9416057363106555e-41,2.010910379934513e-38,Unknown,3.160788359573525,2026-02-21T18:22:24.409048,
34.142594463270505,-118.39298063133867,2.0079687741982032e-38,2.9416057363106555e-41,2.010910379934513e-38,Unknown,3.800161827187399,2026-02-21T18:22:34.389942,
34.110716459353,-118.38930633567092,2.0079687741982032e-38,2.9416057363106555e-41,2.010910379934513e-38,Unknown,2.705099229367,2026-02-21T18:22:51.382080,
34.1232254370108,-118.19963685640644,4.6830912527720034e-30,2.9416057363106555e-41,4.6830912527720034e-30,Unknown,2.478004488879182,2026-02-21T18:22:55.697488,
34.12297167824634,-118.16496379202398,0.0089751332998275,1.0159413866354925e-42,0.0089751332998275,Unknown,1.4130241816510845,2026-02-21T18:22:59.346687,
34.119517045770294,-118.14613970214538,6.571889267831453e-27,2.5797904728219882e-42,6.571889267831453e-27,Unknown,0.0917998006769254,2026-02-21T18:23:03.008389,
34.11226179337601,-118.14612925362316,9.97767128141803e-32,3.5046474592763675e-42,9.97767128141803e-32,Unknown,0.2148765951559256,2026-02-21T18:23:06.431016,
34.10357930719538,-118.1626744095752,1.5588725708722313e-36,6.331066461819524e-42,1.5588788486893514e-36,Unknown,1.4616808478554184,2026-02-21T18:23:10.127432,
34.0740743737889,-118.159249177711,2.211019345153452e-26,2.9416057363106555e-41,2.211019345153452e-26,Unknown,2.852156465895052,2026-02-21T18:23:13.673063,
34.06853749072499,-118.15859026448372,2.0079687741982032e-38,2.9416057363106555e-41,2.010910379934513e-38,Unknown,2.7538652659935696,2026-02-21T18:23:16.970874,
34.11441536192028,-117.8862296509773,4.893492259525741e-22,6.6841936748293774e-43,4.893492259525741e-22,Unknown,0.3106950424828375,2026-02-21T18:23:21.005172,
34.115125537295306,-117.88631205550712,4.282068780656351e-34,5.7257055252312026e-42,4.282068780656351e-34,Unknown,1.2179563769043948,2026-02-21T18:23:24.405702,
34.114519128243245,-117.90538168483236,7.357311232543767e-27,3.2215851694827544e-42,7.357311232543767e-27,Unknown,0.3786895208712346,2026-02-21T18:23:27.918579,
34.11326512464229,-117.939211028364,3.96422980187339e-34,3.001581310583758e-42,3.96422980187339e-34,Unknown,0.5167391833685501,2026-02-21T18:23:31.576747,
34.08587039421205,-117.93601713560236,0.0615158081054687,2.9416057363106555e-41,0.0615158081054687,Unknown,2.693873522015276,2026-02-21T18:23:35.110194,
34.091084505882954,-117.90262554796897,2.0079687741982032e-38,2.9416057363106555e-41,2.010910379934513e-38,Unknown,3.008617260164334,2026-02-21T18:23:39.311406,
34.10697546473024,-117.90450968009866,3.545184154063463e-05,1.7123867234049265e-42,3.545184154063463e-05,Unknown,0.4343554236077329,2026-02-21T18:23:42.628780,
34.12188251210229,-117.90622884292038,2.8417192625930884e-29,3.0436202645135027e-42,2.8417192625930884e-29,Unknown,0.1397203888432851,2026-02-21T18:23:45.888107,
34.10522870022329,-117.91918031050398,7.764386570797141e-31,2.9416057363106555e-41,7.764386570797141e-31,Unknown,2.6696122801199067,2026-02-21T18:23:49.251521,
34.141551635903454,-118.391937341688,4.32652618869313e-22,2.453673611032755e-42,4.32652618869313e-22,Unknown,2.0799069526230465,2026-02-21T18:23:55.937243,
34.11267379278108,-118.38861358118486,0.37103271484375,2.9416057363106555e-41,0.37103271484375,Unknown,3.0365230847739806,2026-02-21T18:23:59.341674,
34.11001804182247,-118.38923106924324,1.999755859375,2.9416057363106555e-41,1.999755859375,Unknown,2.4227912005232364,2026-02-21T18:24:02.728618,
34.06309840738866,-118.209871633725,1.0993208122562342e-29,2.9416057363106555e-41,1.0993208122562342e-29,Unknown,2.661189908129713,2026-02-21T18:24:06.515079,
34.07362266652818,-118.21105539784752,9.119105470745128e-08,7.062544260197078e-43,9.119105470745128e-08,Unknown,0.2982904146029673,2026-02-21T18:24:09.967644,
34.062832766643126,-118.19353955487216,1.885655242516856e-24,3.4205695514168785e-42,1.885655242516856e-24,Unknown,1.8220357736152912,2026-02-21T18:24:13.436755,
34.054128112821246,-118.207859193256,1.0393270445663294e-14,1.5105997445421528e-42,1.0393270445663294e-14,Unknown,0.2405454137988456,2026-02-21T18:24:17.021054,
34.0553411165401,-118.19173588904924,9.88210829267358e-32,1.2471556332490872e-43,9.88210829267358e-32,Unknown,0.7832046227498257,2026-02-21T18:24:20.554613,
34.12403252048951,-117.90543198205626,2.211019345153452e-26,2.9416057363106555e-41,2.211019345153452e-26,Unknown,2.744881291148945,2026-02-21T18:24:23.970205,
34.11305517514596,-118.040483299452,7.764386570797141e-31,2.9416057363106555e-41,7.764386570797141e-31,Unknown,3.024859919273894,2026-02-21T18:24:27.394020,
33.99789530918866,-118.20213693752495,5.716103146369278e-10,3.0828566215145976e-42,5.716103146369278e-10,Unknown,2.2785617706602683,2026-02-21T18:24:37.253978,
34.021416599752655,-118.23642101968014,2.0079687741982032e-38,2.9416057363106555e-41,2.010910379934513e-38,Unknown,2.7424495470092576,2026-02-21T18:24:40.790147,
34.00373032924314,-118.18573416947248,2.439408392665928e-40,1.9898438193412402e-43,2.441398236485269e-40,Unknown,2.392829409953439,2026-02-21T18:24:44.192968,
33.99047217323476,-118.18417112312618,7.778525299299397e-34,2.443864521782481e-42,7.778525299299397e-34,Unknown,0.7835477202650908,2026-02-21T18:24:47.614167,
34.03339771303011,-118.1199821065528,1.067032897665136e-31,2.0879347118439774e-43,1.067032897665136e-31,Unknown,0.9744985766741008,2026-02-21T18:25:30.502778,
34.03314238104069,-118.119951678351,4.743156978292973e-10,1.4293244336113134e-43,4.743156978292973e-10,Unknown,1.5444027931681366,2026-02-21T18:25:33.927059,
34.00997634374652,-118.11723541267082,2.211019345153452e-26,2.9416057363106555e-41,2.211019345153452e-26,Unknown,3.575719845699922,2026-02-21T18:25:37.310154,
34.031650375645086,-118.04968416592176,1.5251660739229936e-36,4.6663238862016424e-43,1.525166612021604e-36,Unknown,2.508393314956016,2026-02-21T18:25:44.346101,
34.05597392591533,-118.0469765495575,3.3737477800803404e-31,2.9416057363106555e-41,3.3737477800803404e-31,Unknown,3.070193458134334,2026-02-21T18:25:47.797370,
34.054501283069605,-118.04713661399566,2.0079687741982032e-38,2.9416057363106555e-41,2.010910379934513e-38,Unknown,3.1098468535127552,2026-02-21T18:25:51.773422,
34.025501503035194,-118.04945818305592,2.826701823851729e-29,1.455949104433485e-42,2.826701823851729e-29,Unknown,0.7526651486535977,2026-02-21T18:25:55.330142,
34.01439389771454,-118.05188512614548,5.313358641956251e-10,2.3611879123873168e-42,5.313358641956251e-10,Unknown,0.4184865570798915,2026-02-21T18:25:58.738843,
34.00970210718515,-118.0520750390682,2.752918243408203,1.6255062186167878e-42,2.752918243408203,Unknown,1.138253062345765,2026-02-21T18:26:02.126768,
34.03005901871825,-118.04912276032609,2.211019345153452e-26,2.9416057363106555e-41,2.211019345153452e-26,Unknown,3.4705281940637733,2026-02-21T18:26:05.508064,
34.02205009184431,-118.04984134140815,4.6830912527720034e-30,2.9416057363106555e-41,4.6830912527720034e-30,Unknown,3.5751856894769385,2026-02-21T18:26:08.950017,
33.986856679076,-118.05505254736973,4.129269208728839e-34,1.1490647407463498e-42,4.129269208728839e-34,Unknown,1.7766923987888577,2026-02-21T18:26:12.334924,
34.03339771303011,-118.1199821065528,5.22119236734397e-10,2.017869788627737e-43,5.22119236734397e-10,Unknown,0.9744985766741008,2026-02-21T18:26:16.160189,
34.03314238104069,-118.119951678351,2.211019345153452e-26,2.9416057363106555e-41,2.211019345153452e-26,Unknown,1.7521185110985005,2026-02-21T18:26:19.522689,
34.02447796171873,-118.11980718521232,2.0079687741982032e-38,2.9416057363106555e-41,2.010910379934513e-38,Unknown,3.4091473790055806,2026-02-21T18:26:23.089933,
34.03323476320974,-118.11992610324776,1.934789222131417e-30,2.9416057363106555e-41,1.934789222131417e-30,Unknown,3.553468513515147,2026-02-21T18:26:27.389575,
34.172742107189954,-118.1361283582062,2.0079687741982032e-38,2.9416057363106555e-41,2.010910379934513e-38,Unknown,3.7280237387379,2026-02-21T18:27:38.770584,
34.2021338569319,-118.13949541891814,3.1348958145827055e-05,1.8987594191601268e-42,3.1348958145827055e-05,Unknown,2.0066067815607576,2026-02-21T18:27:42.655645,
34.20789369931136,-118.14017153818531,2.2742919921875,2.026277579413685e-42,2.2742919921875,Unknown,1.305378371259914,2026-02-21T18:27:47.040045,
34.203315565979,-118.1396997896213,2.0079687741982032e-38,2.9416057363106555e-41,2.010910379934513e-38,Unknown,1.200342568522741,2026-02-21T18:27:50.448127,
34.20642898311659,-118.15616292966064,1.0023637812512584e-31,1.1630777253895982e-43,1.0023637812512584e-31,Unknown,1.466595028107576,2026-02-21T18:27:54.669552,
34.19434571919386,-118.1732417592334,4.6830912527720034e-30,2.9416057363106555e-41,4.6830912527720034e-30,Unknown,2.934364322841848,2026-02-21T18:27:58.018801,
34.191584306796955,-118.17291743522216,3.3737477800803404e-31,2.9416057363106555e-41,3.3737477800803404e-31,Unknown,3.0033233112491566,2026-02-21T18:28:01.425858,
34.21581451948191,-118.19192151657434,6.571987875444605e-27,1.1812946054258208e-42,6.571987875444605e-27,Unknown,1.790677121289024,2026-02-21T18:28:04.890663,
34.19873362339353,-118.18992332620168,3.3737477800803404e-31,2.9416057363106555e-41,3.3737477800803404e-31,Unknown,2.4351655586361343,2026-02-21T18:28:08.452413,
34.22390004182327,-118.21128904598515,1.8581618622480933e-24,6.3618950280346695e-43,1.8581618622480933e-24,Unknown,0.9286575362030952,2026-02-21T18:28:12.743252,
34.172107345877585,-118.20531896446502,2.0079687741982032e-38,2.9416057363106555e-41,2.010910379934513e-38,Unknown,1.863015240740752,2026-02-21T18:28:16.513184,
34.17906106293572,-118.20612983689502,1.934789222131417e-30,2.9416057363106555e-41,1.934789222131417e-30,Unknown,0.4341713613077235,2026-02-21T18:28:20.184638,
34.171164608310704,-118.18781986983733,3.6082490101089297e-29,5.7285081221598515e-42,3.6082490101089297e-29,Unknown,0.8996816761846093,2026-02-21T18:28:23.663908,
34.16563967610409,-118.18717265940803,1.8383454480908057e-12,5.871440565520984e-43,1.8383454480908057e-12,Unknown,0.2455037307722489,2026-02-21T18:28:27.106888,
34.1348347747148,-118.16727827250068,2.0079687741982032e-38,2.9416057363106555e-41,2.010910379934513e-38,Unknown,3.118048946982778,2026-02-21T18:28:30.543348,
34.01827187931164,-118.20374883440807,1.0459511117797488e-31,4.4645369073388666e-42,1.0459511117797488e-31,Unknown,0.5535706450956839,2026-02-21T18:28:34.649975,
34.031074717758926,-118.18890314275536,1.008290153570364e-31,2.443864521782481e-42,1.008290153570364e-31,Unknown,0.3293196095012937,2026-02-21T18:28:38.175783,
34.0369120752449,-118.1895663158611,4.848409300554467e-22,3.0268046829416053e-43,4.848409300554467e-22,Unknown,0.5628885907145356,2026-02-21T18:28:41.883560,
34.06907209863917,-118.23086150479288,2.0079687741982032e-38,2.9416057363106555e-41,2.010910379934513e-38,Unknown,3.157071894188345,2026-02-21T18:28:45.432752,
34.0553411165401,-118.19173588904924,1.934789222131417e-30,2.9416057363106555e-41,1.934789222131417e-30,Unknown,2.333813950667445,2026-02-21T18:28:48.947662,
34.06153057974271,-118.2317481589366,4.6830912527720034e-30,2.9416057363106555e-41,4.6830912527720034e-30,Unknown,1.007880812212041,2026-02-21T18:28:52.358065,
34.08684484337509,-118.21253031956071,4.89697384979928e-22,3.583120173278557e-42,4.89697384979928e-22,Unknown,0.1744708246349816,2026-02-21T18:28:55.888445,
34.09913931497451,-118.21301487153802,2.6089080360906984e-29,5.2534679427537386e-42,2.6089080360906984e-29,Unknown,0.8277346448790377,2026-02-21T18:28:59.455916,
34.10034327144963,-118.19697432329583,2.0079687741982032e-38,2.9416057363106555e-41,2.010910379934513e-38,Unknown,1.2427252548822152,2026-02-21T18:29:02.821354,
34.085798359419464,-118.22755868853378,2.8815956115722656,5.324934164434305e-44,2.8815956115722656,Unknown,0.603757785496994,2026-02-21T18:29:06.256648,
34.09535431790967,-118.22782423374622,7.764386570797141e-31,2.9416057363106555e-41,7.764386570797141e-31,Unknown,0.8267826681275074,2026-02-21T18:29:09.708353,
34.093590629222284,-117.97170709834472,2.211019345153452e-26,2.9416057363106555e-41,2.211019345153452e-26,Unknown,2.8542088830612062,2026-02-21T18:29:14.182618,
34.0965834479624,-118.00651648740028,2.211019345153452e-26,2.9416057363106555e-41,2.211019345153452e-26,Unknown,3.5237426730900965,2026-02-21T18:29:17.719466,
34.077790696660024,-117.97471022438094,2.355652043567645e-36,2.972154042832937e-42,2.355655092793103e-36,Unknown,1.2199103381603191,2026-02-21T18:29:21.170332,
34.160230275697685,-118.25983632998958,3.3737477800803404e-31,2.9416057363106555e-41,3.3737477800803404e-31,Unknown,1.8912473146593367,2026-02-21T18:29:24.663492,
34.14819017211954,-118.28964737417574,8.094119643971836e-27,2.155197038131569e-42,8.094119643971836e-27,Unknown,0.9836921042324608,2026-02-21T18:29:28.028372,
34.140680788000715,-118.29678889768329,7.764386570797141e-31,2.9416057363106555e-41,7.764386570797141e-31,Unknown,1.9016323605879613,2026-02-21T18:29:31.468971,
34.140680788000715,-118.29678889768329,1.534837303430347e-38,1.0509738482436128e-43,1.5348478131688292e-38,Unknown,2.222784808747865,2026-02-21T18:29:35.048836,
34.10336992948827,-118.26016186245904,3.3737477800803404e-31,2.9416057363106555e-41,3.3737477800803404e-31,Unknown,2.76187482866402,2026-02-21T18:29:38.551888,
34.12549216711362,-118.2576027815235,1.0993208122562342e-29,2.9416057363106555e-41,1.0993208122562342e-29,Unknown,1.3226831765865998,2026-02-21T18:29:42.633692,
34.10390675056456,-118.2654607001784,7.764386570797141e-31,2.9416057363106555e-41,7.764386570797141e-31,Unknown,1.0867635824103987,2026-02-21T18:29:46.215813,
34.10362975748261,-118.26641703512044,2.211019345153452e-26,2.9416057363106555e-41,2.211019345153452e-26,Unknown,1.8230507265197309,2026-02-21T18:29:49.622884,
34.08549907508218,-118.22759140994172,3.3737477800803404e-31,2.9416057363106555e-41,3.3737477800803404e-31,Unknown,1.5008326586242506,2026-02-21T18:29:52.993194,
34.08569335547569,-118.22757007846896,2.0079687741982032e-38,2.9416057363106555e-41,2.010910379934513e-38,Unknown,1.2628394360590585,2026-02-21T18:29:56.478344,
34.22450706193537,-118.19385258401608,1.752741646317978e-24,1.7838529450854918e-42,1.752741646317978e-24,Unknown,0.7034373604765438,2026-02-21T18:29:59.956781,
34.194960217318645,-118.1733131699753,4.6830912527720034e-30,2.9416057363106555e-41,4.6830912527720034e-30,Unknown,2.779143021557758,2026-02-21T18:30:04.152094,
34.217818621234066,-118.17596364404054,4.005758516351551e-38,1.210721873176642e-42,4.0058795885388685e-38,Unknown,0.7581042510034967,2026-02-21T18:30:07.831840,
34.203493274101184,-118.15581598418548,2.0079687741982032e-38,2.9416057363106555e-41,2.010910379934513e-38,Unknown,1.4508306484860427,2026-02-21T18:30:12.004011,
34.190939155658135,-118.17284426200598,2.0079687741982032e-38,2.9416057363106555e-41,2.010910379934513e-38,Unknown,3.510718723170786,2026-02-21T18:30:15.321562,
34.19145147822343,-118.13826167548356,2.0079687741982032e-38,2.9416057363106555e-41,2.010910379934513e-38,Unknown,2.577170745753512,2026-02-21T18:30:18.623620,
34.203759644976195,-118.15584612505803,2.0079687741982032e-38,2.9416057363106555e-41,2.010910379934513e-38,Unknown,2.5240074090168583,2026-02-21T18:30:22.881126,
34.20480681653165,-118.13981787043863,9.178909802370903e-15,1.846911375980109e-42,9.178909802370903e-15,Unknown,1.6862191869023035,2026-02-21T18:30:26.170742,
34.00778062999614,-118.1871307848239,2.621205098785611e-29,2.0879347118439774e-43,2.621205098785611e-29,Unknown,0.8704047148923467,2026-02-21T18:30:56.836371,
33.99305913432158,-118.18447697021438,7.465292789003719e-34,1.933791880768248e-43,7.465292789003719e-34,Unknown,0.5144765876630856,2026-02-21T18:31:00.554279,
34.04895325924442,-118.1217500550916,2.902792498152328e-17,1.769839960442244e-42,2.902792498152328e-17,Unknown,2.564660295137269,2026-02-21T18:31:51.972314,
34.027195717601785,-118.11923306329707,1.934789222131417e-30,2.9416057363106555e-41,1.934789222131417e-30,Unknown,2.879076422291117,2026-02-21T18:31:55.336581,
34.02372574136413,-118.11972090408791,2.211019345153452e-26,2.9416057363106555e-41,2.211019345153452e-26,Unknown,2.319541516566707,2026-02-21T18:31:59.339923,
34.01293766489015,-118.23740388552532,2.0079687741982032e-38,2.9416057363106555e-41,2.010910379934513e-38,Unknown,2.1190530779525907,2026-02-21T18:32:03.210121,
34.04774398187374,-118.15716548859072,7.426361213653893e-27,1.2583660209636857e-42,7.426361213653893e-27,Unknown,0.4624684068804817,2026-02-21T18:32:06.852480,
34.04847601218643,-118.17357551969909,1.5923795229201491e-40,1.877739942195255e-42,1.6111569223421015e-40,Unknown,0.775432587992856,2026-02-21T18:32:10.323959,
34.056647483847264,-118.01210749167284,2.0079687741982032e-38,2.9416057363106555e-41,2.010910379934513e-38,Unknown,2.531291632197505,2026-02-21T18:32:13.822074,
34.05711484606288,-118.04577131392848,2.6089176657404203e-29,3.236999452590328e-42,2.6089176657404203e-29,Unknown,1.095121538431152,2026-02-21T18:32:17.150480,
34.08652881147827,-118.04355370232862,2.0079687741982032e-38,2.9416057363106555e-41,2.010910379934513e-38,Unknown,3.045042207907227,2026-02-21T18:32:20.592245,
34.07024372468995,-118.04447497813308,1.752773200754187e-24,8.280272625695344e-42,1.752773200754187e-24,Unknown,1.5058356260944303,2026-02-21T18:32:24.864438,
34.10951047690242,-118.2594513063126,2.0079687741982032e-38,2.9416057363106555e-41,2.010910379934513e-38,Unknown,0.8600213165405678,2026-02-21T18:32:28.539568,
34.1342293828228,-118.1825666053366,2.0079687741982032e-38,2.9416057363106555e-41,2.010910379934513e-38,Unknown,2.741618322356369,2026-02-21T18:33:13.375601,
34.17101559080491,-118.20519473773632,1.8592788892898863e-24,1.133650457638777e-42,1.8592788892898863e-24,Unknown,0.6011228634698709,2026-02-21T18:33:16.763339,
34.17731874972822,-118.21830436397158,2.5570534489816055e-07,4.918557609780108e-43,2.5570534489816055e-07,Unknown,0.2496082534732766,2026-02-21T18:33:20.161216,
34.184558781640604,-118.22297712913502,1.8607146161373885e-24,1.2457543347847625e-42,1.8607146161373885e-24,Unknown,0.0379711944512131,2026-02-21T18:33:23.620850,
34.19046464206493,-118.22161433821016,1.008301438316132e-31,5.338947149077553e-43,1.008301438316132e-31,Unknown,0.6466558191881929,2026-02-21T18:33:28.118530,
34.19817814776377,-118.22551676874714,2.752941131591797,3.367320209772536e-42,2.752941131591797,Unknown,0.8049752667517902,2026-02-21T18:33:31.767555,
34.219238706174664,-118.24671879985098,3.3737477800803404e-31,2.9416057363106555e-41,3.3737477800803404e-31,Unknown,1.9891119185065151,2026-02-21T18:33:35.242701,
34.23294145225194,-118.25139575684774,2.0079687741982032e-38,2.9416057363106555e-41,2.010910379934513e-38,Unknown,2.872970612668132,2026-02-21T18:33:38.589835,
34.23872688433901,-118.2844202496185,1.0993208122562342e-29,2.9416057363106555e-41,1.0993208122562342e-29,Unknown,3.0516867953256583,2026-02-21T18:33:42.269753,
34.24481739764646,-118.2451193899821,2.0079687741982032e-38,2.9416057363106555e-41,2.010910379934513e-38,Unknown,2.757980373995469,2026-02-21T18:33:45.628783,
34.23491594983488,-118.2809711007387,1.1170619372361326e-31,1.891752926838503e-43,1.1170619372361326e-31,Unknown,0.7200694250226496,2026-02-21T18:33:49.209355,
34.2422132798805,-118.2801170495545,7.764386570797141e-31,2.9416057363106555e-41,7.764386570797141e-31,Unknown,0.9901408173127716,2026-02-21T18:33:52.674897,
34.2511339030354,-118.28298579334243,2.0079687741982032e-38,2.9416057363106555e-41,2.010910379934513e-38,Unknown,1.7452194858325056,2026-02-21T18:33:56.038226,
34.24331306710056,-118.2848757673688,3.544118953868747e-05,9.612907465268245e-43,3.544118953868747e-05,Unknown,2.283993244002172,2026-02-21T18:33:59.437029,
34.29532621334134,-118.38606455231104,2.0079687741982032e-38,2.9416057363106555e-41,2.010910379934513e-38,Unknown,3.2677637537125888,2026-02-21T18:34:22.656201,
34.274955793830856,-118.38852670694251,6.602297390537394e-27,2.400424269388413e-42,6.602297390537394e-27,Unknown,1.2707479037197238,2026-02-21T18:34:26.167397,
34.104874751973654,-117.97158899555366,2.6488855269113164e-29,6.210554793887589e-42,2.6488855269113164e-29,Unknown,0.801327872651335,2026-02-21T18:34:29.795231,
34.09789804646421,-117.9724052898561,0.0093757808208465,4.038542174184123e-42,0.0093757808208465,Unknown,1.2528145223793858,2026-02-21T18:34:33.882644,
34.09359073527807,-118.00686211328738,2.286235809326172,8.266259641052096e-42,2.286235809326172,Unknown,1.4117717170136184,2026-02-21T18:34:37.378016,
34.08636563378338,-118.00770291686332,2.6002943144144265e-29,1.4755672829340324e-42,2.6002943144144265e-29,Unknown,1.013337748810103,2026-02-21T18:34:40.873013,
34.09423238416069,-117.97189078785662,2.0079687741982032e-38,2.9416057363106555e-41,2.010910379934513e-38,Unknown,3.0968302564482206,2026-02-21T18:34:44.490753,
34.095311885237486,-118.00666655421936,2.0079687741982032e-38,2.9416057363106555e-41,2.010910379934513e-38,Unknown,2.90576163124058,2026-02-21T18:34:47.906722,
34.088568163948295,-118.00745019741268,2.0079687741982032e-38,2.9416057363106555e-41,2.010910379934513e-38,Unknown,3.003548996709607,2026-02-21T18:34:51.502246,
34.03788731847612,-118.01420744236786,5.81635184460083e-10,3.814334419892152e-42,5.81635184460083e-10,Unknown,1.1995014087607712,2026-02-21T18:34:55.139128,
34.03599004247084,-118.0492119267727,1.21136258010175e-19,3.056231950692426e-42,1.21136258010175e-19,Unknown,1.342425727124137,2026-02-21T18:35:02.596124,
34.01514368957534,-118.11789825718635,2.0079687741982032e-38,2.9416057363106555e-41,2.010910379934513e-38,Unknown,3.322494882554225,2026-02-21T18:35:12.913198,
34.036966207722635,-118.12036039024038,1.859300907680605e-12,2.0290801763423348e-42,1.859300907680605e-12,Unknown,1.7545866888914785,2026-02-21T18:35:16.331279,
34.03428660529504,-118.12005598722064,4.715737269962135e-31,2.1201645765234482e-42,4.715737269962135e-31,Unknown,1.0146241992745737,2026-02-21T18:35:19.880726,
33.98866797134142,-118.1664719998051,2.0079687741982032e-38,2.9416057363106555e-41,2.010910379934513e-38,Unknown,2.4990640270193705,2026-02-21T18:35:23.463226,
33.98580090939835,-118.18363794311624,1.990678455410233e-12,2.1509931427385945e-42,1.990678455410233e-12,Unknown,0.6533550842027741,2026-02-21T18:35:27.114820,
33.98602305445493,-118.15001102340202,1.0024408936806723e-31,3.5522916070634106e-42,1.0024408936806723e-31,Unknown,0.6614540354922166,2026-02-21T18:35:30.836511,
33.9959518460558,-118.15018938215096,1.226102938617445e-19,4.40708367030155e-42,1.226102938617445e-19,Unknown,0.4933017952959975,2026-02-21T18:35:51.319605,
33.977350296070604,-118.148031934437,2.0079687741982032e-38,2.9416057363106555e-41,2.010910379934513e-38,Unknown,3.005158681888892,2026-02-21T18:35:54.899007,
34.017397120234335,-118.15271027567276,1.9944423167904544e-24,5.74532370373175e-43,1.9944423167904544e-24,Unknown,1.5959407584158558,2026-02-21T18:35:58.451891,
33.99962535415616,-118.1169340651835,2.0079687741982032e-38,2.9416057363106555e-41,2.010910379934513e-38,Unknown,3.0021089535688894,2026-02-21T18:36:02.004160,
34.03321577987502,-118.11996048883782,2.0079687741982032e-38,2.9416057363106555e-41,2.010910379934513e-38,Unknown,0.6683665524552859,2026-02-21T18:36:05.469464,
33.99618752910206,-118.18484818464192,3.3737477800803404e-31,2.9416057363106555e-41,3.3737477800803404e-31,Unknown,2.3838969033162027,2026-02-21T18:36:08.942977,
34.16540637837896,-118.28905979836463,6.9244919192285425e-34,3.377129299022809e-43,6.9244919192285425e-34,Unknown,0.6500314055393704,2026-02-21T18:36:12.392142,
34.09475102916559,-117.95301468923024,2.211019345153452e-26,2.9416057363106555e-41,2.211019345153452e-26,Unknown,2.5409123788815924,2026-02-21T18:36:15.888438,
34.09250908387483,-117.95372428296398,8.270195863207493e-27,4.638297916915145e-43,8.270195863207493e-27,Unknown,0.482982578201328,2026-02-21T18:36:19.653969,
34.096247133303656,-117.93834462817546,1.850490978805724e-24,3.004383907512408e-42,1.850490978805724e-24,Unknown,0.4407501428445469,2026-02-21T18:36:23.234109,
34.17067763674447,-118.39530584746188,2.8733959953533975e-29,1.661939978689233e-42,2.8733959953533975e-29,Unknown,1.8910490929536128,2026-02-21T18:36:34.796031,
34.16621775909266,-118.41091774318714,0.0874862670898437,7.567011707354012e-44,0.0874862670898437,Unknown,2.4992789313211685,2026-02-21T18:36:38.643927,
34.216410309262365,-118.39606265443352,2.0079687741982032e-38,2.9416057363106555e-41,2.010910379934513e-38,Unknown,1.6948538014036187,2026-02-21T18:36:43.261873,
34.03339771303011,-118.1199821065528,1.934789222131417e-30,2.9416057363106555e-41,1.934789222131417e-30,Unknown,0.9744985766741008,2026-02-21T18:36:51.875887,
34.022964906834055,-118.11963014840408,7.764386570797141e-31,2.9416057363106555e-41,7.764386570797141e-31,Unknown,2.6912854122805894,2026-02-21T18:36:55.196084,
34.03321577987502,-118.11996048883782,3.3737477800803404e-31,2.9416057363106555e-41,3.3737477800803404e-31,Unknown,2.699033523852582,2026-02-21T18:36:59.682513,
34.05255157321189,-118.1230523135506,3.3737477800803404e-31,2.9416057363106555e-41,3.3737477800803404e-31,Unknown,2.276383658066361,2026-02-21T18:37:03.571203,
34.08129668426167,-118.12556591580284,2.0079687741982032e-38,2.9416057363106555e-41,2.010910379934513e-38,Unknown,2.913661623528693,2026-02-21T18:37:06.994597,
34.07140838291299,-118.12441340047452,4.6830912527720034e-30,2.9416057363106555e-41,4.6830912527720034e-30,Unknown,2.329655995796525,2026-02-21T18:37:10.416938,
34.08103338704514,-118.12546344685228,4.942977693436872e-22,2.1327762627023722e-42,4.942977693436872e-22,Unknown,2.383234106332072,2026-02-21T18:37:13.998897,
34.08885327338143,-118.12636887427033,1.2120305960368055e-31,2.26029442295593e-42,1.2120305960368055e-31,Unknown,2.4696439424620604,2026-02-21T18:37:17.417171,
34.20051499021773,-118.21953602246847,4.6830912527720034e-30,2.9416057363106555e-41,4.6830912527720034e-30,Unknown,0.9773888880663882,2026-02-21T18:37:21.675012,
34.20153530864976,-118.214111978852,0.0079068392515182,1.7796490496925177e-43,0.0079068392515182,Unknown,1.215394767652208,2026-02-21T18:37:25.217857,
34.21030228430647,-118.20977483917429,8.45895548668491e-27,2.366793106244616e-42,8.45895548668491e-27,Unknown,0.9030484430439988,2026-02-21T18:37:28.987012,
34.21776763536376,-118.21064251660646,1.089334828186396e-19,2.5321463250349444e-42,1.089334828186396e-19,Unknown,1.0105174948557645,2026-02-21T18:37:32.533905,
34.217605768235124,-118.19306177903616,0.008930429816246,1.7488204834773717e-42,0.008930429816246,Unknown,0.7391263665782575,2026-02-21T18:37:36.332329,
34.19422970745153,-118.19043235662704,4.6830912527720034e-30,2.9416057363106555e-41,4.6830912527720034e-30,Unknown,3.4523801703593464,2026-02-21T18:37:39.833426,
34.20364231429488,-118.15583284250698,2.0079687741982032e-38,2.9416057363106555e-41,2.010910379934513e-38,Unknown,1.4173656506484795,2026-02-21T18:37:43.992167,
34.21226659551105,-118.14067797823768,0.0079300254583358,2.913299507331295e-42,0.0079300254583358,Unknown,0.7060011055649172,2026-02-21T18:37:47.474788,
34.20313673110275,-118.13967733038776,2.0079687741982032e-38,2.9416057363106555e-41,2.010910379934513e-38,Unknown,1.279642806750844,2026-02-21T18:37:50.758469,
34.182789820670386,-118.13725437534416,2.0079687741982032e-38,2.9416057363106555e-41,2.010910379934513e-38,Unknown,2.9751579142667417,2026-02-21T18:37:54.105881,
34.20313673110275,-118.13967733038776,1.9981377663569333e-12,2.270103512206204e-43,1.9981377663569333e-12,Unknown,2.45641839399212,2026-02-21T18:37:57.452151,
34.10919611218736,-118.25948806022096,1.7862871674515965e-24,9.710998357770982e-43,1.7862871674515965e-24,Unknown,1.3263001761654163,2026-02-21T18:38:30.589483,
34.10691944044121,-118.21480789528744,3.3737477800803404e-31,2.9416057363106555e-41,3.3737477800803404e-31,Unknown,2.5800148358836834,2026-02-21T18:38:34.011285,
34.06824373950016,-118.2296018625788,4.6830912527720034e-30,2.9416057363106555e-41,4.6830912527720034e-30,Unknown,0.7290326756319846,2026-02-21T18:38:41.037266,
34.0353615668421,-118.23341918085498,2.5705627708979485e-29,5.044674471569341e-44,2.5705627708979485e-29,Unknown,0.5573192743276068,2026-02-21T18:38:44.603057,
34.00183919759834,-118.20260563872912,4.6830912527720034e-30,2.9416057363106555e-41,4.6830912527720034e-30,Unknown,3.454304188004689,2026-02-21T18:38:47.973652,
34.01930425125951,-118.23666183267414,0.0088050216436386,9.108440018111313e-43,0.0088050216436386,Unknown,1.162626639788406,2026-02-21T18:38:51.744519,
34.01287281493302,-118.20393143317108,4.566440878076186e-22,7.81924543093248e-43,4.566440878076186e-22,Unknown,1.5129625060849294,2026-02-21T18:38:55.200642,
34.00013393995952,-118.186242089103,7.764386570797141e-31,2.9416057363106555e-41,7.764386570797141e-31,Unknown,2.4848131192732943,2026-02-21T18:38:58.986739,
33.99669606022533,-118.18491009413223,2.0079687741982032e-38,2.9416057363106555e-41,2.010910379934513e-38,Unknown,1.0295774689506696,2026-02-21T18:39:02.442165,
33.99270244972012,-118.18443494469705,1.946217492720948e-12,1.891752926838503e-43,1.946217492720948e-12,Unknown,0.6542953495742952,2026-02-21T18:39:05.928167,
34.086334747646724,-118.12696236839992,1.0993208122562342e-29,2.9416057363106555e-41,1.0993208122562342e-29,Unknown,2.8255680398488274,2026-02-21T18:39:09.385166,
34.18969786777511,-118.28623120324872,2.0079687741982032e-38,2.9416057363106555e-41,2.010910379934513e-38,Unknown,3.288738044188535,2026-02-21T18:39:43.300509,
34.15901206935758,-118.28839670471388,2.0079687741982032e-38,2.9416057363106555e-41,2.010910379934513e-38,Unknown,2.0943561452617696,2026-02-21T18:39:47.058139,
34.16711070930634,-118.288866146962,2.0079687741982032e-38,2.9416057363106555e-41,2.010910379934513e-38,Unknown,2.488999133627092,2026-02-21T18:39:50.520055,
34.00338777775539,-118.11653392632576,2.0079687741982032e-38,2.9416057363106555e-41,2.010910379934513e-38,Unknown,2.511869939994769,2026-02-21T18:39:54.089952,
34.022964906834055,-118.11963014840408,2.6107280398881443e-29,9.137867285862132e-42,2.6107280398881443e-29,Unknown,1.2360822977353116,2026-02-21T18:39:57.441161,
34.00286382712419,-118.13346650064857,2.0079687741982032e-38,2.9416057363106555e-41,2.010910379934513e-38,Unknown,2.804897214470616,2026-02-21T18:40:01.678296,
34.03792823025174,-118.12047218992676,5.054998086784224e-12,2.8698592549372254e-42,5.054998086784224e-12,Unknown,0.8486761670167541,2026-02-21T18:40:05.920647,
34.03314238104069,-118.119951678351,2.0079687741982032e-38,2.9416057363106555e-41,2.010910379934513e-38,Unknown,1.898290416847352,2026-02-21T18:40:09.360259,
34.03314238104069,-118.119951678351,2.0079687741982032e-38,2.9416057363106555e-41,2.010910379934513e-38,Unknown,2.8039781654927896,2026-02-21T18:40:12.751383,
34.07503678478755,-117.97505055620962,2.0079687741982032e-38,2.9416057363106555e-41,2.010910379934513e-38,Unknown,3.0845133669349285,2026-02-21T18:41:03.337539,
34.05452060714581,-117.97749175425405,9.118048183154317e-08,3.3280838527714405e-42,9.118048183154317e-08,Unknown,1.459184143696335,2026-02-21T18:41:06.875231,
34.072986918012305,-118.19472114119904,2.4882981959628573e-14,8.547920632381384e-44,2.4882981959628573e-14,Unknown,2.0440287849168515,2026-02-21T18:41:10.587178,
34.072986918012305,-118.19472114119904,7.764386570797141e-31,2.9416057363106555e-41,7.764386570797141e-31,Unknown,1.192743344989814,2026-02-21T18:41:14.074635,
34.083791200269346,-118.22779772429588,3.3737477800803404e-31,2.9416057363106555e-41,3.3737477800803404e-31,Unknown,2.2949293984267367,2026-02-21T18:41:17.533661,
34.05754638074381,-118.19198901777187,1.934789222131417e-30,2.9416057363106555e-41,1.934789222131417e-30,Unknown,2.715025613105413,2026-02-21T18:41:21.130448,
34.08378662722984,-118.2112073977049,0.0874838829040527,2.896483925759397e-42,0.0874838829040527,Unknown,1.478153773414557,2026-02-21T18:41:24.784210,
34.09060630217609,-118.19582463778453,1.1604082543684837e-19,1.3088127656793793e-42,1.1604082543684837e-19,Unknown,0.4026680932358637,2026-02-21T18:41:28.218596,
34.11435827237899,-118.1810570523959,3.016460418701172,5.4034068784364946e-42,3.016460418701172,Unknown,1.474371816481128,2026-02-21T18:41:31.817627,
34.12696704119895,-118.2000724893648,3.120623296126723e-05,2.642848903716605e-42,3.120623296126723e-05,Unknown,0.5275174302626852,2026-02-21T18:41:35.351568,
34.14304192281773,-118.20289785749524,2.211019345153452e-26,2.9416057363106555e-41,2.211019345153452e-26,Unknown,1.5193504952436565,2026-02-21T18:41:39.038979,
34.169918014265804,-118.25244737011944,2.0079687741982032e-38,2.9416057363106555e-41,2.010910379934513e-38,Unknown,1.8928305502917744,2026-02-21T18:41:42.789124,
34.156130057919384,-118.28872899097992,7.240066780505294e-27,8.127531093083939e-44,7.240066780505294e-27,Unknown,1.1747891918880256,2026-02-21T18:41:46.209557,
34.036090134642166,-118.1202568559578,1.5251644596271627e-36,2.167808724310492e-42,1.525166612021604e-36,Unknown,0.9175101123143083,2026-02-21T18:41:49.740387,
34.02615518663879,-118.13542884380692,1.5487411269232243e-38,3.012791698298357e-42,1.549042406093054e-38,Unknown,0.8731881845420728,2026-02-21T18:41:53.172830,
34.021315566166386,-118.13485261172866,3.139936598017812e-05,1.631111412474087e-42,3.139936598017812e-05,Unknown,0.149583597162476,2026-02-21T18:41:56.546700,
34.00699780974372,-118.1339563133982,4.4388723802163515e-34,7.66510259985675e-43,4.4388723802163515e-34,Unknown,0.4763204608417596,2026-02-21T18:42:00.081230,
33.99856924156827,-118.15049175435196,2.9916515482752244e-17,5.762139285303648e-42,2.9916515482752244e-17,Unknown,0.6449302468269816,2026-02-21T18:42:03.642776,
34.04812991021443,-117.94855347491526,7.205566980757194e-15,2.555968398928467e-42,7.205566980757194e-15,Unknown,0.6630286538472552,2026-02-21T18:42:07.311899,
34.04558697603232,-117.93143734624483,2.0079687741982032e-38,2.9416057363106555e-41,2.010910379934513e-38,Unknown,2.507057237360282,2026-02-21T18:42:10.921007,
34.059015076123,-117.97696303126904,2.0079687741982032e-38,2.9416057363106555e-41,2.010910379934513e-38,Unknown,2.807598974332325,2026-02-21T18:42:14.456212,
34.15878722929141,-118.03425760555668,2.0079687741982032e-38,2.9416057363106555e-41,2.010910379934513e-38,Unknown,2.7272748479183297,2026-02-21T18:42:18.166265,
34.14484311408699,-118.0352741347655,1.99446124945218e-24,3.469614997668247e-42,1.99446124945218e-24,Unknown,1.3473043389688164,2026-02-21T18:42:21.592629,
34.17466914690312,-118.25328024022885,2.0079687741982032e-38,2.9416057363106555e-41,2.010910379934513e-38,Unknown,3.1036107098543817,2026-02-21T18:42:25.015566,
34.16951553582456,-118.2885798242328,2.0079687741982032e-38,2.9416057363106555e-41,2.010910379934513e-38,Unknown,1.721935512481911,2026-02-21T18:42:28.312509,
34.14415195044115,-118.29149748876026,1.9224483116531133e-12,5.184804318001823e-44,1.9224483116531133e-12,Unknown,2.690472951153795,2026-02-21T18:42:35.397590,
34.15839900596034,-118.39387690654756,2.0079687741982032e-38,2.9416057363106555e-41,2.010910379934513e-38,Unknown,3.558297837184852,2026-02-21T18:43:06.239037,
34.21657582945186,-118.39604117703313,2.0079687741982032e-38,2.9416057363106555e-41,2.010910379934513e-38,Unknown,3.207220382410976,2026-02-21T18:43:10.296288,
34.20037721280836,-118.39866434856717,0.0091278403997421,5.759336688374998e-43,0.0091278403997421,Unknown,1.1672205794098722,2026-02-21T18:43:13.775645,
34.202686464531766,-118.39901511669224,3.168848343193531e-05,3.747072093604561e-42,3.168848343193531e-05,Unknown,0.5268995193469408,2026-02-21T18:43:17.295308,
34.17291730486821,-118.18802169343468,2.0079687741982032e-38,2.9416057363106555e-41,2.010910379934513e-38,Unknown,3.3846316647185883,2026-02-21T18:43:20.913827,
34.18832959196363,-118.17349751150452,8.232638688547988e-27,4.4421161319096695e-42,8.232638688547988e-27,Unknown,0.5415416977741171,2026-02-21T18:43:24.436891,
34.18190466206961,-118.18801323897056,1.5245874385507172e-36,2.321951555386222e-42,1.5245897703113615e-36,Unknown,0.2196081339522285,2026-02-21T18:43:33.588332,
34.15172191177555,-118.18552863022408,1.934789222131417e-30,2.9416057363106555e-41,1.934789222131417e-30,Unknown,2.8543564262393906,2026-02-21T18:43:37.283589,
34.05709193011722,-118.15732130170947,2.197796511447043e-40,2.129973665773722e-43,2.199926485112817e-40,Unknown,1.7979256867356948,2026-02-21T18:43:40.853173,
34.00720406937476,-118.16779046577145,2.0079687741982032e-38,2.9416057363106555e-41,2.010910379934513e-38,Unknown,2.994209565903323,2026-02-21T18:43:45.139641,
34.19614377087839,-118.41447459669408,7.993266964122225e-15,2.1720126197034665e-43,7.993266964122225e-15,Unknown,2.4828566887465846,2026-02-21T18:43:56.047725,
34.003864613713375,-118.05308614669352,2.1287055410905224e-31,1.4503439105761857e-42,2.1287055410905224e-31,Unknown,1.2678545457827683,2026-02-21T18:43:59.937556,
34.03003849920643,-118.04986606411305,2.0079687741982032e-38,2.9416057363106555e-41,2.010910379934513e-38,Unknown,3.6788909483521177,2026-02-21T18:44:03.513597,
34.036159103378886,-118.04937579461702,2.0079687741982032e-38,2.9416057363106555e-41,2.010910379934513e-38,Unknown,3.4938660194590767,2026-02-21T18:44:07.108489,
34.0160103783061,-118.05169686740729,4.005817931406438e-38,2.1159606811304738e-43,4.005839231143096e-38,Unknown,2.4672818095690485,2026-02-21T18:44:10.590017,
34.140680788000715,-118.29678889768329,2.0079687741982032e-38,2.9416057363106555e-41,2.010910379934513e-38,Unknown,2.948733256826893,2026-02-21T18:44:22.045830,
34.160230275697685,-118.25983632998958,1.934789222131417e-30,2.9416057363106555e-41,1.934789222131417e-30,Unknown,1.5986199785118256,2026-02-21T18:44:25.930745,
34.16019199938616,-118.25984093559688,1.0446735165293984e-14,4.764414778704378e-44,1.0446735165293984e-14,Unknown,0.7174957678791142,2026-02-21T18:44:29.457087,
34.156466951435874,-118.2553909565963,1.3307640335722482e-19,1.2779841994642333e-42,1.3307640335722482e-19,Unknown,0.8957992081095729,2026-02-21T18:44:32.985994,
34.16696244523875,-118.25418656560034,3.3737477800803404e-31,2.9416057363106555e-41,3.3737477800803404e-31,Unknown,2.250788339247674,2026-02-21T18:44:36.359978,
34.1455374622046,-118.2219897155448,3.3737477800803404e-31,2.9416057363106555e-41,3.3737477800803404e-31,Unknown,0.7372903276256446,2026-02-21T18:44:39.790988,
34.16029406684593,-118.2598286286358,7.764386570797141e-31,2.9416057363106555e-41,7.764386570797141e-31,Unknown,1.6354658032434657,2026-02-21T18:44:44.045371,
34.16029406684593,-118.2598286286358,2.0079687741982032e-38,2.9416057363106555e-41,2.010910379934513e-38,Unknown,1.82718322550498,2026-02-21T18:44:47.464884,
34.15901206935758,-118.28839670471388,2.0079687741982032e-38,2.9416057363106555e-41,2.010910379934513e-38,Unknown,2.742285984228728,2026-02-21T18:44:50.912814,
34.16019199938616,-118.25984093559688,1.5868483176217662e-36,9.10844001811131e-44,1.5868484969879696e-36,Unknown,1.8735606460531624,2026-02-21T18:44:54.432112,
34.13756589004369,-118.25758386374106,5.054838492224434e-12,1.9436009700185213e-42,5.054838492224434e-12,Unknown,0.9995495135589908,2026-02-21T18:44:57.839682,
34.10362975748261,-118.26641703512044,9.787252100670533e-24,8.968310171678831e-44,9.787252100670533e-24,Unknown,2.565631484181253,2026-02-21T18:45:05.981197,
34.10274970291493,-118.2655992117472,1.934789222131417e-30,2.9416057363106555e-41,1.934789222131417e-30,Unknown,1.9402881514427768,2026-02-21T18:45:09.447599,
34.165242410279745,-118.2529936944706,2.0079687741982032e-38,2.9416057363106555e-41,2.010910379934513e-38,Unknown,3.0563985556132525,2026-02-21T18:45:13.171138,
34.16029406684593,-118.2598286286358,7.764386570797141e-31,2.9416057363106555e-41,7.764386570797141e-31,Unknown,3.052005979452417,2026-02-21T18:45:20.044331,
34.21554324648663,-118.25340660716138,2.0079687741982032e-38,2.9416057363106555e-41,2.010910379934513e-38,Unknown,3.416558894743433,2026-02-21T18:45:24.531196,
34.212325996345726,-118.25377716768936,4.915770673443824e-31,2.4102333586386854e-43,4.915770673443824e-31,Unknown,2.20758328913213,2026-02-21T18:45:27.928050,
34.22366023753537,-118.252465705609,1.934789222131417e-30,2.9416057363106555e-41,1.934789222131417e-30,Unknown,2.541754976878496,2026-02-21T18:45:31.392444,
34.22747574867823,-118.24714736285576,2.211019345153452e-26,2.9416057363106555e-41,2.211019345153452e-26,Unknown,2.254482415028058,2026-02-21T18:45:34.822614,
34.234810375092394,-118.28098381806156,7.764386570797141e-31,2.9416057363106555e-41,7.764386570797141e-31,Unknown,2.8378976673215406,2026-02-21T18:45:38.197829,
34.16686816930968,-118.2219569271426,3.3737477800803404e-31,2.9416057363106555e-41,3.3737477800803404e-31,Unknown,2.674675890607968,2026-02-21T18:45:42.596173,
34.17569176427772,-118.25316199248954,2.211019345153452e-26,2.9416057363106555e-41,2.211019345153452e-26,Unknown,1.99154308398404,2026-02-21T18:45:45.991461,
34.165242410279745,-118.2529936944706,1.3202952686697245e-07,2.49290996803385e-42,1.3202952686697245e-07,Unknown,1.2781992484445792,2026-02-21T18:45:50.317762,
34.16511112872618,-118.22457252451568,3.91565249782566e-34,2.886674836509123e-43,3.91565249782566e-34,Unknown,0.8124769599739141,2026-02-21T18:45:54.862205,
34.17886740856069,-118.20610737873832,4.6830912527720034e-30,2.9416057363106555e-41,4.6830912527720034e-30,Unknown,2.146366927526727,2026-02-21T18:45:58.611214,
34.18233115966763,-118.22255565102712,3.3737477800803404e-31,2.9416057363106555e-41,3.3737477800803404e-31,Unknown,0.4267657639000289,2026-02-21T18:46:02.554635,
34.19788023836435,-118.21984668955731,7.764386570797141e-31,2.9416057363106555e-41,7.764386570797141e-31,Unknown,1.3283982362616258,2026-02-21T18:46:05.962011,
34.17414603917035,-118.25195443675086,2.0079687741982032e-38,2.9416057363106555e-41,2.010910379934513e-38,Unknown,2.199229012594341,2026-02-21T18:46:09.322342,
34.16019199938616,-118.25984093559688,2.0079687741982032e-38,2.9416057363106555e-41,2.010910379934513e-38,Unknown,2.453616614511705,2026-02-21T18:46:13.579975,
34.159942190530714,-118.25499277376622,2.0079687741982032e-38,2.9416057363106555e-41,2.010910379934513e-38,Unknown,1.2613491543650095,2026-02-21T18:46:16.999415,
34.157348771227646,-118.39376039323852,2.0079687741982032e-38,2.9416057363106555e-41,2.010910379934513e-38,Unknown,3.5999579458994786,2026-02-21T18:46:23.625722,
34.16169429926957,-118.39518928818154,2.0079687741982032e-38,2.9416057363106555e-41,2.010910379934513e-38,Unknown,3.409417366536638,2026-02-21T18:46:26.937723,
34.19135970982613,-118.3977029617951,3.200536593794823e-05,3.7498746905332105e-42,3.200536593794823e-05,Unknown,1.549006690967763,2026-02-21T18:46:30.321112,
34.197785257628496,-118.39844702283008,5.75110625788966e-10,2.655460589895529e-42,5.75110625788966e-10,Unknown,0.972806495868996,2026-02-21T18:46:33.849863,
34.20556644144455,-118.39935234122558,9.118195976043353e-08,3.9502603709316593e-42,9.118195976043353e-08,Unknown,0.8417385840192722,2026-02-21T18:46:37.239914,
34.22315929640636,-118.39621768130448,2.0079687741982032e-38,2.9416057363106555e-41,2.010910379934513e-38,Unknown,1.1063148794696718,2026-02-21T18:46:40.708615,
34.20086601187876,-118.39880586719904,2.0079687741982032e-38,2.9416057363106555e-41,2.010910379934513e-38,Unknown,2.555979089050938,2026-02-21T18:46:44.248916,
34.204302946722954,-118.39920444658988,2.0079687741982032e-38,2.9416057363106555e-41,2.010910379934513e-38,Unknown,3.084511044330457,2026-02-21T18:46:47.666806,
34.27043537376484,-118.3903129979396,2.0079687741982032e-38,2.9416057363106555e-41,2.010910379934513e-38,Unknown,2.881306011272931,2026-02-21T18:46:51.085110,
34.23878504982889,-118.40320050006908,1.9981377663569333e-12,1.3522530180734485e-42,1.9981377663569333e-12,Unknown,2.8055615602868067,2026-02-21T18:46:54.581019,
34.258916780050754,-118.39057957939583,1.0088468676949135e-31,2.0557048471645066e-42,1.0088468676949135e-31,Unknown,2.005732741534296,2026-02-21T18:46:57.893041,
34.374194700355936,-118.26967024137076,2.0079687741982032e-38,2.9416057363106555e-41,2.010910379934513e-38,Unknown,1.5008375702878074,2026-02-21T18:47:37.544503,
34.39678089782905,-118.26704251215044,2.0079687741982032e-38,2.9416057363106555e-41,2.010910379934513e-38,Unknown,1.6577600397408678,2026-02-21T18:47:46.977557,
34.393461895784235,-118.24835092238922,1.934789222131417e-30,2.9416057363106555e-41,1.934789222131417e-30,Unknown,0.7932929805416976,2026-02-21T18:47:50.613453,
34.38329744481798,-118.22983879553831,2.211019345153452e-26,2.9416057363106555e-41,2.211019345153452e-26,Unknown,1.490468529045183,2026-02-21T18:47:54.120579,
34.39981199396577,-118.23187226846862,3.3737477800803404e-31,2.9416057363106555e-41,3.3737477800803404e-31,Unknown,0.611566674815119,2026-02-21T18:47:57.765115,
34.399112257919626,-118.23207156093277,1.150060224905445e-19,8.253647954873174e-43,1.150060224905445e-19,Unknown,0.6097348535458692,2026-02-21T18:48:01.391281,
34.282927232287726,-118.02031425476838,4.926167685877977e-31,1.0075335958495436e-42,4.926167685877977e-31,Unknown,2.270954757933913,2026-02-21T18:48:58.936006,
34.2771465702027,-118.02141132971728,1.84383614820928e-24,7.35681693770529e-43,1.84383614820928e-24,Unknown,1.7511265244412972,2026-02-21T18:49:02.634201,
34.294954443584054,-118.01814404884908,2.0079687741982032e-38,2.9416057363106555e-41,2.010910379934513e-38,Unknown,3.226732403315012,2026-02-21T18:49:06.099520,
34.28936672139278,-118.01997024613313,2.0079687741982032e-38,2.9416057363106555e-41,2.010910379934513e-38,Unknown,3.1636647318319566,2026-02-21T18:49:09.759448,
34.25488908635095,-118.02358170383523,9.884389277095829e-24,1.1672816207825726e-42,9.884389277095829e-24,Unknown,0.3555748772509137,2026-02-21T18:49:13.286404,
34.2478442873572,-118.02332494212024,8.248107757861306e-27,3.134704664694616e-42,8.248107757861306e-27,Unknown,0.026295326152799,2026-02-21T18:49:16.732871,
34.25481728160184,-118.02404447581831,2.0079687741982032e-38,2.9416057363106555e-41,2.010910379934513e-38,Unknown,1.6671178186113025,2026-02-21T18:49:20.245444,
34.25706160197663,-117.98750019865584,4.6830912527720034e-30,2.9416057363106555e-41,4.6830912527720034e-30,Unknown,3.435143476809984,2026-02-21T18:49:23.783975,
34.228313364802744,-117.9921965035862,1.877378513899277e-24,6.978466352337589e-43,1.877378513899277e-24,Unknown,1.127535435301351,2026-02-21T18:49:27.425671,
34.25129258684484,-117.98814594510269,2.211019345153452e-26,2.9416057363106555e-41,2.211019345153452e-26,Unknown,3.0144324641846216,2026-02-21T18:49:30.901648,
34.220779104461215,-117.99184049285212,1.994454938564938e-24,2.523738534248996e-42,1.994454938564938e-24,Unknown,0.371571537758924,2026-02-21T18:49:34.451883,
34.219697684836646,-117.9526310025524,7.303286586487771e-27,6.838336505905107e-43,7.303286586487771e-27,Unknown,2.456796488798695,2026-02-21T18:49:37.872611,
34.23884455921001,-117.9538194666945,5.291774877708622e-22,4.344025239406933e-44,5.291774877708622e-22,Unknown,2.6788732167102856,2026-02-21T18:49:41.290335,
34.21535221517656,-117.95882016318754,3.1416663771898813e-17,2.466285297211678e-43,3.1416663771898813e-17,Unknown,0.2102996278338063,2026-02-21T18:49:44.976024,
34.21535221517656,-117.95882016318754,2.0079687741982032e-38,2.9416057363106555e-41,2.010910379934513e-38,Unknown,0.8589945577772954,2026-02-21T18:49:48.424965,
34.21575543437187,-117.95877461825694,2.0079687741982032e-38,2.9416057363106555e-41,2.010910379934513e-38,Unknown,1.811347833357212,2026-02-21T18:49:51.941240,
34.19199378973053,-117.94942856680208,1.9981377663569333e-12,2.37940479242354e-42,1.9981377663569333e-12,Unknown,0.539661639815614,2026-02-21T18:49:55.534777,
34.20802947823567,-117.9595935453446,1.934789222131417e-30,2.9416057363106555e-41,1.934789222131417e-30,Unknown,2.789539767487333,2026-02-21T18:49:59.335631,
34.17898247022393,-117.96364872865036,1.934789222131417e-30,2.9416057363106555e-41,1.934789222131417e-30,Unknown,1.3426355445382232,2026-02-21T18:50:02.992404,
34.16803983964276,-117.94666383147536,6.602297390537394e-27,2.648454097573905e-42,6.602297390537394e-27,Unknown,0.0087210171640964,2026-02-21T18:50:06.772037,
34.160056116264485,-117.94473480003956,5.826468196801216e-10,3.360313717450912e-42,5.826468196801216e-10,Unknown,0.0803239142236912,2026-02-21T18:50:10.870833,
34.15085548309507,-117.9595448743674,0.0082171559333801,2.8936813288307466e-42,0.0082171559333801,Unknown,1.477918344532059,2026-02-21T18:50:15.094892,
34.14381873956642,-117.94276359524072,9.018691268364066e-36,2.2813138999208025e-42,9.018693420758509e-36,Unknown,0.0756827410548668,2026-02-21T18:50:18.765285,
34.136930897178125,-117.94306765033971,0.0085898786783218,2.935720282760492e-42,0.0085898786783218,Unknown,0.3201766931036278,2026-02-21T18:50:22.361556,
34.13216742004483,-117.94140376934752,0.0080221146345138,2.7955904363280097e-42,0.0080221146345138,Unknown,1.153634770271921,2026-02-21T18:50:26.277851,
34.14038903653449,-118.0023877949372,4.6830912527720034e-30,2.9416057363106555e-41,4.6830912527720034e-30,Unknown,3.575406645938056,2026-02-21T18:50:30.552524,
34.1313259749268,-117.96759040032516,2.211019345153452e-26,2.9416057363106555e-41,2.211019345153452e-26,Unknown,2.8056166682404267,2026-02-21T18:50:35.000413,
34.28134926245055,-118.02048556975832,2.0079687741982032e-38,2.9416057363106555e-41,2.010910379934513e-38,Unknown,2.5758210251713587,2026-02-21T18:51:23.080267,
34.27805441513512,-118.02131220902388,1.7700517673802096e-07,8.856206294532844e-43,1.7700517673802096e-07,Unknown,2.009602813724571,2026-02-21T18:51:26.590754,
34.29842789444048,-118.0186188377692,2.0079687741982032e-38,2.9416057363106555e-41,2.010910379934513e-38,Unknown,3.374072713388208,2026-02-21T18:51:30.073884,
34.289189496462484,-118.01999161102046,2.0079687741982032e-38,2.9416057363106555e-41,2.010910379934513e-38,Unknown,2.9232408594025303,2026-02-21T18:51:34.359753,
34.25779159423203,-118.02324125037484,2.039073770943034e-12,1.1574725315322989e-42,2.039073770943034e-12,Unknown,0.6155038340568495,2026-02-21T18:51:37.917790,
34.24381684836736,-118.02380309048333,1.008844986903952e-31,2.932917685831842e-42,1.008844986903952e-31,Unknown,0.2579038468306844,2026-02-21T18:51:41.484023,
34.24470567211479,-117.9902949068202,2.0079687741982032e-38,2.9416057363106555e-41,2.010910379934513e-38,Unknown,2.5699395869060315,2026-02-21T18:51:45.046887,
34.25624126227378,-117.98759378114974,2.0079687741982032e-38,2.9416057363106555e-41,2.010910379934513e-38,Unknown,3.3626938416085626,2026-02-21T18:51:49.262205,
34.22604120256304,-117.99227662517885,4.282450816320368e-34,2.3653918077802912e-42,4.282450816320368e-34,Unknown,0.7354848662708584,2026-02-21T18:51:52.789841,
34.19296374797726,-117.96435961133425,2.0079687741982032e-38,2.9416057363106555e-41,2.010910379934513e-38,Unknown,3.2613766681260428,2026-02-21T18:51:56.434507,
34.20629337020212,-117.94999225460458,2.211019345153452e-26,2.9416057363106555e-41,2.211019345153452e-26,Unknown,2.6270445275228385,2026-02-21T18:52:00.701382,
34.216564850869645,-117.96704237635085,7.994046307535786e-22,5.885453550164233e-43,7.994046307535786e-22,Unknown,0.1871063014346879,2026-02-21T18:52:04.400773,
34.20222598550849,-117.96541396877204,1.852742297053424e-18,1.2275374547485399e-42,1.852742297053424e-18,Unknown,0.7268549472113007,2026-02-21T18:52:07.844503,
34.19633855367786,-117.96100577133636,1.378055003442569e-07,1.8497139729087585e-43,1.378055003442569e-07,Unknown,0.4256049769072397,2026-02-21T18:52:11.432311,
34.18728089131147,-117.94888537697176,3.9752500614123496e-34,2.244880139848357e-42,3.9752500614123496e-34,Unknown,0.4968654175802884,2026-02-21T18:52:14.804110,
34.179839705176995,-117.96185617344152,1.0088525100677974e-31,2.715716423861496e-42,1.0088525100677974e-31,Unknown,0.9715592962952404,2026-02-21T18:52:18.241853,
34.150091177539416,-117.94348954686602,1.8866356090624771e-19,1.824490600550912e-42,1.8866356090624771e-19,Unknown,0.5845556493806827,2026-02-21T18:52:21.711516,
34.10748547215175,-117.95448847883708,2.211019345153452e-26,2.9416057363106555e-41,2.211019345153452e-26,Unknown,2.882363685807665,2026-02-21T18:52:25.182038,
34.130127053402,-117.96772883211196,1.0167104547041742e-31,3.3210773604498165e-43,1.0167104547041742e-31,Unknown,0.773932832559188,2026-02-21T18:52:28.673306,
34.118250680056505,-117.9700298204239,1.180113764511028e-19,1.7754451542995432e-42,1.180113764511028e-19,Unknown,0.4223470390826463,2026-02-21T18:52:32.186432,
34.11077028429733,-117.97090071633504,2.584886874859329e-29,1.5764607723654192e-42,2.584886874859329e-29,Unknown,0.7654902667173299,2026-02-21T18:52:35.672606,
34.42292287909648,-118.16514785475198,7.764386570797141e-31,2.9416057363106555e-41,7.764386570797141e-31,Unknown,2.8111041426222667,2026-02-21T18:52:39.145649,
34.386612583564336,-118.16094285032092,0.0267295837402343,2.9416057363106555e-41,0.0267295837402343,Unknown,2.2505401263918348,2026-02-21T18:52:42.557450,
34.3671945525232,-118.1586944009388,2.211019345153452e-26,2.9416057363106555e-41,2.211019345153452e-26,Unknown,3.042201681638569,2026-02-21T18:52:46.024392,
34.361615003860194,-118.15804442028988,2.211019345153452e-26,2.9416057363106555e-41,2.211019345153452e-26,Unknown,2.69598595295364,2026-02-21T18:52:49.371249,
34.3607671678954,-118.15794402963238,2.0079687741982032e-38,2.9416057363106555e-41,2.010910379934513e-38,Unknown,1.894708103073737,2026-02-21T18:52:52.850683,
34.367264808030235,-118.15870281766487,6.9244919192285425e-34,2.550363205071167e-43,6.9244919192285425e-34,Unknown,0.7770857286632782,2026-02-21T18:52:56.174997,
34.33957420141857,-118.15549037430164,2.0079687741982032e-38,2.9416057363106555e-41,2.010910379934513e-38,Unknown,2.2683293791353782,2026-02-21T18:52:59.527780,
34.344891753874805,-118.15610627235009,2.0079687741982032e-38,2.9416057363106555e-41,2.010910379934513e-38,Unknown,1.0342921534232146,2026-02-21T18:53:06.443306,
34.33617545545399,-118.15509110284955,2.211019345153452e-26,2.9416057363106555e-41,2.211019345153452e-26,Unknown,1.0858078225281098,2026-02-21T18:53:09.857016,
34.303451835113904,-118.15128416500878,1.0993208122562342e-29,2.9416057363106555e-41,1.0993208122562342e-29,Unknown,2.234496738610176,2026-02-21T18:53:13.268692,
34.29365365638917,-118.18574823109452,2.0079687741982032e-38,2.9416057363106555e-41,2.010910379934513e-38,Unknown,2.658852072626868,2026-02-21T18:53:16.790614,
34.29263839953637,-118.18461374676882,2.0079687741982032e-38,2.9416057363106555e-41,2.010910379934513e-38,Unknown,1.828460691802725,2026-02-21T18:53:20.265670,
34.2947210439966,-118.18485152398183,3.3737477800803404e-31,2.9416057363106555e-41,3.3737477800803404e-31,Unknown,0.9951786425024844,2026-02-21T18:53:23.767494,
34.291303295019986,-118.18451525118904,1.9944423167904544e-24,1.14906474074635e-43,1.9944423167904544e-24,Unknown,0.6738484965861182,2026-02-21T18:53:28.006571,
34.29257089717592,-118.18460567437955,9.918294710769294e-32,7.567011707354012e-44,9.918294710769294e-32,Unknown,1.31653320536885,2026-02-21T18:53:31.895712,
34.27966271449873,-118.20637454496465,2.0079687741982032e-38,2.9416057363106555e-41,2.010910379934513e-38,Unknown,2.3277055923390018,2026-02-21T18:53:35.472346,
34.24743758039632,-118.18036913301498,2.0079687741982032e-38,2.9416057363106555e-41,2.010910379934513e-38,Unknown,2.0278664580428365,2026-02-21T18:53:38.976718,
34.25375597316039,-118.16261745203008,2.211019345153452e-26,2.9416057363106555e-41,2.211019345153452e-26,Unknown,2.143191229258628,2026-02-21T18:53:42.446185,
34.24745355555423,-118.18037102440316,0.0267295837402343,2.9416057363106555e-41,0.0267295837402343,Unknown,0.5719245433555233,2026-02-21T18:53:45.868421,
34.24745355555423,-118.18037102440316,7.764386570797141e-31,2.9416057363106555e-41,7.764386570797141e-31,Unknown,0.9032262313164228,2026-02-21T18:53:49.591900,
34.22039679843407,-118.21088721840034,2.211019345153452e-26,2.9416057363106555e-41,2.211019345153452e-26,Unknown,2.6549288470988617,2026-02-21T18:53:52.966994,
34.22202151452142,-118.21310875965123,2.2899742126464844,7.286752014489049e-44,2.2899742126464844,Unknown,2.49689698104531,2026-02-21T18:53:57.305064,
34.2042743129016,-118.15590501363305,7.764386570797141e-31,2.9416057363106555e-41,7.764386570797141e-31,Unknown,2.118956145968964,2026-02-21T18:54:00.811518,
34.217728773419736,-118.1759540424009,3.857641851612579e-34,3.218782572554105e-42,3.857641851612579e-34,Unknown,1.4202810441248546,2026-02-21T18:54:04.259950,
34.203911927911285,-118.15586341624704,2.0079687741982032e-38,2.9416057363106555e-41,2.010910379934513e-38,Unknown,1.3602223391457595,2026-02-21T18:54:07.839638,
34.203315565979,-118.1396997896213,2.007030487060547,8.968310171678831e-44,2.007030487060547,Unknown,1.2224718916186073,2026-02-21T18:54:11.228316,
34.20607156837639,-118.13996059223024,7.242470341075889e-27,2.0739217272007293e-42,7.242470341075889e-27,Unknown,1.515106841438218,2026-02-21T18:54:14.584578,
34.18165564261142,-118.13716742047106,2.0079687741982032e-38,2.9416057363106555e-41,2.010910379934513e-38,Unknown,3.0783041308878323,2026-02-21T18:54:18.038962,
34.38650409983192,-118.16093015079804,2.0079687741982032e-38,2.9416057363106555e-41,2.010910379934513e-38,Unknown,2.843424203196302,2026-02-21T18:54:42.219830,
34.368537955377775,-118.15885010896967,7.764386570797141e-31,2.9416057363106555e-41,7.764386570797141e-31,Unknown,2.716863819720636,2026-02-21T18:54:49.130983,
34.361363146848106,-118.15801391951742,1.934789222131417e-30,2.9416057363106555e-41,1.934789222131417e-30,Unknown,2.5218166233676222,2026-02-21T18:54:52.617985,
34.361615003860194,-118.15804442028988,2.211019345153452e-26,2.9416057363106555e-41,2.211019345153452e-26,Unknown,1.616851005326121,2026-02-21T18:54:56.116704,
34.361187913535026,-118.15799314483624,4.6830912527720034e-30,2.9416057363106555e-41,4.6830912527720034e-30,Unknown,0.8324169956432494,2026-02-21T18:54:59.545723,
34.336297595558754,-118.15510431661367,2.0079687741982032e-38,2.9416057363106555e-41,2.010910379934513e-38,Unknown,2.440817440689945,2026-02-21T18:55:03.164224,
34.344891753874805,-118.15610627235009,2.0079687741982032e-38,2.9416057363106555e-41,2.010910379934513e-38,Unknown,0.5932792518062567,2026-02-21T18:55:06.600914,
34.356487883071935,-118.1737112914862,2.211019345153452e-26,2.9416057363106555e-41,2.211019345153452e-26,Unknown,2.7538839055755866,2026-02-21T18:55:09.988987,
34.31036266331542,-118.15296685281056,1.934789222131417e-30,2.9416057363106555e-41,1.934789222131417e-30,Unknown,2.00786756683854,2026-02-21T18:55:14.184119,
34.30007957745732,-118.18547423987869,4.0355014937316836e-34,5.296908195147809e-43,4.0355014937316836e-34,Unknown,1.914468056992929,2026-02-21T18:55:20.765669,
34.30007957745732,-118.18547423987869,9.946754016749877e-34,6.0255833965967134e-43,9.946754016749877e-34,Unknown,1.238119731675032,2026-02-21T18:55:24.122690,
34.29515736540518,-118.1849015879879,7.764386570797141e-31,2.9416057363106555e-41,7.764386570797141e-31,Unknown,0.8406015435970479,2026-02-21T18:55:27.530362,
34.284243870947755,-118.18368155949376,1.1949100553465541e-07,4.624284932271896e-44,1.1949100553465541e-07,Unknown,0.5806073140009359,2026-02-21T18:55:31.393050,
34.284243870947755,-118.18368155949376,0.153289794921875,2.9416057363106555e-41,0.153289794921875,Unknown,0.5477642209453786,2026-02-21T18:55:34.776070,
34.283202495926865,-118.18356390587624,1.7800867207365593e-24,2.466285297211678e-43,1.7800867207365593e-24,Unknown,1.2703248036897372,2026-02-21T18:55:38.352796,
34.28389274001555,-118.1836422305026,2.0079687741982032e-38,2.9416057363106555e-41,2.010910379934513e-38,Unknown,2.243482064611755,2026-02-21T18:55:41.797161,
34.24853839204923,-118.17947975024208,3.3737477800803404e-31,2.9416057363106555e-41,3.3737477800803404e-31,Unknown,1.0034327788325974,2026-02-21T18:55:45.151792,
34.24853839204923,-118.17947975024208,2.0079687741982032e-38,2.9416057363106555e-41,2.010910379934513e-38,Unknown,0.6716512634534375,2026-02-21T18:55:48.580672,
34.24743758039632,-118.18036913301498,2.0079687741982032e-38,2.9416057363106555e-41,2.010910379934513e-38,Unknown,1.0765718048411372,2026-02-21T18:55:52.031590,
34.2170888287466,-118.21229731643322,1.934789222131417e-30,2.9416057363106555e-41,1.934789222131417e-30,Unknown,2.824382257544628,2026-02-21T18:55:55.662388,
34.22450706193537,-118.19385258401608,2.1079176804050808e-07,1.7067815295476272e-42,2.1079176804050808e-07,Unknown,0.6833722207844396,2026-02-21T18:55:59.144510,
34.222091669971675,-118.21310049770452,9.077804540879148e-27,5.324934164434305e-44,9.077804540879148e-27,Unknown,0.7188314284178146,2026-02-21T18:56:02.702899,
34.17886740856069,-118.20610737873832,3.3737477800803404e-31,2.9416057363106555e-41,3.3737477800803404e-31,Unknown,0.7313752974736769,2026-02-21T18:56:06.253523,
34.157189914995364,-118.21926756665728,2.211019345153452e-26,2.9416057363106555e-41,2.211019345153452e-26,Unknown,2.646655632609838,2026-02-21T18:56:09.874241,
33.98433419494107,-118.11429498900016,4.6830912527720034e-30,2.9416057363106555e-41,4.6830912527720034e-30,Unknown,0.3302307829764188,2026-02-21T18:56:13.565182,
33.96571934233393,-118.11215301654305,2.0079687741982032e-38,2.9416057363106555e-41,2.010910379934513e-38,Unknown,2.621920031438217,2026-02-21T18:56:16.886415,
33.974319575270655,-118.11400206985324,2.0079687741982032e-38,2.9416057363106555e-41,2.010910379934513e-38,Unknown,2.589461444093632,2026-02-21T18:56:20.332255,
33.97321911557615,-118.11299683094032,2.0079687741982032e-38,2.9416057363106555e-41,2.010910379934513e-38,Unknown,3.5277150810992604,2026-02-21T18:56:23.776282,
33.992946499238215,-118.11531108996894,7.764386570797141e-31,2.9416057363106555e-41,7.764386570797141e-31,Unknown,2.9315723283434982,2026-02-21T18:56:27.212802,
34.01671007710547,-118.0516168866538,7.764386570797141e-31,2.9416057363106555e-41,7.764386570797141e-31,Unknown,2.4358976482654744,2026-02-21T18:56:34.321001,
34.0183355952086,-118.05142904144884,3.974897413107102e-34,1.6227036216881382e-42,3.974897413107102e-34,Unknown,1.6524387397967617,2026-02-21T18:56:37.778078,
34.04750955226529,-118.04792966973798,2.0079687741982032e-38,2.9416057363106555e-41,2.010910379934513e-38,Unknown,3.169590613864272,2026-02-21T18:56:41.330891,
34.025881787296115,-118.04960150200188,4.749523251056735e-23,5.89946653480748e-43,4.749523251056735e-23,Unknown,0.664073517410426,2026-02-21T18:56:44.795568,
34.05750448261657,-118.01198224668332,2.0079687741982032e-38,2.9416057363106555e-41,2.010910379934513e-38,Unknown,3.666843755728984,2026-02-21T18:56:48.042122,
34.035136959224644,-118.01450980825564,5.263485946994162e-22,1.425120538218339e-42,5.263485946994162e-22,Unknown,1.3353646152223253,2026-02-21T18:56:51.959936,
34.03933864366343,-118.01404300452177,2.2971763610839844,4.062364248077645e-42,2.2971763610839844,Unknown,0.5471317241802629,2026-02-21T18:56:55.772646,
34.04232341201197,-117.97888848136456,2.0079687741982032e-38,2.9416057363106555e-41,2.010910379934513e-38,Unknown,2.643999564832887,2026-02-21T18:56:59.341008,
34.05827973751984,-118.01096666735576,2.546274988739902e-31,3.6447773057088486e-42,2.546274988739902e-31,Unknown,0.8729167240598434,2026-02-21T18:57:02.844438,
34.065936742582686,-118.0100753111626,8.075162330343243e-27,5.016648502282845e-43,8.075162330343243e-27,Unknown,1.2296424622542317,2026-02-21T18:57:06.322992,
34.10572488499537,-118.0061504409202,3.3737477800803404e-31,2.9416057363106555e-41,3.3737477800803404e-31,Unknown,3.261546942043533,2026-02-21T18:57:14.261272,
34.109681123423925,-118.00500224383823,4.6830912527720034e-30,2.9416057363106555e-41,4.6830912527720034e-30,Unknown,2.999390330853731,2026-02-21T18:57:18.579419,
34.11963261842389,-117.96957253139745,2.0079687741982032e-38,2.9416057363106555e-41,2.010910379934513e-38,Unknown,2.9671223336755985,2026-02-21T18:57:22.083406,
34.10587399585087,-117.93931419166404,3.07414447888732e-05,5.453853623152188e-42,3.07414447888732e-05,Unknown,0.8719044587535582,2026-02-21T18:57:25.736831,
34.11019961624148,-117.9388490097756,2.5705627708979485e-29,2.5013177588197985e-42,2.5705627708979485e-29,Unknown,0.7432189518013554,2026-02-21T18:57:29.378027,
34.10345963378819,-117.90405325456216,1.0993208122562342e-29,2.9416057363106555e-41,1.0993208122562342e-29,Unknown,1.0177064271559566,2026-02-21T18:57:33.657005,
34.085982142401114,-117.9010053954978,2.0079687741982032e-38,2.9416057363106555e-41,2.010910379934513e-38,Unknown,2.743122631372705,2026-02-21T18:57:36.948043,
34.086897588083445,-117.90126224730804,2.0079687741982032e-38,2.9416057363106555e-41,2.010910379934513e-38,Unknown,2.8056596078016867,2026-02-21T18:57:40.697265,
33.962500630088925,-118.11175560455952,0.8709716796875,2.9416057363106555e-41,0.8709716796875,Unknown,2.956813979661232,2026-02-21T18:57:44.307878,
33.96953366501698,-118.11257794607884,2.211019345153452e-26,2.9416057363106555e-41,2.211019345153452e-26,Unknown,2.9744959142248057,2026-02-21T18:57:47.915975,
33.97998983263573,-118.11378311396528,2.0079687741982032e-38,2.9416057363106555e-41,2.010910379934513e-38,Unknown,2.9851490542200603,2026-02-21T18:57:51.228663,
33.993303386476946,-118.11535058924945,9.018808215128705e-36,3.5873240686715325e-43,9.018808215128705e-36,Unknown,2.9141308556292302,2026-02-21T18:57:55.429894,
34.02250556279646,-118.05094852151524,2.0079687741982032e-38,2.9416057363106555e-41,2.010910379934513e-38,Unknown,2.5484299087408764,2026-02-21T18:58:03.040673,
34.019579031105124,-118.05099801377573,3.3737477800803404e-31,2.9416057363106555e-41,3.3737477800803404e-31,Unknown,1.6795655080703615,2026-02-21T18:58:06.445687,
34.01993511774367,-118.05096024402178,8.940290456734001e-15,1.3844828827529193e-42,8.940290456734001e-15,Unknown,0.7707742954495105,2026-02-21T18:58:09.894805,
34.0504316894193,-118.04677192540606,2.211019345153452e-26,2.9416057363106555e-41,2.211019345153452e-26,Unknown,2.821402469271222,2026-02-21T18:58:13.312600,
34.05713437130758,-118.01202347979584,0.8709716796875,2.9416057363106555e-41,0.8709716796875,Unknown,3.640032870234112,2026-02-21T18:58:16.893021,
34.03512297328979,-118.014595882411,4.2931965007298646e-38,5.344552342934852e-42,4.293730955964158e-38,Unknown,1.3233348013823345,2026-02-21T18:58:20.381955,
34.062415089208145,-118.011395605853,0.8709716796875,2.9416057363106555e-41,0.8709716796875,Unknown,2.637815229341456,2026-02-21T18:58:23.903909,
34.05076121796053,-118.01176262921628,3.9329361964899256e-36,5.1679887364299254e-42,3.932941218743622e-36,Unknown,0.5520347824241753,2026-02-21T18:58:27.414284,
34.07922270138554,-118.00939061920556,0.153289794921875,2.9416057363106555e-41,0.153289794921875,Unknown,2.5320216025359468,2026-02-21T18:58:30.929623,
34.08819794959884,-118.00844750310011,2.211019345153452e-26,2.9416057363106555e-41,2.211019345153452e-26,Unknown,2.83864760679302,2026-02-21T18:58:34.321148,
34.073503035966155,-118.00919692777498,5.23744188209857e-16,2.543356712749543e-42,5.23744188209857e-16,Unknown,1.5099356648839246,2026-02-21T18:58:37.888422,
34.10253855473041,-118.00582559345465,0.8709716796875,2.9416057363106555e-41,0.8709716796875,Unknown,2.955400096948849,2026-02-21T18:58:41.458038,
34.0865237620806,-117.97364676653598,4.010736489016216e-38,3.0450215629778275e-42,4.011040851042669e-38,Unknown,1.1566530353230264,2026-02-21T18:58:45.956325,
34.108072714836354,-117.9555252334427,2.0079687741982032e-38,2.9416057363106555e-41,2.010910379934513e-38,Unknown,2.876191191385257,2026-02-21T18:58:49.611729,
34.10587399585087,-117.93931419166404,1.815154796428707e-19,5.5897795741916947e-42,1.815154796428707e-19,Unknown,0.868804562661742,2026-02-21T18:58:53.107708,
34.110025252680465,-117.93892937848813,2.602807652991852e-29,8.435816755235399e-43,2.602807652991852e-29,Unknown,0.7522774433114797,2026-02-21T18:58:56.622346,
34.1099324822831,-117.91972819286596,2.540482369053576e-24,1.0271517743500909e-42,2.540482369053576e-24,Unknown,0.8231730118659834,2026-02-21T18:58:59.985396,
34.110298453593884,-117.9038435096517,3.139738691970706e-05,3.016995593691331e-42,3.139738691970706e-05,Unknown,0.2783227993965456,2026-02-21T18:59:03.416854,
34.084039002695576,-117.90180796486185,2.0079687741982032e-38,2.9416057363106555e-41,2.010910379934513e-38,Unknown,3.112139519114273,2026-02-21T18:59:07.372773,
34.19765734458255,-118.39843279868262,4.830456035165297e-10,2.1650061273818424e-42,4.830456035165297e-10,Unknown,0.9980973702527244,2026-02-21T19:10:16.456195,
34.20059194119426,-118.3986439865366,1.0843512208369306e-31,3.1389085600875906e-43,1.0843512208369306e-31,Unknown,1.8801713111384848,2026-02-21T19:10:19.921569,
34.209906511064,-118.39985163851664,3.642877230509013e-29,7.146622168056567e-44,3.642877230509013e-29,Unknown,3.794930064786066,2026-02-21T19:10:51.589590,
34.21767601506457,-118.40167209559117,2.0079687741982032e-38,2.9416057363106555e-41,2.010910379934513e-38,Unknown,3.3837189935886576,2026-02-21T19:10:55.111147,
34.24550118676447,-118.39234431999716,0.0874834060668945,1.661939978689233e-42,0.0874834060668945,Unknown,0.5700609628349215,2026-02-21T19:10:58.707562,
34.07469071328393,-117.93482081763624,2.0079687741982032e-38,2.9416057363106555e-41,2.010910379934513e-38,Unknown,2.5266123612470475,2026-02-21T19:11:02.607065,
34.063205078792336,-117.93348485226964,2.0079687741982032e-38,2.9416057363106555e-41,2.010910379934513e-38,Unknown,2.837621223763391,2026-02-21T19:11:06.323777,
34.080301098429786,-117.91732185889414,5.395430948219173e-22,5.913479519450728e-43,5.395430948219173e-22,Unknown,0.7810120464854629,2026-02-21T19:11:09.867596,
34.072366967123024,-117.91640133328168,3.857737360528583e-34,5.423025056937042e-43,3.857737360528583e-34,Unknown,0.9501945600811752,2026-02-21T19:11:13.449511,
34.06367622927458,-117.93343843135868,1.7800867207365593e-24,5.186205616466148e-42,1.7800867207365593e-24,Unknown,0.7352298703163787,2026-02-21T19:11:17.079558,
33.98866797134142,-118.1664719998051,1.877359581237552e-24,5.118943290178557e-42,1.877359581237552e-24,Unknown,0.5005805892717525,2026-02-21T19:11:20.878785,
33.996953291392174,-118.18587514387568,1.934789222131417e-30,2.9416057363106555e-41,1.934789222131417e-30,Unknown,0.725260254361035,2026-02-21T19:11:24.769781,
34.002802892394406,-118.20189723506697,1.8700006876315459e-07,2.3317606446364962e-42,1.8700006876315459e-07,Unknown,0.6195494979809837,2026-02-21T19:11:28.256688,
34.144120097611335,-117.96703224123527,1.0993208122562342e-29,2.9416057363106555e-41,1.0993208122562342e-29,Unknown,2.6043534391220686,2026-02-21T19:11:32.013178,
34.11442422429913,-117.97021651731698,3.0939920111835115e-29,1.517606236863777e-42,3.0939920111835115e-29,Unknown,0.4668525847715302,2026-02-21T19:11:36.290141,
34.1046666779225,-117.9716128687068,1.5211219545809212e-38,1.769839960442244e-42,1.5212989385769654e-38,Unknown,0.7668911091735643,2026-02-21T19:11:40.522949,
34.02501758463293,-118.0496990889966,2.4882819329302697e-14,6.284823612496805e-42,2.4882819329302697e-14,Unknown,1.147987051603604,2026-02-21T19:11:44.161867,
34.053708480040974,-118.01244753455164,2.0079687741982032e-38,2.9416057363106555e-41,2.010910379934513e-38,Unknown,3.157679025574618,2026-02-21T19:11:47.600677,
34.02921438239518,-118.01527230633096,2.8734104398279804e-29,1.4321270305399629e-42,2.8734104398279804e-29,Unknown,0.9687775885296912,2026-02-21T19:11:50.963439,
34.05765863140458,-118.01196463663196,2.0079687741982032e-38,2.9416057363106555e-41,2.010910379934513e-38,Unknown,2.8959362080329507,2026-02-21T19:11:54.510575,
34.056057253816874,-118.01214190993949,2.0079687741982032e-38,2.9416057363106555e-41,2.010910379934513e-38,Unknown,3.307289193598631,2026-02-21T19:11:58.091501,
34.02492490977681,-117.98088854351056,3.857671238971349e-34,2.6820852607177e-42,3.857671238971349e-34,Unknown,0.6406532267911387,2026-02-21T19:12:01.480631,
34.02349870656825,-118.01580516268186,8.15249535095819e-27,6.461387219001732e-42,8.15249535095819e-27,Unknown,0.8558292672434777,2026-02-21T19:12:05.197368,
34.049296529527595,-118.04772813021614,2.0079687741982032e-38,2.9416057363106555e-41,2.010910379934513e-38,Unknown,3.3127028344367444,2026-02-21T19:12:08.623087,
34.041660425751985,-118.19013467558592,0.0078677535057067,2.138381456559671e-42,0.0078677535057067,Unknown,0.3059239569893134,2026-02-21T19:12:12.053492,
34.0369120752449,-118.1895663158611,2.858715057373047,3.0127916982983567e-43,2.858715057373047,Unknown,0.7237295410349384,2026-02-21T19:12:15.537209,
34.08548067496784,-118.043681810209,1.5252112742062588e-36,1.3242270487869521e-42,1.525212529769683e-36,Unknown,2.378332035365943,2026-02-21T19:12:22.595729,
34.120209416179115,-118.03808598237184,7.764386570797141e-31,2.9416057363106555e-41,7.764386570797141e-31,Unknown,3.231975102218624,2026-02-21T19:12:30.413822,
34.10195672615217,-118.0414468485997,0.007842019200325,3.211776080232481e-42,0.007842019200325,Unknown,1.5352621229524104,2026-02-21T19:12:36.806389,
34.10437591840841,-118.04148896959134,1.1972260634332188e-19,2.267300915277554e-42,1.1972260634332188e-19,Unknown,0.6197246053293618,2026-02-21T19:12:42.904894,
34.13131547035675,-118.25829941851164,2.0079687741982032e-38,2.9416057363106555e-41,2.010910379934513e-38,Unknown,3.4659766270906256,2026-02-21T19:12:47.722104,
34.137308580559704,-118.25761215461772,2.0079687741982032e-38,2.9416057363106555e-41,2.010910379934513e-38,Unknown,3.322903368083187,2026-02-21T19:12:51.169695,
34.13474239035816,-118.22323700478005,3.3737477800803404e-31,2.9416057363106555e-41,3.3737477800803404e-31,Unknown,2.0016295163256346,2026-02-21T19:12:54.915755,
34.112387570988986,-118.224471143299,1.5250629383560193e-36,3.699427945817517e-43,1.525063297088426e-36,Unknown,1.135576701385181,2026-02-21T19:12:58.461613,
34.13483878059896,-118.22322597321134,2.0079687741982032e-38,2.9416057363106555e-41,2.010910379934513e-38,Unknown,1.4697195202084523,2026-02-21T19:13:02.695930,
34.1430035992757,-118.20289332092663,2.211019345153452e-26,2.9416057363106555e-41,2.211019345153452e-26,Unknown,1.3289141773303077,2026-02-21T19:13:10.373364,
34.08184106237198,-118.21098791803117,2.0079687741982032e-38,2.9416057363106555e-41,2.010910379934513e-38,Unknown,3.584526987418726,2026-02-21T19:13:19.772761,
34.088315550578045,-118.2117384228372,1.0993208122562342e-29,2.9416057363106555e-41,1.0993208122562342e-29,Unknown,3.5035120193007643,2026-02-21T19:13:25.219480,
34.13455098190267,-118.200950963685,7.785113699532165e-15,2.024876280949361e-42,7.785113699532165e-15,Unknown,0.7730494133076785,2026-02-21T19:13:28.835148,
34.12656826507873,-118.20002515379872,3.899207099399055e-36,1.7964646312644158e-42,3.8992088930610896e-36,Unknown,1.8885193296601708,2026-02-21T19:13:32.378691,
34.09867419783855,-118.213863078915,7.764386570797141e-31,2.9416057363106555e-41,7.764386570797141e-31,Unknown,2.7679000326817285,2026-02-21T19:13:36.003817,
34.12060389637558,-118.21644098488996,1.780067788074834e-24,8.603972570954377e-43,1.780067788074834e-24,Unknown,1.8913430912289564,2026-02-21T19:13:39.541801,
34.13032833611569,-117.90721683029146,2.0079687741982032e-38,2.9416057363106555e-41,2.010910379934513e-38,Unknown,2.9807008463096443,2026-02-21T19:13:47.079705,
34.12297341337917,-117.9403387459794,4.307892922175978e-34,2.4957125649624992e-42,4.307892922175978e-34,Unknown,0.5888555674240795,2026-02-21T19:13:50.799138,
34.221751606727395,-118.40122054626492,7.364413333184089e-34,3.302860480413594e-42,7.364413333184089e-34,Unknown,1.1773424021495116,2026-02-21T19:13:54.445826,
34.22296735364744,-118.39623637455468,2.0079687741982032e-38,2.9416057363106555e-41,2.010910379934513e-38,Unknown,1.2008750620976576,2026-02-21T19:13:58.843760,
34.220538328995026,-118.39555831754372,2.0079687741982032e-38,2.9416057363106555e-41,2.010910379934513e-38,Unknown,1.7180808290624057,2026-02-21T19:14:02.991351,
34.113501726607055,-117.90521924134168,7.764386570797141e-31,2.9416057363106555e-41,7.764386570797141e-31,Unknown,2.463238586155004,2026-02-21T19:14:06.591033,
34.029067778614014,-118.23552534081922,1.0993208122562342e-29,2.9416057363106555e-41,1.0993208122562342e-29,Unknown,2.4393927462544083,2026-02-21T19:14:13.367552,
34.033830875006686,-118.23497898585596,2.0079687741982032e-38,2.9416057363106555e-41,2.010910379934513e-38,Unknown,2.30758699734075,2026-02-21T19:14:16.923308,
34.04521739818807,-118.23365626945954,2.211019345153452e-26,2.9416057363106555e-41,2.211019345153452e-26,Unknown,2.6437974064441163,2026-02-21T19:14:20.400781,
34.03053795886024,-118.23535659859832,2.0287861651601564e-24,1.1252426668528281e-42,2.0287861651601564e-24,Unknown,0.4952857275787087,2026-02-21T19:14:24.560783,
34.13633509628685,-117.90787179874722,2.211019345153452e-26,2.9416057363106555e-41,2.211019345153452e-26,Unknown,2.5568946040396376,2026-02-21T19:14:28.010972,
34.11304489936441,-117.92008314487506,3.3737477800803404e-31,2.9416057363106555e-41,3.3737477800803404e-31,Unknown,2.469472864482733,2026-02-21T19:14:31.685311,
33.99467850098499,-118.1316667758921,7.104559995863014e-15,2.9416057363106555e-41,7.104559995863014e-15,Unknown,3.790360815295069,2026-02-21T19:15:16.620655,
34.10976979207713,-118.2594210510647,1.1959930915096667e-31,2.1495918442742694e-42,1.1959930915096667e-31,Unknown,1.161836451088381,2026-02-21T19:15:26.807732,
34.12556256879282,-118.25759498742276,7.764386570797141e-31,2.9416057363106555e-41,7.764386570797141e-31,Unknown,0.8008134278476329,2026-02-21T19:15:31.225001,
34.103906746196344,-118.26546069134606,1.0993208122562342e-29,2.9416057363106555e-41,1.0993208122562342e-29,Unknown,2.160943108481357,2026-02-21T19:15:36.319416,
34.07703102578536,-117.9748079412366,2.0079687741982032e-38,2.9416057363106555e-41,2.010910379934513e-38,Unknown,3.2917781771670795,2026-02-21T19:15:39.968130,
34.05594330576145,-117.97728555116989,9.120401500695152e-08,3.7512759889975347e-42,9.120401500695152e-08,Unknown,0.649731394314373,2026-02-21T19:15:43.445255,
34.12255467345848,-118.00302024674131,4.42516042049134e-41,9.486790603479013e-43,4.52002832652613e-41,Unknown,0.7676361609803518,2026-02-21T19:15:47.081191,
34.14233884267153,-118.00170399977269,3.3737477800803404e-31,2.9416057363106555e-41,3.3737477800803404e-31,Unknown,2.8426081282758573,2026-02-21T19:15:50.569107,
34.14926625128074,-118.00000052801248,3.3737477800803404e-31,2.9416057363106555e-41,3.3737477800803404e-31,Unknown,2.791948568488776,2026-02-21T19:15:54.510505,
34.1424616102618,-117.95953468532149,9.362427499937098e-12,5.184804318001823e-44,9.362427499937098e-12,Unknown,2.667372287279538,2026-02-21T19:15:58.718646,
33.9990815747615,-118.0532502291328,3.3737477800803404e-31,2.9416057363106555e-41,3.3737477800803404e-31,Unknown,2.325161419608422,2026-02-21T19:16:02.425422,
33.99602587291652,-118.0535803505838,2.0079687741982032e-38,2.9416057363106555e-41,2.010910379934513e-38,Unknown,2.481990528723758,2026-02-21T19:16:05.779181,
33.96465137034853,-118.11199410147242,0.0874949693679809,3.461207206882298e-43,0.0874949693679809,Unknown,3.5515298978907377,2026-02-21T19:16:09.447767,
34.093787758012965,-118.04174794479188,1.1460825417692332e-31,1.7053802310833024e-42,1.1460825417692332e-31,Unknown,0.5664587155462479,2026-02-21T19:16:19.546796,
34.10274970291493,-118.2655992117472,1.1193978796100866e-31,5.4650640108668e-44,1.1193978796100866e-31,Unknown,1.086006623096878,2026-02-21T19:16:23.239998,
34.089423129632365,-117.93653543313968,2.0079687741982032e-38,2.9416057363106555e-41,2.010910379934513e-38,Unknown,2.889647707644248,2026-02-21T19:16:41.401179,
33.97272964160527,-118.19924017230784,2.211019345153452e-26,2.9416057363106555e-41,2.211019345153452e-26,Unknown,3.4480938132405523,2026-02-21T19:16:44.744792,
34.15909516392898,-118.28838692943997,2.0079687741982032e-38,2.9416057363106555e-41,2.010910379934513e-38,Unknown,2.328402805705124,2026-02-21T19:17:06.139179,
34.140680788000715,-118.29678889768329,2.068744659423828,3.9236357001094883e-44,2.068744659423828,Unknown,2.2941891515925823,2026-02-21T19:17:09.835156,
34.16317556354266,-118.28931892048284,2.0079687741982032e-38,2.9416057363106555e-41,2.010910379934513e-38,Unknown,1.796565701452609,2026-02-21T19:17:13.654226,
34.16733513649359,-118.28883903393492,2.0079687741982032e-38,2.9416057363106555e-41,2.010910379934513e-38,Unknown,2.9470415563256083,2026-02-21T19:17:17.133513,
34.11169190585318,-118.3894165271818,2.0079687741982032e-38,2.9416057363106555e-41,2.010910379934513e-38,Unknown,3.7020045716045766,2026-02-21T19:17:41.669933,
34.062832766643126,-118.19353955487216,1.934789222131417e-30,2.9416057363106555e-41,1.934789222131417e-30,Unknown,2.081898235073227,2026-02-21T19:17:45.709413,
34.04293588902204,-118.1729263746776,2.1502685546875,7.342803953062041e-43,2.1502685546875,Unknown,0.6946692918566886,2026-02-21T19:17:49.269951,
34.05561861953164,-118.19176762171872,2.0079687741982032e-38,2.9416057363106555e-41,2.010910379934513e-38,Unknown,1.325723819144405,2026-02-21T19:17:52.785172,
34.0571995834089,-118.15733340853612,3.3737477800803404e-31,2.9416057363106555e-41,3.3737477800803404e-31,Unknown,2.195633043462371,2026-02-21T19:17:56.299935,
34.04746952297414,-118.15713375339465,2.211019345153452e-26,2.9416057363106555e-41,2.211019345153452e-26,Unknown,2.2653554314713795,2026-02-21T19:17:59.677540,
34.03681598910687,-118.18955520350671,1.7192490949820917e-36,3.2930513911633197e-43,1.7192494537144985e-36,Unknown,0.98356547012959,2026-02-21T19:18:03.024388,
34.22411886473903,-118.39610627254386,2.0079687741982032e-38,2.9416057363106555e-41,2.010910379934513e-38,Unknown,2.8670133168751297,2026-02-21T19:18:06.554021,
34.20037721280836,-118.39866434856717,3.09934257529676e-05,4.44211613190967e-43,3.09934257529676e-05,Unknown,1.734268599080284,2026-02-21T19:18:10.056729,
34.18697982999558,-118.3999486849182,3.8290396332740784e-05,1.9057659114817512e-43,3.8290396332740784e-05,Unknown,2.294092426817875,2026-02-21T19:18:13.425879,
33.9989932453705,-118.15057097764672,1.5536303973951e-38,9.795076265630473e-43,1.5537283481577563e-38,Unknown,0.6833425839320196,2026-02-21T19:18:41.150983,
34.02956345104525,-118.12039481036878,0.0874885320663452,1.9057659114817512e-42,0.0874885320663452,Unknown,0.5360738728200848,2026-02-21T19:18:44.735080,
34.032866108712994,-118.13621014006304,3.19615937769413e-05,1.7516230804060213e-42,3.19615937769413e-05,Unknown,2.5027050950742,2026-02-21T19:18:48.531705,
34.01514368957534,-118.11789825718635,2.211019345153452e-26,2.9416057363106555e-41,2.211019345153452e-26,Unknown,3.0168741881006564,2026-02-21T19:18:51.950874,
34.016730905235384,-118.11807678377684,1.155881508466287e-19,1.2471556332490872e-43,1.155881508466287e-19,Unknown,3.2184899986632627,2026-02-21T19:18:55.438601,
34.05654122183908,-118.04690454969474,1.934789222131417e-30,2.9416057363106555e-41,1.934789222131417e-30,Unknown,3.351119259751515,2026-02-21T19:19:02.419919,
34.06236489797121,-118.04623111577276,7.764386570797141e-31,2.9416057363106555e-41,7.764386570797141e-31,Unknown,3.2477550597010687,2026-02-21T19:19:05.861563,
34.03664027252278,-118.0483655779937,9.11912820811267e-08,6.516037859110399e-43,9.11912820811267e-08,Unknown,1.1072154139738246,2026-02-21T19:19:09.405425,
34.06244843139824,-118.01034739229586,4.4063038398588815e-34,4.554220009055656e-42,4.4063038398588815e-34,Unknown,0.5728771876505251,2026-02-21T19:19:16.452471,
34.07038589626741,-118.00937922347164,3.888877108693123e-05,5.0993251116780093e-42,3.888877108693123e-05,Unknown,0.7329518426034869,2026-02-21T19:19:19.983088,
34.078439188306355,-118.0083979801916,1.2860321739969118e-19,5.186205616466148e-42,1.2860321739969118e-19,Unknown,0.8618301910052483,2026-02-21T19:19:23.436035,
34.086473817141986,-118.0076899368724,4.897006161541957e-22,5.825197716198265e-42,4.897006161541957e-22,Unknown,0.980971476626216,2026-02-21T19:19:26.985585,
34.12599292930333,-118.00311589194337,2.0079687741982032e-38,2.9416057363106555e-41,2.010910379934513e-38,Unknown,3.355093548398921,2026-02-21T19:19:34.921106,
34.104874751973654,-117.97158899555366,4.0467054242629585e-34,1.7572282742633206e-42,4.0467054242629585e-34,Unknown,0.8056791778887674,2026-02-21T19:19:38.517549,
34.07954512213378,-118.15991900510636,2.0079687741982032e-38,2.9416057363106555e-41,2.010910379934513e-38,Unknown,1.6391762896172215,2026-02-21T19:19:42.068008,
34.07894071947258,-118.15984900229718,2.6188554642534585e-29,4.161856439044708e-43,2.6188554642534585e-29,Unknown,1.2464143829489502,2026-02-21T19:19:45.516796,
34.08095712780391,-118.12552679901596,2.0079687741982032e-38,2.9416057363106555e-41,2.010910379934513e-38,Unknown,1.1593245721729184,2026-02-21T19:19:48.976247,
34.05803749336035,-118.17468263899984,0.0082170218229293,6.656167705542881e-43,0.0082170218229293,Unknown,0.700018435249602,2026-02-21T19:19:52.759903,
34.06100713662386,-118.19239080367774,2.90235235206726e-29,6.084437932098356e-42,2.90235235206726e-29,Unknown,1.2614978858622767,2026-02-21T19:19:56.233621,
34.0571995834089,-118.15733340853612,2.0079687741982032e-38,2.9416057363106555e-41,2.010910379934513e-38,Unknown,2.1882436942848664,2026-02-21T19:19:59.792569,
34.06922165552356,-118.158676699204,4.560301181755164e-31,2.26029442295593e-42,4.560301181755164e-31,Unknown,0.6377167236782988,2026-02-21T19:20:03.522670,
34.043053348246886,-118.1373804889692,2.0079687741982032e-38,2.9416057363106555e-41,2.010910379934513e-38,Unknown,2.998709046381452,2026-02-21T19:20:07.135081,
34.0716756863187,-118.12526332562516,3.861967707052827e-05,5.0446744715693415e-43,3.861967707052827e-05,Unknown,0.6439732543498816,2026-02-21T19:20:10.572381,
34.1578974568556,-118.28992923329258,1.0993208122562342e-29,2.9416057363106555e-41,1.0993208122562342e-29,Unknown,0.89658124129303,2026-02-21T19:20:14.103222,
34.15508610374818,-118.29025033504612,4.00580924335596e-38,7.034518290910583e-43,4.0058795885388685e-38,Unknown,1.6774286664850142,2026-02-21T19:20:21.161666,
34.21160936015538,-118.3974860280424,2.0079687741982032e-38,2.9416057363106555e-41,2.010910379934513e-38,Unknown,3.7302766159323104,2026-02-21T19:20:47.612197,
34.214758895078575,-118.39626155264568,2.0079687741982032e-38,2.9416057363106555e-41,2.010910379934513e-38,Unknown,3.058146152189504,2026-02-21T19:20:51.743117,
34.19585880132672,-118.39822578146357,4.3077606790615115e-34,2.191630798204014e-42,4.3077606790615115e-34,Unknown,1.0774186902790397,2026-02-21T19:20:55.269475,
34.201366777255664,-118.39857018460938,1.5213135120809944e-38,5.268882225861312e-43,1.521366200903253e-38,Unknown,0.520409360028051,2026-02-21T19:20:58.655683,
34.0369147863237,-118.04910437507738,2.211019345153452e-26,2.9416057363106555e-41,2.211019345153452e-26,Unknown,2.499864809903713,2026-02-21T19:21:02.233541,
34.03592322739153,-118.04844296948976,2.211019345153452e-26,2.9416057363106555e-41,2.211019345153452e-26,Unknown,2.644148321845907,2026-02-21T19:21:05.890077,
33.98554729673796,-118.05476867175472,2.234199523925781,1.5288166245783754e-42,2.234199523925781,Unknown,1.8405417377584143,2026-02-21T19:21:12.745604,
34.018543934885024,-118.05045015759111,4.6830912527720034e-30,2.9416057363106555e-41,4.6830912527720034e-30,Unknown,3.3659984110258825,2026-02-21T19:21:16.262169,
34.02692232474685,-118.04948680721223,1.934789222131417e-30,2.9416057363106555e-41,1.934789222131417e-30,Unknown,3.295017263102145,2026-02-21T19:21:20.558974,
34.00844316543251,-118.05220706234374,0.0083070844411849,2.932917685831842e-42,0.0083070844411849,Unknown,1.2146624873499428,2026-02-21T19:21:23.980678,
34.03926663148539,-118.04788192915176,7.764386570797141e-31,2.9416057363106555e-41,7.764386570797141e-31,Unknown,2.967552583281305,2026-02-21T19:21:27.574300,
34.024596100189406,-118.04974850432292,3.844555492645181e-17,1.968824342376368e-42,3.844555492645181e-17,Unknown,0.7224652354341792,2026-02-21T19:21:31.259662,
34.048560852599465,-118.04698315727929,2.0079687741982032e-38,2.9416057363106555e-41,2.010910379934513e-38,Unknown,3.228447577588917,2026-02-21T19:21:34.694326,
34.044053278834504,-118.012557301525,2.0079687741982032e-38,2.9416057363106555e-41,2.010910379934513e-38,Unknown,2.9784479984225425,2026-02-21T19:21:38.208635,
34.068514298612214,-117.95093477709464,7.957685332044099e-34,2.3415697338867693e-42,7.957685332044099e-34,Unknown,1.909551501410686,2026-02-21T19:21:41.966929,
34.0620046156462,-117.89928886357616,3.3737477800803404e-31,2.9416057363106555e-41,3.3737477800803404e-31,Unknown,3.339208337550664,2026-02-21T19:21:45.602021,
34.060474656751126,-117.9490235019346,2.0079687741982032e-38,2.9416057363106555e-41,2.010910379934513e-38,Unknown,2.9440243195436526,2026-02-21T19:21:49.167364,
34.08147601717232,-117.95244387697178,1.1093856862346814e-19,3.75547988439051e-43,1.1093856862346814e-19,Unknown,0.4011374701572774,2026-02-21T19:21:52.629178,
34.07459015395489,-117.97418063390568,4.0055144101590655e-38,3.786308450605656e-42,4.005893041004126e-38,Unknown,1.004909259557809,2026-02-21T19:21:56.283004,
34.094984010923326,-117.9726099764712,2.211019345153452e-26,2.9416057363106555e-41,2.211019345153452e-26,Unknown,2.956553453721229,2026-02-21T19:21:59.735148,
34.156625495857014,-118.03545587137305,1.1460787801873106e-31,7.679115584499999e-43,1.1460787801873106e-31,Unknown,1.7667705760846082,2026-02-21T19:22:03.259563,
34.17270453014218,-118.033584646197,2.0079687741982032e-38,2.9416057363106555e-41,2.010910379934513e-38,Unknown,2.0778959450048293,2026-02-21T19:22:07.424111,
34.04626402335755,-118.17331839967052,1.7187926459882877e-07,4.6775342739162394e-42,1.7187926459882877e-07,Unknown,1.2131758267025314,2026-02-21T19:22:11.142939,
34.1015289283435,-118.29643163743924,2.0079687741982032e-38,2.9416057363106555e-41,2.010910379934513e-38,Unknown,0.7943775934483915,2026-02-21T19:22:14.962906,
34.11225609201877,-118.30008597730708,2.0079687741982032e-38,2.9416057363106555e-41,2.010910379934513e-38,Unknown,2.281727609742279,2026-02-21T19:22:18.544260,
34.10362975748261,-118.26641703512044,2.0079687741982032e-38,2.9416057363106555e-41,2.010910379934513e-38,Unknown,1.1456748500790537,2026-02-21T19:22:22.130466,
34.09907636357606,-118.2620420997756,1.3442877389024948e-07,9.50080358812226e-43,1.3442877389024948e-07,Unknown,1.1979013955582063,2026-02-21T19:22:25.748649,
34.10776145573454,-118.25965238965544,2.0079687741982032e-38,2.9416057363106555e-41,2.010910379934513e-38,Unknown,0.9660739955152604,2026-02-21T19:22:29.342717,
34.14297258950532,-118.39302471088948,2.0079687741982032e-38,2.9416057363106555e-41,2.010910379934513e-38,Unknown,3.762512479058524,2026-02-21T19:22:45.964564,
34.128667463417784,-118.39044730429336,2.0079687741982032e-38,2.9416057363106555e-41,2.010910379934513e-38,Unknown,3.5107925534661697,2026-02-21T19:22:53.699155,
34.148329285114315,-118.39271660165478,4.560301181755164e-31,1.6353153078670618e-42,4.560301181755164e-31,Unknown,2.406596217568566,2026-02-21T19:22:57.311456,
34.05417715320817,-117.97752977062244,2.0079687741982032e-38,2.9416057363106555e-41,2.010910379934513e-38,Unknown,3.2740356244535187,2026-02-21T19:23:04.125773,
34.046086510911934,-117.97843268618772,1.0109815654360067e-31,3.6896188565672433e-42,1.0109815654360067e-31,Unknown,0.6271180462483309,2026-02-21T19:23:11.132651,
34.05813433611776,-118.23214858273111,2.0079687741982032e-38,2.9416057363106555e-41,2.010910379934513e-38,Unknown,3.0293514154936863,2026-02-21T19:23:14.743137,
34.008524953119164,-118.20258782375748,1.0993208122562342e-29,2.9416057363106555e-41,1.0993208122562342e-29,Unknown,2.6336724521543746,2026-02-21T19:23:18.230120,
34.01474279886462,-118.23719370351031,2.1347784651126744e-12,8.281673924159669e-43,2.1347784651126744e-12,Unknown,1.3338766824896184,2026-02-21T19:23:21.668511,
34.03555958810207,-118.23339619050572,2.0079687741982032e-38,2.9416057363106555e-41,2.010910379934513e-38,Unknown,3.2643452436968903,2026-02-21T19:23:25.106307,
33.99030692539364,-118.18415229327266,9.949898464138326e-34,6.370302818820617e-42,9.949898464138326e-34,Unknown,0.9112738702051536,2026-02-21T19:23:28.732613,
34.089739684741375,-118.12647543245812,2.9241694921586583e-17,2.242077542919709e-42,2.9241694921586583e-17,Unknown,2.4770272841830843,2026-02-21T19:23:32.274144,
34.1846955044339,-118.39693987267135,1.121286747297788e-19,2.651256694502554e-42,1.121286747297788e-19,Unknown,2.1212614514252874,2026-02-21T19:23:42.245227,
34.19095139069434,-118.3976558894956,9.89373158081451e-32,3.5985344563861296e-42,9.89373158081451e-32,Unknown,1.5452925250132628,2026-02-21T19:23:45.606680,
34.171807893207514,-118.39635808084614,2.0079687741982032e-38,2.9416057363106555e-41,2.010910379934513e-38,Unknown,3.0388824442421134,2026-02-21T19:23:49.009822,
34.08269725165356,-118.38512852980804,3.3737477800803404e-31,2.9416057363106555e-41,3.3737477800803404e-31,Unknown,3.546876529661548,2026-02-21T19:23:52.396271,
34.07629914879061,-118.38438085335062,1.1102066629926402e-19,3.727453915104013e-43,1.1102066629926402e-19,Unknown,3.45898980874041,2026-02-21T19:23:55.779337,
34.074852168188706,-118.38422416457163,2.0389137268066406,1.080401115994434e-42,2.0389137268066406,Unknown,2.987091060456625,2026-02-21T19:23:59.273405,
34.00393384836431,-118.05271509132388,8.248095431909662e-27,3.088461815371897e-42,8.248095431909662e-27,Unknown,1.301240608518385,2026-02-21T19:24:06.384437,
34.02250556279646,-118.05094852151524,2.0079687741982032e-38,2.9416057363106555e-41,2.010910379934513e-38,Unknown,3.273391168209237,2026-02-21T19:24:10.704670,
33.99117023207314,-118.05413647350636,0.0084075033664703,1.5414283107572988e-42,0.0084075033664703,Unknown,1.2119110609589097,2026-02-21T19:24:14.180523,
34.0527763065625,-118.26602409606176,2.0079687741982032e-38,2.9416057363106555e-41,2.010910379934513e-38,Unknown,2.1177651493388274,2026-02-21T19:24:17.661766,
33.98503852147879,-118.19975070492644,2.0079687741982032e-38,2.9416057363106555e-41,2.010910379934513e-38,Unknown,2.7742594511352507,2026-02-21T19:24:21.261062,
34.08793497698046,-117.93636239633976,2.0079687741982032e-38,2.9416057363106555e-41,2.010910379934513e-38,Unknown,2.8687192310452407,2026-02-21T19:24:24.913222,
34.07140838291299,-118.12441340047452,1.1659648401333085e-19,8.968310171678831e-44,1.1659648401333085e-19,Unknown,2.9091081666475693,2026-02-21T19:24:32.589106,
34.0025056456646,-118.15098094435656,6.647496655216229e-27,1.1084270852809305e-42,6.647496655216229e-27,Unknown,0.8573708937712761,2026-02-21T19:24:36.499215,
34.02111112209309,-118.13482745374176,2.0079687741982032e-38,2.9416057363106555e-41,2.010910379934513e-38,Unknown,2.76335325513775,2026-02-21T19:24:40.001084,
34.03629362966252,-117.97864257486876,6.647496655216229e-27,3.6742045734596704e-42,6.647496655216229e-27,Unknown,0.5203332086467948,2026-02-21T19:24:43.633465,
34.04351308822916,-117.94801585729007,1.2941799030305591e-19,2.5349489219635938e-42,1.2941799030305591e-19,Unknown,1.7098398145117182,2026-02-21T19:24:47.152045,
34.04890451757453,-117.9486473979088,0.0089851468801498,5.941505488737224e-43,0.0089851468801498,Unknown,1.0429338389774978,2026-02-21T19:24:50.564859,
34.17155551851484,-118.39541013570556,2.8516370020940885e-17,3.2005656925178816e-42,2.8516370020940885e-17,Unknown,0.9740852035068182,2026-02-21T19:25:03.860097,
34.00136101486713,-118.18638805883172,3.079451807214053e-17,2.0318827732709848e-43,3.079451807214053e-17,Unknown,0.8768138974667611,2026-02-21T19:25:07.513430,
33.972334938220214,-118.18207193411097,1.0993208122562342e-29,2.9416057363106555e-41,1.0993208122562342e-29,Unknown,2.4525826410552183,2026-02-21T19:25:11.296983,
33.9748940528455,-118.18234021894877,2.0079687741982032e-38,2.9416057363106555e-41,2.010910379934513e-38,Unknown,1.8167142293937304,2026-02-21T19:25:14.712004,
34.11733340785326,-118.25992588104356,4.729278964883608e-31,1.3004049748934302e-42,4.729278964883608e-31,Unknown,0.8404484211224054,2026-02-21T19:25:18.294415,
34.14446223681746,-118.2914620297568,4.6830912527720034e-30,2.9416057363106555e-41,4.6830912527720034e-30,Unknown,2.8092109508625,2026-02-21T19:25:21.841354,
34.15457592957356,-118.25561386963848,4.6830912527720034e-30,2.9416057363106555e-41,4.6830912527720034e-30,Unknown,2.8955696881176856,2026-02-21T19:25:26.205954,
34.14415195044115,-118.29149748876026,1.0038608908564656e-31,7.693128569143246e-43,1.0038608908564656e-31,Unknown,1.447840722310324,2026-02-21T19:25:29.626487,
34.16019199938616,-118.25984093559688,2.0079687741982032e-38,2.9416057363106555e-41,2.010910379934513e-38,Unknown,2.177472694035548,2026-02-21T19:25:33.075316,
34.15130376826984,-118.25599396697996,2.0079687741982032e-38,2.9416057363106555e-41,2.010910379934513e-38,Unknown,2.519638664556154,2026-02-21T19:25:36.551295,
41.868074,-124.152736,,,,,0.0,2026-02-21T19:27:40.474998,False
34.198452999956615,-118.387623010905,,,,,0.0,2026-02-21T19:28:58.612611,False
34.19261818165073,-118.38061671309558,,,,,0.0,2026-02-21T19:29:02.060293,False
34.186781877222785,-118.37361326238344,,,,,0.0,2026-02-21T19:29:05.758421,False
34.1809267486405,-118.36663363107344,,,,,0.0,2026-02-21T19:29:09.930380,False
34.19900593409399,-118.344102659119,,,,,0.0,2026-02-21T19:29:13.298072,False
34.20534877064011,-118.34907284851091,,,,,0.0,2026-02-21T19:29:16.502119,False
34.21059340634972,-118.35674609050564,,,,,0.0,2026-02-21T19:29:19.713847,False
34.21583750175049,-118.3644203678412,,,,,0.0,2026-02-21T19:29:22.946031,False
34.22162488543422,-118.36662020102727,,,,,0.0,2026-02-21T19:29:26.291700,False
34.229471913126744,-118.36638765867794,,,,,0.0,2026-02-21T19:29:29.642154,False
34.2357100743881,-118.37283734844826,,,,,0.0,2026-02-21T19:29:33.136598,False
34.24189348847898,-118.37938543689708,,,,,0.0,2026-02-21T19:29:36.708427,False
34.2446736411699,-118.3862238057954,,,,,0.0,2026-02-21T19:29:40.102371,False
34.09598119992779,-117.925235499669,,,,,0.0,2026-02-21T19:29:43.651777,False
34.08780399805878,-117.92528504315,,,,,0.0,2026-02-21T19:29:47.047693,False
34.07963768473604,-117.92576418480088,,,,,0.0,2026-02-21T19:29:51.256512,False
34.0715492546848,-117.9266702399658,,,,,0.0,2026-02-21T19:29:54.690481,False
34.064275463096926,-117.92548964938167,,,,,0.0,2026-02-21T19:29:58.357819,False
33.98815787944724,-118.17186648078652,,,,,0.0,2026-02-21T19:30:02.122358,False
33.99379141690435,-118.17899430795208,,,,,0.0,2026-02-21T19:30:05.722954,False
34.00332085768423,-118.19520536169,,,,,0.0,2026-02-21T19:30:09.434718,False
34.12234999898559,-117.977469000366,,,,,0.0,2026-02-21T19:30:13.137495,False
34.10528601128161,-117.97990858921048,,,,,0.0,2026-02-21T19:30:16.694875,False
34.02399200008681,-118.037304000082,,,,,0.0,2026-02-21T19:30:20.968270,False
34.02908059552805,-118.0295099197556,,,,,0.0,2026-02-21T19:30:24.544302,False
34.03210162519338,-118.00591614332508,,,,,0.0,2026-02-21T20:08:09.854308,False
34.02789232945989,-117.98049129149452,2.5703659057617188,3.983891534075455e-42,2.5703659057617188,Unknown,1.50349947477777,2026-02-21T20:08:13.881046,True
34.02555077981836,-117.98779913609808,,,,,0.0,2026-02-21T20:08:17.469589,False
34.024247388744094,-118.025047580382,,,,,0.0,2026-02-21T20:08:21.011933,False
34.038453883059105,-118.18193552610848,,,,,0.0,2026-02-21T20:08:25.021620,False
34.09082600006333,-118.075024199574,,,,,0.0,2026-02-21T20:08:28.243384,False
34.087655174607946,-118.0693739661646,,,,,0.0,2026-02-21T20:08:32.285532,False
34.0945995425448,-118.06778122331524,,,,,0.0,2026-02-21T20:08:35.727363,False
34.09779180819914,-118.06043052677012,,,,,0.0,2026-02-21T20:08:39.237375,False
34.10343992213144,-118.05802472899788,,,,,0.0,2026-02-21T20:08:42.664374,False
34.10486981524623,-118.04819342468696,,,,,0.0,2026-02-21T20:08:46.171189,False
34.10508454124132,-118.237960551247,,,,,0.0,2026-02-21T20:08:49.718182,False
34.11310469197034,-118.23643934557523,,,,,0.0,2026-02-21T20:08:53.167149,False
34.11829003615862,-118.232061272555,,,,,0.0,2026-02-21T20:08:56.782874,False
34.12257199375328,-118.22355727489156,,,,,0.0,2026-02-21T20:09:00.305026,False
34.145690733847125,-118.22197321101528,1.999755859375,2.9416057363106555e-41,1.999755859375,Unknown,2.1155850049853377,2026-02-21T20:09:03.877782,True
34.13463564974884,-118.19258401065872,,,,,0.0,2026-02-21T20:09:07.390767,False
34.13396003909847,-118.20931973300368,,,,,0.0,2026-02-21T20:09:11.242408,False
34.1152172303339,-118.24508774192302,,,,,0.0,2026-02-21T20:09:14.790288,False
34.11532899878243,-117.934054000302,,,,,0.0,2026-02-21T20:09:18.354735,False
34.12350500743245,-117.93397398720796,,,,,0.0,2026-02-21T20:09:21.823614,False
34.22266940026742,-118.388463600449,,,,,0.0,2026-02-21T20:09:25.549553,False
34.188800422492605,-118.41359132578948,1.999755859375,2.9416057363106555e-41,1.999755859375,Unknown,3.7205741254939104,2026-02-21T20:09:29.038560,True
34.20653302384465,-118.38766679613424,,,,,0.0,2026-02-21T20:09:32.457222,False
34.14296027581863,-118.357403831173,,,,,0.0,2026-02-21T20:09:35.819400,False
34.008164389786586,-118.227493069841,,,,,0.0,2026-02-21T20:09:39.369824,False
34.01345953316819,-118.23020127318313,,,,,0.0,2026-02-21T20:09:42.967797,False
34.02160608629474,-118.2302827912726,,,,,0.0,2026-02-21T20:09:46.713152,False
34.128257543114366,-117.93388137285,,,,,0.0,2026-02-21T20:09:50.478965,False
34.133568938816886,-117.9303318232534,,,,,0.0,2026-02-21T20:09:54.034676,False
34.088377323740346,-118.352036548416,,,,,0.0,2026-02-21T20:09:57.621464,False
34.19187952027353,-118.323202910266,,,,,0.0,2026-02-21T20:10:00.757972,False
34.18579277512821,-118.31945282019696,,,,,0.0,2026-02-21T20:10:04.499969,False
34.17938232467514,-118.31909839313228,,,,,0.0,2026-02-21T20:10:07.879626,False
34.188546390649975,-118.33242071353298,,,,,0.0,2026-02-21T20:10:11.161393,False
34.02267291632885,-118.087910536816,,,,,0.0,2026-02-21T20:10:14.705018,False
34.0194711392728,-118.09569592209075,,,,,0.0,2026-02-21T20:10:18.463317,False
34.02087764807047,-118.10535983485008,,,,,0.0,2026-02-21T20:10:21.983262,False
34.11928324953549,-118.25333491534847,,,,,0.0,2026-02-21T20:10:25.594750,False
34.05055959535147,-117.990805917284,,,,,0.0,2026-02-21T20:10:29.149384,False
34.05652247723046,-117.98430363464074,,,,,0.0,2026-02-21T20:10:32.674877,False
34.12187745292679,-117.99472130415552,,,,,0.0,2026-02-21T20:10:36.300533,False
34.12579209186213,-117.98923448862288,,,,,0.0,2026-02-21T20:10:39.874694,False
34.133577984697006,-117.98645626843172,,,,,0.0,2026-02-21T20:10:43.454290,False
34.00185840015349,-118.07824981979002,,,,,0.0,2026-02-21T20:10:57.160963,False
33.9947089742768,-118.08045606982918,,,,,0.0,2026-02-21T20:11:00.590543,False
33.98741965833773,-118.08498276151968,,,,,0.0,2026-02-21T20:11:04.101425,False
34.18479900005681,-118.343898000439,,,,,0.0,2026-02-21T20:11:07.352466,False
34.0932713693856,-118.03562803033644,,,,,0.0,2026-02-21T20:11:10.979572,False
34.11236796929907,-118.26764784389002,,,,,0.0,2026-02-21T20:11:15.318115,False
34.12173324004161,-118.081173960906,,,,,0.0,2026-02-21T20:11:18.725422,False
34.114256373020474,-118.08193725700394,,,,,0.0,2026-02-21T20:11:22.049857,False
34.106076723227105,-118.08180910666736,,,,,0.0,2026-02-21T20:11:25.309996,False
33.99843539020077,-118.220156791224,,,,,0.0,2026-02-21T20:11:28.888985,False
34.1721289572598,-118.347209468156,,,,,0.0,2026-02-21T20:11:32.182017,False
34.174772512031694,-118.33780236348466,,,,,0.0,2026-02-21T20:11:35.329202,False
34.16898423024135,-118.3331764970031,,,,,0.0,2026-02-21T20:11:38.478170,False
34.161378947717864,-118.32949725759268,,,,,0.0,2026-02-21T20:11:41.891847,False
34.160270545702545,-118.32242850609848,,,,,0.0,2026-02-21T20:11:45.568384,False
34.1633425486935,-118.31316700325708,,,,,0.0,2026-02-21T20:11:48.958009,False
34.157370020999075,-118.31144696951834,,,,,0.0,2026-02-21T20:11:52.593587,False
34.15547374888304,-118.30648319502616,,,,,0.0,2026-02-21T20:11:55.966068,False
34.15197684533642,-118.31494228509423,,,,,0.0,2026-02-21T20:11:59.430648,False
34.152756560519514,-118.32464554150764,,,,,0.0,2026-02-21T20:12:03.019526,False
34.14715927252524,-118.331684069597,,,,,0.0,2026-02-21T20:12:06.161010,False
34.143441931960865,-118.34050479199068,,,,,0.0,2026-02-21T20:12:10.408070,False
34.13597344295902,-118.34212563899344,,,,,0.0,2026-02-21T20:12:13.570075,False
34.12888152325252,-118.3469652499502,,,,,0.0,2026-02-21T20:12:16.921749,False
34.13256878024305,-118.35505323984069,,,,,0.0,2026-02-21T20:12:20.141245,False
34.13690288867648,-118.36314936560704,,,,,0.0,2026-02-21T20:12:23.546482,False
34.04506704008125,-118.186406261346,,,,,0.0,2026-02-21T20:12:28.210547,False
34.049738213540024,-118.1792496037882,,,,,0.0,2026-02-21T20:12:31.861391,False
34.0558658612499,-118.18111259339942,,,,,0.0,2026-02-21T20:12:35.305808,False
34.17569898396099,-118.36104748107216,,,,,0.0,2026-02-21T20:12:38.848358,False
34.12917687980361,-118.08140939406005,,,,,0.0,2026-02-21T20:12:42.097539,False
34.136838627567535,-118.0835212905328,,,,,0.0,2026-02-21T20:12:45.701764,False
34.14430072925612,-118.08644627207067,,,,,0.0,2026-02-21T20:12:49.726261,False
34.15139747570868,-118.08795074781216,,,,,0.0,2026-02-21T20:12:53.240970,False
33.999352828216715,-118.1431710008638,,,,,0.0,2026-02-21T20:12:56.927769,False
34.02729122052402,-118.12552533505756,,,,,0.0,2026-02-21T20:13:00.571683,False
34.03528004191221,-118.10920710714866,,,,,0.0,2026-02-21T20:13:05.849778,False
34.038641497440594,-118.10153265081232,,,,,0.0,2026-02-21T20:13:09.318435,False
34.03604933814318,-118.092069551528,,,,,0.0,2026-02-21T20:13:12.728317,False
34.03335670842542,-118.082925252843,,,,,0.0,2026-02-21T20:13:15.966966,False
34.03610343776053,-118.0736350583586,,,,,0.0,2026-02-21T20:13:19.500595,False
34.037081288300826,-118.06387999404951,,,,,0.0,2026-02-21T20:13:23.710121,False
34.03603727697584,-118.03637166018927,,,,,0.0,2026-02-21T20:13:27.200747,False
34.03894987654346,-118.02729495417869,,,,,0.0,2026-02-21T20:13:30.598617,False
34.062049427853054,-118.01052758947868,2.6297683715820312,2.2280645582764588e-42,2.6297683715820312,Unknown,0.5861029561790864,2026-02-21T20:13:34.196052,True
34.069733759997035,-118.0014607948726,,,,,0.0,2026-02-21T20:13:37.516457,False
34.07766384461661,-117.99908736960118,,,,,0.0,2026-02-21T20:13:41.030387,False
34.08564734774792,-117.99708461754612,,,,,0.0,2026-02-21T20:13:44.528182,False
34.092601104108105,-117.9919346133757,,,,,0.0,2026-02-21T20:13:48.819784,False
34.099241622875844,-117.98625899284964,,,,,0.0,2026-02-21T20:13:52.238399,False
34.091243359725,-118.149088251082,,,,,0.0,2026-02-21T20:13:55.834569,False
34.08000738470133,-118.14637691411966,,,,,0.0,2026-02-21T20:13:59.283192,False
34.08284208919491,-118.13790760488492,,,,,0.0,2026-02-21T20:14:02.685290,False
34.061979344749325,-118.17874680870186,,,,,0.0,2026-02-21T20:14:06.324802,False
34.07662890456283,-118.1535585692608,,,,,0.0,2026-02-21T20:14:09.900479,False
34.06984225494676,-118.15179387149142,,,,,0.0,2026-02-21T20:14:13.757189,False
34.06976393099878,-118.14186759518032,,,,,0.0,2026-02-21T20:14:17.013350,False
34.069820996156025,-118.1318866131459,,,,,0.0,2026-02-21T20:14:20.476980,False
34.1578327332158,-118.28018548658,,,,,0.0,2026-02-21T20:14:24.890100,False
34.15640467700005,-118.29860115581457,,,,,0.0,2026-02-21T20:14:28.452667,False
34.15792464219443,-118.33539965300062,,,,,0.0,2026-02-21T20:14:31.631356,False
34.163035059601114,-118.3431996426512,,,,,0.0,2026-02-21T20:14:34.829191,False
34.168254962275284,-118.3508941283836,,,,,0.0,2026-02-21T20:14:38.558546,False
34.20292670577245,-118.39323497637128,,,,,0.0,2026-02-21T20:14:42.154492,False
34.0273881370632,-118.07522479692678,,,,,0.0,2026-02-21T20:14:45.633685,False
33.9870776056923,-118.074645747314,,,,,0.0,2026-02-21T20:14:49.084670,False
33.99502732056594,-118.07344338970408,,,,,0.0,2026-02-21T20:14:52.537822,False
34.00184055737124,-118.06852413177522,,,,,0.0,2026-02-21T20:14:55.966125,False
34.009489393166774,-118.06532426415372,,,,,0.0,2026-02-21T20:14:59.404539,False
34.013796374626935,-118.057497431408,,,,,0.0,2026-02-21T20:15:03.479390,False
34.018891423388204,-118.02364034429368,,,,,0.0,2026-02-21T20:15:07.999077,False
34.066838000208165,-117.971566699742,,,,,0.0,2026-02-21T20:15:11.729631,False
34.0869336844237,-117.95017610869591,,,,,0.0,2026-02-21T20:15:15.482208,False
34.07458541492272,-117.963270012607,,,,,0.0,2026-02-21T20:15:19.056706,False
34.15820836970142,-118.05456154578502,,,,,0.0,2026-02-21T20:15:23.191051,False
34.15711672187886,-118.04604070871288,,,,,0.0,2026-02-21T20:15:26.624828,False
34.101378566940426,-118.287805998441,,,,,0.0,2026-02-21T20:15:30.299245,False
34.095843316406786,-118.28521145348526,,,,,0.0,2026-02-21T20:15:34.598784,False
34.09697137713341,-118.2759125404958,,,,,0.0,2026-02-21T20:15:37.997065,False
34.10443715961358,-118.2733271019443,,,,,0.0,2026-02-21T20:15:41.405780,False
34.19080952390803,-118.35121552734974,,,,,0.0,2026-02-21T20:15:44.670857,False
34.16891976529011,-118.35639520421842,,,,,0.0,2026-02-21T20:15:47.911740,False
34.16862324516295,-118.36635699882726,,,,,0.0,2026-02-21T20:15:51.298425,False
34.16179658002281,-118.39428098641076,2.2293052673339844,1.6801568587254557e-42,2.2293052673339844,Unknown,2.194207296240464,2026-02-21T20:15:54.720911,True
34.155583145484925,-118.3705050545616,,,,,0.0,2026-02-21T20:15:58.057845,False
34.15042506162798,-118.36668720110082,,,,,0.0,2026-02-21T20:16:01.462372,False
34.02785314615221,-117.993448671916,,,,,0.0,2026-02-21T20:16:05.131688,False
34.03358266174759,-117.98714312637624,,,,,0.0,2026-02-21T20:16:08.560287,False
34.04654043460059,-117.98521715518042,,,,,0.0,2026-02-21T20:16:12.099103,False
34.03126692289521,-118.22670348119222,,,,,0.0,2026-02-21T20:16:15.723362,False
34.02320366709403,-118.22501350437388,,,,,0.0,2026-02-21T20:16:19.155598,False
34.01537795879568,-118.2227418389584,,,,,0.0,2026-02-21T20:16:22.657829,False
34.00950091803493,-118.21708439638424,,,,,0.0,2026-02-21T20:16:26.141396,False
34.089739684741375,-118.12647543245812,2.875717163085937,2.351378823137043e-42,2.875717163085937,Unknown,2.4770272841830843,2026-02-21T20:16:29.804649,True
34.10595852478418,-118.358772029131,,,,,0.0,2026-02-21T20:16:33.334026,False
34.09790139275879,-118.35735386473552,,,,,0.0,2026-02-21T20:16:37.144274,False
33.99216739425156,-118.0672265944118,,,,,0.0,2026-02-21T20:16:40.637024,False
34.04331023163893,-118.246078245584,,,,,0.0,2026-02-21T20:16:44.043042,False
33.99631279005532,-118.23933981556864,2.0921859741210938,8.463842724521895e-43,2.0921859741210938,Unknown,1.160742548567114,2026-02-21T20:16:47.609650,True
34.09916504007991,-118.081939710905,,,,,0.0,2026-02-21T20:16:50.792390,False
34.04554393181591,-118.129164467887,,,,,0.0,2026-02-21T20:16:54.282807,False
34.0358139213461,-117.973025467319,,,,,0.0,2026-02-21T20:16:57.901279,False
34.041989840044074,-117.96648189030654,,,,,0.0,2026-02-21T20:17:01.328191,False
34.048161433514046,-117.95993180296662,,,,,0.0,2026-02-21T20:17:04.977260,False
34.17224281402105,-118.37487123940043,,,,,0.0,2026-02-21T20:17:08.570411,False
34.1723432415423,-118.38486488798816,,,,,0.0,2026-02-21T20:17:11.988088,False
34.11762934011605,-118.26904852488477,,,,,0.0,2026-02-21T20:17:15.610523,False
34.12542204578624,-118.271400609758,,,,,0.0,2026-02-21T20:17:18.919278,False
34.133349745686544,-118.2738405631665,,,,,0.0,2026-02-21T20:17:22.348333,False
34.14130975593432,-118.27614452340907,,,,,0.0,2026-02-21T20:17:25.674862,False
34.14898865901696,-118.27924950933011,,,,,0.0,2026-02-21T20:17:29.034005,False
34.16103172307613,-118.30027284724729,,,,,0.0,2026-02-21T20:17:32.403313,False
34.16643974529552,-118.3077707557094,,,,,0.0,2026-02-21T20:17:35.778408,False
34.15702508399113,-118.34159619143192,,,,,0.0,2026-02-21T20:17:39.146348,False
34.103442021345415,-117.934313740081,,,,,0.0,2026-02-21T20:17:42.765482,False
34.09588509365016,-117.91341943663124,,,,,0.0,2026-02-21T20:17:46.391334,False
34.006759889825105,-118.12781957043,,,,,0.0,2026-02-21T20:17:50.020803,False
33.999504121786,-118.171127279311,,,,,0.0,2026-02-21T20:17:54.438587,False
34.00290074707124,-118.16477226983308,,,,,0.0,2026-02-21T20:17:58.150645,False
34.081258298984714,-118.3489629335142,,,,,0.0,2026-02-21T20:18:01.411808,False
34.22158735776478,-118.187065293286,,,,,0.0,2026-02-21T20:18:05.066014,False
34.18441261750787,-118.21090579478604,,,,,0.0,2026-02-21T20:18:09.363710,False
34.17735091902956,-118.21246833558212,,,,,0.0,2026-02-21T20:18:12.858287,False
34.195543147602315,-118.2315034401147,,,,,0.0,2026-02-21T20:18:17.230796,False
34.200187521173646,-118.23946867778034,,,,,0.0,2026-02-21T20:18:20.635718,False
34.20458547510514,-118.24775439370929,,,,,0.0,2026-02-21T20:18:24.050851,False
34.22516626870199,-118.26288795473845,,,,,0.0,2026-02-21T20:18:27.618230,False
34.23013625279544,-118.27082791019564,,,,,0.0,2026-02-21T20:18:31.249212,False
34.24319868585709,-118.2961105630428,,,,,0.0,2026-02-21T20:18:34.805564,False
34.245755149964374,-118.30561308950791,,,,,0.0,2026-02-21T20:18:38.265375,False
34.24831082925047,-118.31511624117968,,,,,0.0,2026-02-21T20:18:41.370092,False
34.25086572365028,-118.32462001792967,,,,,0.0,2026-02-21T20:18:44.690997,False
34.25341983309872,-118.3341244196295,,,,,0.0,2026-02-21T20:18:48.014557,False
34.25597315753068,-118.34362944615062,,,,,0.0,2026-02-21T20:18:51.264030,False
34.2585256968812,-118.35313509736451,,,,,0.0,2026-02-21T20:18:55.467656,False
34.26112146313,-118.36261837560924,,,,,0.0,2026-02-21T20:18:58.934190,False
34.26821190733461,-118.36430621823396,,,,,0.0,2026-02-21T20:19:02.495253,False
34.27358255064854,-118.37079899871516,,,,,0.0,2026-02-21T20:19:05.906882,False
34.04087102815037,-118.11006276420724,,,,,0.0,2026-02-21T20:19:09.559771,False
34.2502014302772,-118.37869483557996,,,,,0.0,2026-02-21T20:19:13.004451,False
34.25622404219504,-118.37244718679278,,,,,0.0,2026-02-21T20:19:16.188291,False
34.26220842661677,-118.35721891277429,,,,,0.0,2026-02-21T20:19:19.429063,False
34.265485656783284,-118.34982085884408,,,,,0.0,2026-02-21T20:19:22.562126,False
34.264117888630025,-118.34017253514536,,,,,0.0,2026-02-21T20:19:25.760723,False
34.266308700716486,-118.3351524672339,,,,,0.0,2026-02-21T20:19:28.968471,False
34.27354295707964,-118.33953624364094,,,,,0.0,2026-02-21T20:19:32.201238,False
34.27298211125525,-118.34926104954698,,,,,0.0,2026-02-21T20:19:35.426005,False
34.27426096380579,-118.35914516089522,,,,,0.0,2026-02-21T20:19:38.751591,False
34.00473048618919,-118.00946024134154,,,,,0.0,2026-02-21T20:19:42.333075,False
34.012590206857965,-118.01127726044218,,,,,0.0,2026-02-21T20:19:46.069592,False
34.031398002934026,-118.06347294000672,,,,,0.0,2026-02-21T20:19:49.678501,False
34.1079652169964,-118.2450027297504,,,,,0.0,2026-02-21T20:19:53.288275,False
34.100757648664285,-118.24168080472094,,,,,0.0,2026-02-21T20:19:56.723017,False
34.09459612031528,-118.23600633533135,,,,,0.0,2026-02-21T20:20:00.282830,False
34.07394205070822,-118.22477088602926,,,,,0.0,2026-02-21T20:20:03.858588,False
34.065895288411575,-118.22464347211744,,,,,0.0,2026-02-21T20:20:07.336197,False
34.05798359739918,-118.22604517985478,,,,,0.0,2026-02-21T20:20:10.887734,False
34.04235891534298,-118.22846237418568,,,,,0.0,2026-02-21T20:20:14.391543,False
34.01728059652196,-118.21346015260568,,,,,0.0,2026-02-21T20:20:18.037399,False
34.05192719036535,-118.05883019436013,,,,,0.0,2026-02-21T20:20:22.136577,False
34.0518781505869,-118.06880729408526,,,,,0.0,2026-02-21T20:20:25.530502,False
34.05177028991484,-118.07676699262338,,,,,0.0,2026-02-21T20:20:28.918051,False
34.17845188424214,-118.3493627266087,,,,,0.0,2026-02-21T20:20:33.039401,False
33.996359832681044,-118.22643671034616,,,,,0.0,2026-02-21T20:20:36.493351,False
34.09212924028838,-118.082640860358,,,,,0.0,2026-02-21T20:20:39.734096,False
34.10444987165055,-118.253675473113,,,,,0.0,2026-02-21T20:20:43.182776,False
34.10188267595427,-118.24814863800172,,,,,0.0,2026-02-21T20:20:46.716989,False
34.023679828388104,-118.2187471778158,,,,,0.0,2026-02-21T20:20:50.250339,False
34.12178020762639,-118.0281904743494,,,,,0.0,2026-02-21T20:20:54.036362,False
34.12721916805516,-118.02490024689912,,,,,0.0,2026-02-21T20:20:57.433266,False
34.13539847082944,-118.02506447469408,,,,,0.0,2026-02-21T20:21:01.802812,False
34.14350333019643,-118.02557782009444,,,,,0.0,2026-02-21T20:21:05.396986,False
34.03355203030664,-118.162590111262,,,,,0.0,2026-02-21T20:21:08.907052,False
34.02190952197547,-118.15621886070484,,,,,0.0,2026-02-21T20:21:12.458692,False
34.004826067674635,-118.14065803139292,,,,,0.0,2026-02-21T20:21:16.040281,False
34.11393806934909,-118.189386951409,,,,,0.0,2026-02-21T20:21:19.954908,False
34.107194999729494,-118.18584659106618,,,,,0.0,2026-02-21T20:21:23.510349,False
34.11755273658386,-118.16526871316792,2.60745620727539,2.7073086330755466e-42,2.60745620727539,Unknown,1.223938549221906,2026-02-21T20:21:26.979368,True
34.15484262502132,-118.33063687859038,,,,,0.0,2026-02-21T20:21:30.466993,False
34.14504428863022,-118.31464322409204,,,,,0.0,2026-02-21T20:21:34.698651,False
34.14019560559216,-118.30659666572132,,,,,0.0,2026-02-21T20:21:38.164581,False
34.13532543320471,-118.29857014533177,,,,,0.0,2026-02-21T20:21:41.577671,False
34.13039394473871,-118.29059994179642,,,,,0.0,2026-02-21T20:21:45.100398,False
34.125461878851944,-118.2826307482976,,,,,0.0,2026-02-21T20:21:48.498117,False
34.1190673150621,-118.2764115248661,,,,,0.0,2026-02-21T20:21:52.156905,False
34.10765858585943,-118.0293470999333,,,,,0.0,2026-02-21T20:21:55.780968,False
34.10977949006346,-118.01459865881938,,,,,0.0,2026-02-21T20:21:59.234716,False
34.112645528281746,-117.9949358166186,,,,,0.0,2026-02-21T20:22:02.695189,False
34.110947079014025,-117.985564612238,,,,,0.0,2026-02-21T20:22:07.118140,False
34.11909738500248,-118.23792589864578,,,,,0.0,2026-02-21T20:22:10.622912,False
34.13241540206006,-117.9777099339113,,,,,0.0,2026-02-21T20:22:18.965582,False
34.00082404114681,-118.12631957159786,,,,,0.0,2026-02-21T20:22:28.773247,False
34.125152110202016,-117.924988160233,,,,,0.0,2026-02-21T20:22:33.726288,False
34.154363608936414,-118.261478728355,,,,,0.0,2026-02-21T20:22:38.477097,False
34.15868581333751,-118.26587751198127,,,,,0.0,2026-02-21T20:22:42.808590,False
34.183235031213776,-118.36167639646804,,,,,0.0,2026-02-21T20:22:45.942451,False
34.18679167496449,-118.36698084702464,,,,,0.0,2026-02-21T20:22:49.854143,False
34.190434527778926,-118.36358706064226,,,,,0.0,2026-02-21T20:22:54.597889,False
34.193846803279264,-118.37348167949166,,,,,0.0,2026-02-21T20:22:58.612179,False
34.05475357743627,-117.95549486662227,,,,,0.0,2026-02-21T20:23:03.722236,False
34.06022252857492,-117.96291648773754,,,,,0.0,2026-02-21T20:23:07.104181,False
34.061729298635186,-117.9875945051742,,,,,0.0,2026-02-21T20:23:15.481386,False
34.07805598433417,-118.0374490194335,,,,,0.0,2026-02-21T20:23:25.409586,False
34.07390387992261,-118.02901046177084,,,,,0.0,2026-02-21T20:23:31.556111,False
34.07376726645776,-118.02323964570976,,,,,0.0,2026-02-21T20:23:38.984816,False
34.163806415565126,-118.37060458134836,,,,,0.0,2026-02-21T20:23:44.820619,False
34.13928060308485,-118.37075976461028,,,,,0.0,2026-02-21T20:23:50.063261,False
34.132198735378694,-118.37551555367314,,,,,0.0,2026-02-21T20:23:56.314390,False
34.12491680865191,-118.149794080757,,,,,0.0,2026-02-21T20:24:01.642522,False
34.10458174449843,-118.14684516964364,,,,,0.0,2026-02-21T20:24:05.234877,False
34.09679353943263,-118.144872852427,,,,,0.0,2026-02-21T20:24:08.666477,False
34.1141240379203,-117.89948663813614,,,,,0.0,2026-02-21T20:24:12.376279,False
34.10685999978197,-117.929172000787,,,,,0.0,2026-02-21T20:24:16.173350,False
34.058811212249886,-118.2127138242124,,,,,0.0,2026-02-21T20:24:20.296210,False
34.05024687665249,-118.19760677246352,,,,,0.0,2026-02-21T20:24:24.476658,False
34.12854067988077,-118.067499410392,,,,,0.0,2026-02-21T20:24:29.113194,False
34.123364803524126,-118.07185362417876,,,,,0.0,2026-02-21T20:24:32.847609,False
34.000294180689615,-118.21135861137658,,,,,0.0,2026-02-21T20:24:36.391965,False
33.98978173699183,-118.19262899379925,,,,,0.0,2026-02-21T20:24:40.000117,False
34.13519846253492,-118.33534453542366,,,,,0.0,2026-02-21T20:24:45.890764,False
34.12721164756663,-118.33420364106848,,,,,0.0,2026-02-21T20:24:49.451265,False
34.12169023842604,-118.34135773640313,,,,,0.0,2026-02-21T20:24:52.684263,False
34.119660894583504,-118.35035208504954,,,,,0.0,2026-02-21T20:24:57.073531,False
34.1124203346745,-118.35495006872688,,,,,0.0,2026-02-21T20:25:02.549140,False
34.05032344969835,-118.09990506291392,,,,,0.0,2026-02-21T20:25:07.476080,False
34.05606963806708,-118.0929447685076,,,,,0.0,2026-02-21T20:25:10.874491,False
34.06211440097445,-118.0878988467486,,,,,0.0,2026-02-21T20:25:15.094781,False
34.06921397685867,-118.08408983648984,,,,,0.0,2026-02-21T20:25:18.278883,False
34.077389946763105,-118.08398844532856,,,,,0.0,2026-02-21T20:25:21.789481,False
34.08556282249505,-118.08386033593818,,,,,0.0,2026-02-21T20:25:25.376523,False
34.156753856896344,-118.08628383376222,,,,,0.0,2026-02-21T20:25:28.750226,False
34.164742264068565,-118.08763988177007,,,,,0.0,2026-02-21T20:25:32.343783,False
34.17183415905566,-118.09262069379676,,,,,0.0,2026-02-21T20:25:35.622451,False
34.17979409222074,-118.0931522185606,,,,,0.0,2026-02-21T20:25:38.836494,False
34.18746910359352,-118.09542171078516,,,,,0.0,2026-02-21T20:25:42.243585,False
34.19307851274027,-118.10268411370907,,,,,0.0,2026-02-21T20:25:45.528509,False
34.19849437955952,-118.11017642500528,,,,,0.0,2026-02-21T20:25:48.885513,False
34.20380525792809,-118.11776970944786,,,,,0.0,2026-02-21T20:25:52.353447,False
34.208458882255364,-118.12599266046124,,,,,0.0,2026-02-21T20:25:56.873805,False
34.21311189813302,-118.13421659590676,,,,,0.0,2026-02-21T20:26:00.939138,False
34.215220811429724,-118.1537213638036,,,,,0.0,2026-02-21T20:26:04.394008,False
34.21741044028842,-118.16335639596475,,,,,0.0,2026-02-21T20:26:08.014971,False
34.224649660209295,-118.2012291985392,,,,,0.0,2026-02-21T20:26:12.177863,False
34.17053697573677,-118.1975696633297,,,,,0.0,2026-02-21T20:26:15.837346,False
34.15762655584935,-118.18701648860004,,,,,0.0,2026-02-21T20:26:20.067142,False
34.01871234939641,-118.19776606996956,,,,,0.0,2026-02-21T20:26:23.605318,False
34.037322103601134,-118.19565500525869,,,,,0.0,2026-02-21T20:26:27.598914,False
34.04554314317872,-118.21168118768632,,,,,0.0,2026-02-21T20:26:33.252795,False
34.050550850569806,-118.21639977479472,,,,,0.0,2026-02-21T20:26:36.905457,False
34.0745628196922,-118.19396740674384,1.999755859375,2.9416057363106555e-41,1.999755859375,Unknown,2.946332566424493,2026-02-21T20:26:43.406155,True
34.081947184398885,-118.1948174748242,1.999755859375,2.9416057363106555e-41,1.999755859375,Unknown,2.5716507655781458,2026-02-21T20:26:48.519826,True
34.10035078842412,-118.23447388095845,,,,,0.0,2026-02-21T20:26:54.869991,False
34.07337216999933,-117.9804662999679,,,,,0.0,2026-02-21T20:26:58.641487,False
34.078836131334064,-117.98789549064044,,,,,0.0,2026-02-21T20:27:03.565591,False
34.05197011548014,-118.03899771931816,,,,,0.0,2026-02-21T20:27:10.324642,False
34.05660664292889,-118.04605109836515,3.019580841064453,6.388519698856841e-42,3.019580841064453,Unknown,1.1163910314383498,2026-02-21T20:27:13.903389,True
34.06141255177796,-118.03037859826006,,,,,0.0,2026-02-21T20:27:17.247316,False
34.06900341406476,-118.02819530705705,,,,,0.0,2026-02-21T20:27:23.249692,False
34.19103514492108,-118.22861103234342,,,,,0.0,2026-02-21T20:27:29.085275,False
34.22193723133615,-118.2581623218118,,,,,0.0,2026-02-21T20:27:35.014213,False
34.2408583562024,-118.29076317532882,,,,,0.0,2026-02-21T20:27:38.621228,False
34.061710292481266,-118.00397635896364,,,,,0.0,2026-02-21T20:27:46.138680,False
33.985190906830184,-118.15711457284046,,,,,0.0,2026-02-21T20:27:51.801861,False
34.00445174892115,-118.2087097260498,,,,,0.0,2026-02-21T20:27:55.767534,False
34.165927280030495,-118.296096899643,,,,,0.0,2026-02-21T20:27:59.245192,False
34.099524572357005,-117.980000721433,,,,,0.0,2026-02-21T20:28:02.722378,False
34.0438045757803,-118.10477711893014,,,,,0.0,2026-02-21T20:28:06.468064,False
34.05839853823288,-118.09937170801426,,,,,0.0,2026-02-21T20:28:09.932338,False
34.06657944191433,-118.0993926554076,,,,,0.0,2026-02-21T20:28:15.733531,False
34.07475916128823,-118.09944560639345,,,,,0.0,2026-02-21T20:28:20.967311,False
34.08291634065858,-118.09968570957176,,,,,0.0,2026-02-21T20:28:25.373955,False
34.091096865864614,-118.09968746875391,,,,,0.0,2026-02-21T20:28:28.717375,False
34.205215730349,-118.210555571416,,,,,0.0,2026-02-21T20:28:32.080416,False
34.20493271805339,-118.2015505687986,,,,,0.0,2026-02-21T20:28:35.735874,False
34.211056369998936,-118.19999677240766,,,,,0.0,2026-02-21T20:28:39.347397,False
34.219054494622384,-118.1997630508734,,,,,0.0,2026-02-21T20:28:42.802602,False
34.21519215544104,-118.14749226002756,,,,,0.0,2026-02-21T20:28:46.389513,False
34.091785596155205,-118.0925716203962,,,,,0.0,2026-02-21T20:28:49.912709,False
34.09868030025722,-118.10014250078102,,,,,0.0,2026-02-21T20:28:53.880517,False
34.099112846955,-118.09051471600564,,,,,0.0,2026-02-21T20:28:57.164375,False
34.16155545306333,-118.35336588532512,,,,,0.0,2026-02-21T20:29:01.574115,False
34.16294583337319,-118.33750641266754,,,,,0.0,2026-02-21T20:29:06.126012,False
34.16603056793622,-118.32825079762245,,,,,0.0,2026-02-21T20:29:10.387005,False
34.16928062874484,-118.31916884554867,,,,,0.0,2026-02-21T20:29:14.055887,False
34.175937475018785,-118.31372870402733,,,,,0.0,2026-02-21T20:29:17.638691,False
34.0558032032181,-117.9932551182544,,,,,0.0,2026-02-21T20:29:24.260353,False
34.06744396287151,-118.215879763036,,,,,0.0,2026-02-21T20:29:28.939441,False
34.067573285632626,-118.20590029633875,,,,,0.0,2026-02-21T20:29:32.374223,False
34.07516134244668,-118.20516241619076,,,,,0.0,2026-02-21T20:29:35.902532,False
34.08063089795496,-118.20159258361636,,,,,0.0,2026-02-21T20:29:39.442010,False
34.112934676666626,-118.19697959602762,,,,,0.0,2026-02-21T20:29:46.369795,False
34.12728925343963,-118.19435473965343,,,,,0.0,2026-02-21T20:29:49.869020,False
34.15478244053644,-118.27606601224738,,,,,0.0,2026-02-21T20:29:54.673722,False
34.04201670610391,-117.95830407336092,,,,,0.0,2026-02-21T20:29:59.365218,False
34.03584499344224,-117.9648533452236,,,,,0.0,2026-02-21T20:30:02.841963,False
34.14302421627912,-118.01155120794864,,,,,0.0,2026-02-21T20:30:06.302862,False
34.199706860003715,-118.170552051203,,,,,0.0,2026-02-21T20:30:11.335568,False
34.18552487192446,-118.17831069563942,,,,,0.0,2026-02-21T20:30:15.153016,False
34.1771279322645,-118.18996506097034,,,,,0.0,2026-02-21T20:30:18.986013,False
34.04220311164621,-118.16493200523108,,,,,0.0,2026-02-21T20:30:23.326734,False
34.19087035098892,-118.34390104367544,,,,,0.0,2026-02-21T20:30:27.423767,False
34.013081497146665,-118.07510453695583,,,,,0.0,2026-02-21T20:30:32.122187,False
34.01800687007559,-118.07835817176304,,,,,0.0,2026-02-21T20:30:35.662022,False
34.15622800421841,-118.2456598532972,,,,,0.0,2026-02-21T20:30:39.677017,False
34.15249033171155,-118.23708350207608,,,,,0.0,2026-02-21T20:31:03.189150,False
34.14689655479677,-118.22983138660112,,,,,0.0,2026-02-21T20:31:06.635591,False
34.144967122706106,-118.25672377076,2.297447204589844,1.1770907100328465e-42,2.297447204589844,Unknown,1.4332480852332687,2026-02-21T20:31:10.348722,True
34.1463913239764,-118.26279329196836,,,,,0.0,2026-02-21T20:31:17.366093,False
34.14640700100657,-118.271548979234,,,,,0.0,2026-02-21T20:31:22.348096,False
34.13882645651423,-118.26833713955276,,,,,0.0,2026-02-21T20:31:27.748181,False
34.13333437226244,-118.26777628564685,,,,,0.0,2026-02-21T20:31:32.529596,False
34.18314822884679,-118.278200533195,,,,,0.0,2026-02-21T20:31:36.722681,False
34.18926109168524,-118.27265102323388,,,,,0.0,2026-02-21T20:31:40.241083,False
34.19525527201202,-118.26603313213076,,,,,0.0,2026-02-21T20:31:44.099864,False
34.20255126455395,-118.26307172610524,,,,,0.0,2026-02-21T20:31:47.416409,False
34.20960736819804,-118.25873421832036,,,,,0.0,2026-02-21T20:31:50.760475,False
34.217440282270765,-118.25836866286758,,,,,0.0,2026-02-21T20:31:54.105759,False
34.160268532847944,-118.2404692258507,,,,,0.0,2026-02-21T20:31:57.706793,False
34.18864676571313,-118.20816002193826,1.999755859375,2.9416057363106555e-41,1.999755859375,Unknown,3.446785066167417,2026-02-21T20:32:01.262787,True
34.172534787079464,-118.22814774468742,,,,,0.0,2026-02-21T20:32:04.766676,False
34.16477001962292,-118.23375377706805,,,,,0.0,2026-02-21T20:32:08.365547,False
34.2145198686401,-118.39025016430976,,,,,0.0,2026-02-21T20:32:12.974982,False
34.229796719960135,-118.40215836498815,3.016460418701172,3.5915279640645055e-42,3.016460418701172,Unknown,1.1912251952785715,2026-02-21T20:32:18.189734,True
34.26863608092216,-118.35599318076696,,,,,0.0,2026-02-21T20:32:21.547044,False
34.28379052762438,-118.3505442269593,,,,,0.0,2026-02-21T20:32:24.658867,False
34.29182833074226,-118.3489166193017,,,,,0.0,2026-02-21T20:32:27.905640,False
34.29975984731744,-118.34647291197273,,,,,0.0,2026-02-21T20:32:31.109314,False
34.30768210146828,-118.3439850158862,,,,,0.0,2026-02-21T20:32:34.433807,False
34.31568036738635,-118.3419563946795,,,,,0.0,2026-02-21T20:32:37.627320,False
34.323802285815844,-118.34084785408236,,,,,0.0,2026-02-21T20:32:40.846766,False
34.36425006450534,-118.29249031844628,,,,,0.0,2026-02-21T20:32:45.125771,False
34.367599296157834,-118.2839375195751,,,,,0.0,2026-02-21T20:32:52.218688,False
34.37332457518612,-118.27678246379502,,,,,0.0,2026-02-21T20:32:59.120666,False
34.38283763300399,-118.2606472537788,,,,,0.0,2026-02-21T20:33:06.138316,False
34.38700310710483,-118.25202286502834,,,,,0.0,2026-02-21T20:33:10.292445,False
34.39090118527222,-118.24321515084726,,,,,0.0,2026-02-21T20:33:15.082761,False
34.393532225844694,-118.24835967552627,2.7392730712890625,5.170791333358575e-43,2.7392730712890625,Unknown,1.2928176334386507,2026-02-21T20:33:20.468154,True
34.39850478193121,-118.22546683708455,,,,,0.0,2026-02-21T20:33:26.211561,False
34.40301250132083,-118.071018509287,,,,,0.0,2026-02-21T20:33:29.883236,False
34.39600753367871,-118.07450856489749,,,,,0.0,2026-02-21T20:33:34.689827,False
34.388979154298326,-118.07963289069916,,,,,0.0,2026-02-21T20:33:40.339882,False
34.38195705408195,-118.08476945656906,,,,,0.0,2026-02-21T20:33:46.426273,False
34.375027185216325,-118.0900907525779,,,,,0.0,2026-02-21T20:33:52.972528,False
34.36809701692918,-118.0954110977628,,,,,0.0,2026-02-21T20:33:57.837639,False
34.36054171618499,-118.09757351703456,,,,,0.0,2026-02-21T20:34:02.466561,False
34.352392113786856,-118.09673381314666,,,,,0.0,2026-02-21T20:34:07.431313,False
34.34424242709726,-118.09589428564634,,,,,0.0,2026-02-21T20:34:12.695172,False
34.33676007704002,-118.09299030998515,,,,,0.0,2026-02-21T20:34:17.454866,False
34.33034930237609,-118.08677135353447,,,,,0.0,2026-02-21T20:34:21.193012,False
34.32393814676166,-118.08055342443572,,,,,0.0,2026-02-21T20:34:26.795577,False
34.31752661020155,-118.07433652248749,,,,,0.0,2026-02-21T20:34:30.864000,False
34.31111469270068,-118.0681206474885,,,,,0.0,2026-02-21T20:34:34.326581,False
34.30470239426379,-118.06190579923748,,,,,0.0,2026-02-21T20:34:37.517328,False
34.298289714895795,-118.0556919775332,,,,,0.0,2026-02-21T20:34:40.755721,False
34.29187665460136,-118.04947918217452,,,,,0.0,2026-02-21T20:34:45.215986,False
34.28458792315046,-118.04495008991842,,,,,0.0,2026-02-21T20:34:51.315020,False
34.27727444846386,-118.04046895241186,,,,,0.0,2026-02-21T20:34:58.416450,False
34.26996073705966,-118.03598865876064,,,,,0.0,2026-02-21T20:35:07.876851,False
34.26259754166287,-118.03163436906918,,,,,0.0,2026-02-21T20:35:17.707710,False
34.24054816616009,-118.01847763362858,,,,,0.0,2026-02-21T20:35:23.482366,False
34.234196558392284,-118.0126312859076,,,,,0.0,2026-02-21T20:35:27.760252,False
34.22959425148088,-118.00436267242176,,,,,0.0,2026-02-21T20:35:32.220246,False
34.21765467415904,-117.97923629334544,,,,,0.0,2026-02-21T20:35:35.901034,False
34.19956452573661,-117.95660702895682,,,,,0.0,2026-02-21T20:35:39.628588,False
34.19149583182371,-117.95526500876709,,,,,0.0,2026-02-21T20:35:43.852126,False
34.184242366838504,-117.96137526191303,2.205120086669922,2.512528146534397e-42,2.205120086669922,Unknown,0.8268241315705911,2026-02-21T20:35:47.451864,True
34.17581480913299,-117.94956475563504,,,,,0.0,2026-02-21T20:35:51.579496,False
34.13115737721863,-117.95387806552051,,,,,0.0,2026-02-21T20:35:55.428680,False
34.11605357718652,-117.97699898872202,,,,,0.0,2026-02-21T20:35:59.023226,False
34.4075690927185,-118.07993326729328,,,,,0.0,2026-02-21T20:36:00.402071,False
34.40014109404627,-118.07665844723164,,,,,0.0,2026-02-21T20:36:03.087636,False
34.258187052866184,-118.02992139486405,,,,,0.0,2026-02-21T20:36:07.081108,False
34.155338870877635,-117.94386809333405,,,,,0.0,2026-02-21T20:36:11.616052,False
34.12894141450981,-117.959443430834,,,,,0.0,2026-02-21T20:36:16.039014,False
34.11144998126745,-117.97917485096532,,,,,0.0,2026-02-21T20:36:19.526074,False
34.407919337212974,-118.14048320715658,,,,,0.0,2026-02-21T20:36:23.609297,False
34.39989871874754,-118.14243990536777,,,,,0.0,2026-02-21T20:36:27.766851,False
34.39187799244441,-118.14439619878992,,,,,0.0,2026-02-21T20:36:31.111788,False
34.38385715817571,-118.146352087547,,,,,0.0,2026-02-21T20:36:34.734513,False
34.37583621581358,-118.1483075717629,,,,,0.0,2026-02-21T20:36:38.278680,False
34.36781516523024,-118.15026265156143,,,,,0.0,2026-02-21T20:36:41.615409,False
34.35979400629793,-118.15221732706642,,,,,0.0,2026-02-21T20:36:44.927100,False
34.35177273888889,-118.1541715984016,,,,,0.0,2026-02-21T20:36:48.375190,False
34.327991552904095,-118.16154197213277,,,,,0.0,2026-02-21T20:36:51.873478,False
34.320227252740864,-118.16467885003816,,,,,0.0,2026-02-21T20:36:59.609305,False
34.31248662928122,-118.16791215568192,,,,,0.0,2026-02-21T20:37:04.691534,False
34.30474584477089,-118.17114481657931,,,,,0.0,2026-02-21T20:37:08.915075,False
34.297004899111336,-118.17437683291566,,,,,0.0,2026-02-21T20:37:12.378858,False
34.293942930645954,-118.18476473380966,1.999755859375,2.9416057363106555e-41,1.999755859375,Unknown,0.8384202547953428,2026-02-21T20:37:15.934245,True
34.273357264144494,-118.18221789972428,,,,,0.0,2026-02-21T20:37:19.587304,False
34.26537098945707,-118.18437866673209,,,,,0.0,2026-02-21T20:37:24.217349,False
34.25725172488316,-118.18554993975228,,,,,0.0,2026-02-21T20:37:28.440874,False
34.249104626711,-118.18626407754324,,,,,0.0,2026-02-21T20:37:33.486630,False
34.24092524500524,-118.18621815110365,,,,,0.0,2026-02-21T20:37:37.569680,False
34.23274578251861,-118.18617223433137,,,,,0.0,2026-02-21T20:37:41.030410,False
34.219238683246495,-118.17017239054732,,,,,0.0,2026-02-21T20:37:44.570763,False
34.334346352999574,-118.16027222052011,,,,,0.0,2026-02-21T20:37:48.758674,False
34.28772858841709,-118.17897517545642,,,,,0.0,2026-02-21T20:37:52.968757,False
33.9887683133897,-118.10615528715236,,,,,0.0,2026-02-21T20:37:56.992831,False
33.99343904397792,-118.09796841864976,,,,,0.0,2026-02-21T20:38:01.118464,False
33.99936843063295,-118.09133130187712,,,,,0.0,2026-02-21T20:38:04.581030,False
34.00706554200921,-118.08845473221604,,,,,0.0,2026-02-21T20:38:08.693983,False
34.01520024999333,-118.08738579719136,,,,,0.0,2026-02-21T20:38:11.895973,False
34.01983513824582,-118.06926684793213,,,,,0.0,2026-02-21T20:38:16.047890,False
34.020618143693504,-118.05933772953084,,,,,0.0,2026-02-21T20:38:21.083268,False
34.03988120457146,-118.01994472979794,,,,,0.0,2026-02-21T20:38:25.022767,False
34.05037041230555,-118.00589238480477,,,,,0.0,2026-02-21T20:38:28.550742,False
34.05753686035404,-118.00153351740512,,,,,0.0,2026-02-21T20:38:32.001939,False
34.06471637339995,-117.9968076826575,,,,,0.0,2026-02-21T20:38:36.144700,False
34.07225776187868,-117.99293812309703,,,,,0.0,2026-02-21T20:38:40.476517,False
34.087651332129106,-117.98620464354772,,,,,0.0,2026-02-21T20:38:46.020735,False
34.09521967288991,-117.9825827505734,,,,,0.0,2026-02-21T20:38:50.592075,False
34.10734978967064,-117.9486150785974,,,,,0.0,2026-02-21T20:38:55.089352,False
34.1106888566693,-117.91083231050445,,,,,0.0,2026-02-21T20:39:00.626249,False
34.1106135037295,-117.89085954654658,,,,,0.0,2026-02-21T20:39:05.564711,False
34.12034939150511,-118.17812806644594,,,,,0.0,2026-02-21T21:29:51.508963,False
34.099709225324524,-118.20405163837,,,,,0.0,2026-02-21T21:30:02.243716,False
34.088224997510856,-118.22169371543907,,,,,0.0,2026-02-21T21:30:05.971272,False
34.05608284154128,-118.0339491951628,,,,,0.0,2026-02-21T21:30:12.031113,False
34.23079509036694,-118.38925737357714,,,,,0.0,2026-02-21T21:30:25.651715,False
34.39470333009605,-118.2343414290703,,,,,0.0,2026-02-21T21:30:30.422345,False
34.183655393017844,-117.9524145948611,,,,,0.0,2026-02-21T21:30:35.419866,False
37.976760291993656,-122.25491531066707,,,,,0.0,2026-02-21T21:32:33.434794,False
37.96960798032966,-122.259970498195,,,,,0.0,2026-02-21T21:32:37.307474,False
37.96249810885013,-122.26512364642178,,,,,0.0,2026-02-21T21:32:44.038589,False
37.95828739062001,-122.2707885453171,,,,,0.0,2026-02-21T21:32:50.480757,False
37.96288555085925,-122.27789016168455,,,,,0.0,2026-02-21T21:32:54.248345,False
37.90333155629767,-122.2935318621,,,,,0.0,2026-02-21T21:32:58.002008,False
37.583008056959216,-122.318030889904,,,,,0.0,2026-02-21T21:33:01.536169,False
37.58089136555746,-122.3123194032951,,,,,0.0,2026-02-21T21:33:05.270355,False
37.574960766577526,-122.3051470169121,,,,,0.0,2026-02-21T21:33:08.802076,False
37.57159724770001,-122.29576102106576,,,,,0.0,2026-02-21T21:33:13.345825,False
37.56884145111821,-122.28592355003563,,,,,0.0,2026-02-21T21:33:19.190452,False
37.56395564969704,-122.2795468142241,,,,,0.0,2026-02-21T21:33:22.738505,False
37.55579666479126,-122.27953301325878,,,,,0.0,2026-02-21T21:33:26.338387,False
37.55504968459102,-122.28728191308376,,,,,0.0,2026-02-21T21:33:29.854896,False
37.92658834823301,-122.07493813761802,,,,,0.0,2026-02-21T21:33:33.982001,False
37.97900516003322,-122.194551835892,,,,,0.0,2026-02-21T21:33:37.738515,False
37.97094990944431,-122.19575301054915,,,,,0.0,2026-02-21T21:33:43.391878,False
37.96125095885251,-122.21746783858816,2.5719223022460938,2.008060699377463e-42,2.5719223022460938,Unknown,1.7663664234124423,2026-02-21T21:33:47.971230,True
37.95484184223232,-122.19910225171836,,,,,0.0,2026-02-21T21:33:51.423357,False
37.94678046782845,-122.20071296925217,,,,,0.0,2026-02-21T21:33:55.531201,False
37.93869547016583,-122.20211833912217,,,,,0.0,2026-02-21T21:33:59.348865,False
37.93061048702285,-122.20352379893204,,,,,0.0,2026-02-21T21:34:02.746485,False
37.92451130307445,-122.22412935235202,2.0029335021972656,4.484155085839416e-43,2.0029335021972656,Unknown,1.486223471409537,2026-02-21T21:34:07.038505,True
37.91682679233806,-122.21367891924504,,,,,0.0,2026-02-21T21:34:12.858425,False
37.91067155333965,-122.21549655712936,,,,,0.0,2026-02-21T21:34:16.500229,False
37.73868387323048,-122.19380030996298,,,,,0.0,2026-02-21T21:34:20.106951,False
37.95765808334627,-122.13052712776384,,,,,0.0,2026-02-21T21:34:23.886787,False
37.95582603693258,-122.14073987744864,,,,,0.0,2026-02-21T21:34:27.443484,False
37.95669975323796,-122.15106915552823,,,,,0.0,2026-02-21T21:34:31.571431,False
37.953071705062094,-122.1603790462686,,,,,0.0,2026-02-21T21:34:37.213137,False
37.94655420492015,-122.16663813843476,,,,,0.0,2026-02-21T21:34:40.806622,False
37.93976689296923,-122.17245877426686,,,,,0.0,2026-02-21T21:34:44.309217,False
37.93443158043209,-122.18030786963278,,,,,0.0,2026-02-21T21:34:47.815776,False
37.929431924933446,-122.18860679011613,,,,,0.0,2026-02-21T21:34:51.620746,False
37.92638331708447,-122.19823592414824,,,,,0.0,2026-02-21T21:34:56.011141,False
37.91894998528371,-122.20242685236,,,,,0.0,2026-02-21T21:34:59.837571,False
37.9109452517082,-122.20436368945042,,,,,0.0,2026-02-21T21:35:04.412055,False
37.74430504939736,-122.20313955464734,,,,,0.0,2026-02-21T21:35:08.787277,False
37.751702335063314,-122.20755888133822,,,,,0.0,2026-02-21T21:35:12.279034,False
37.759099448334766,-122.21197909162544,,,,,0.0,2026-02-21T21:35:15.683982,False
37.7548342572626,-122.386019928895,,,,,0.0,2026-02-21T21:35:19.371918,False
37.8557906506922,-122.07603501022402,,,,,0.0,2026-02-21T21:35:23.209767,False
37.85498307149282,-122.0655945088702,,,,,0.0,2026-02-21T21:35:27.363843,False
37.85938323663397,-122.05754874177605,,,,,0.0,2026-02-21T21:35:31.050257,False
37.86645863433306,-122.05232445430272,,,,,0.0,2026-02-21T21:35:35.564675,False
37.872058442673534,-122.04494040158778,,,,,0.0,2026-02-21T21:35:39.093697,False
37.875235192272655,-122.0355192872657,,,,,0.0,2026-02-21T21:35:42.705932,False
37.879413604057135,-122.02699438953394,,,,,0.0,2026-02-21T21:35:47.563780,False
37.88403015781503,-122.01834063961374,,,,,0.0,2026-02-21T21:35:54.029556,False
37.91644177613532,-122.30226116631398,,,,,0.0,2026-02-21T21:35:59.466629,False
37.91842510084779,-122.29209414621232,,,,,0.0,2026-02-21T21:36:03.534433,False
37.91942990825119,-122.28189277543323,,,,,0.0,2026-02-21T21:36:07.247579,False
37.91702401459189,-122.27186082076626,,,,,0.0,2026-02-21T21:36:10.790174,False
37.91439485745468,-122.26192047942774,,,,,0.0,2026-02-21T21:36:14.952617,False
37.91152228205527,-122.25209522128536,,,,,0.0,2026-02-21T21:36:18.661316,False
37.908724873331785,-122.24223319271648,,,,,0.0,2026-02-21T21:36:22.059225,False
37.906096664653546,-122.23229350204129,,,,,0.0,2026-02-21T21:36:26.186409,False
37.90345321508,-122.22236086805206,,,,,0.0,2026-02-21T21:36:29.955031,False
37.90455746369272,-122.21275098113408,,,,,0.0,2026-02-21T21:36:33.479663,False
37.94430119515318,-122.389204043352,,,,,0.0,2026-02-21T21:36:37.135933,False
37.87601376107041,-122.187021631812,,,,,0.0,2026-02-21T21:36:40.904476,False
37.86944939254925,-122.18078996949087,,,,,0.0,2026-02-21T21:36:44.263688,False
37.864409232063146,-122.17972117357137,,,,,0.0,2026-02-21T21:36:48.322881,False
37.86271672750874,-122.18998608301015,,,,,0.0,2026-02-21T21:36:51.746838,False
37.86070311876546,-122.19999259258996,,,,,0.0,2026-02-21T21:36:55.326604,False
37.85426261257706,-122.2064332631414,,,,,0.0,2026-02-21T21:36:58.685644,False
37.84944074120786,-122.2147081050444,,,,,0.0,2026-02-21T21:37:02.886983,False
37.84757755565031,-122.22462402647002,,,,,0.0,2026-02-21T21:37:09.740989,False
37.77737163770731,-122.41382597595802,,,,,0.0,2026-02-21T21:37:15.650642,False
37.77179341337386,-122.40617786452655,,,,,0.0,2026-02-21T21:37:20.105184,False
37.76621537565498,-122.39853009691748,,,,,0.0,2026-02-21T21:37:24.465383,False
37.76063752116335,-122.39088267714064,,,,,0.0,2026-02-21T21:37:27.662608,False
37.78364298196097,-122.417043756577,,,,,0.0,2026-02-21T21:37:31.833773,False
37.75651920280244,-122.3937336896109,,,,,0.0,2026-02-21T21:37:35.345757,False
37.74973869986614,-122.38790661085729,,,,,0.0,2026-02-21T21:37:38.735383,False
37.74295858110223,-122.38207930887822,,,,,0.0,2026-02-21T21:37:41.997261,False
37.8103025339954,-122.271501400206,,,,,0.0,2026-02-21T21:37:46.491449,False
37.80388304765911,-122.27770614801916,,,,,0.0,2026-02-21T21:37:50.915441,False
37.74601580593542,-122.40336307057,,,,,0.0,2026-02-21T21:37:56.706751,False
37.75137756998635,-122.39546634257232,,,,,0.0,2026-02-21T21:38:01.757170,False
37.65089742573299,-122.454015542655,,,,,0.0,2026-02-21T21:38:08.751259,False
37.64280516504372,-122.45532828301728,,,,,0.0,2026-02-21T21:38:12.796258,False
37.634701707543,-122.45653953872552,,,,,0.0,2026-02-21T21:38:16.644068,False
37.62841385295902,-122.4501582472326,,,,,0.0,2026-02-21T21:38:22.406215,False
37.747795938449165,-122.19872751473736,,,,,0.0,2026-02-21T21:38:29.463887,False
37.75473803135292,-122.2017664221006,,,,,0.0,2026-02-21T21:38:34.081212,False
37.7374781667796,-122.37739184374504,,,,,0.0,2026-02-21T21:38:37.649446,False
37.67205936676034,-122.088157863018,,,,,0.0,2026-02-21T21:38:41.365255,False
37.86297221167708,-122.08017810846836,,,,,0.0,2026-02-21T21:38:44.962140,False
37.622088310220384,-122.446831739583,,,,,0.0,2026-02-21T21:38:48.881283,False
37.805399406895965,-122.23132398412102,,,,,0.0,2026-02-21T21:38:54.748777,False
37.81012129841525,-122.22321342850756,,,,,0.0,2026-02-21T21:39:00.032111,False
37.81418363895469,-122.2143285546269,,,,,0.0,2026-02-21T21:39:03.555467,False
37.81916466366802,-122.206132735917,,,,,0.0,2026-02-21T21:39:07.217251,False
37.82698929375343,-122.20317403571256,,,,,0.0,2026-02-21T21:39:10.979653,False
37.83287128943434,-122.19666625677844,,,,,0.0,2026-02-21T21:39:14.487446,False
37.83772951094628,-122.18823963255942,,,,,0.0,2026-02-21T21:39:18.332525,False
37.84252901912458,-122.17975781358004,,,,,0.0,2026-02-21T21:39:23.942502,False
37.84662883633785,-122.17072872651212,,,,,0.0,2026-02-21T21:39:30.305467,False
37.84789686514552,-122.16090934832864,,,,,0.0,2026-02-21T21:39:35.784490,False
37.78750371030839,-122.39333210212,,,,,0.0,2026-02-21T21:39:39.724286,False
37.78218437132009,-122.40104858408188,,,,,0.0,2026-02-21T21:39:43.267880,False
37.77039696797978,-122.41527970805646,,,,,0.0,2026-02-21T21:39:46.783001,False
37.76225533005648,-122.41460389042518,,,,,0.0,2026-02-21T21:39:50.448187,False
37.75411367366338,-122.41392822150524,,,,,0.0,2026-02-21T21:39:54.646761,False
37.745971998640094,-122.4132527012476,,,,,0.0,2026-02-21T21:39:58.420181,False
37.74025778822193,-122.41115004841396,,,,,0.0,2026-02-21T21:40:03.789064,False
37.73223311361352,-122.41057827460789,,,,,0.0,2026-02-21T21:40:08.092527,False
37.7250982350317,-122.40964479230688,,,,,0.0,2026-02-21T21:40:13.888268,False
37.71845297561275,-122.407095316482,,,,,0.0,2026-02-21T21:40:17.547888,False
37.711816067423285,-122.41106147276705,,,,,0.0,2026-02-21T21:40:22.551190,False
37.70545558987916,-122.4104677939571,,,,,0.0,2026-02-21T21:40:26.901051,False
37.81611608938236,-122.27489673094745,,,,,0.0,2026-02-21T21:40:31.891966,False
37.82406013769216,-122.27250792403429,,,,,0.0,2026-02-21T21:40:38.952946,False
37.83200412642859,-122.27011860368478,,,,,0.0,2026-02-21T21:40:43.073685,False
37.83748560070445,-122.26511661170912,,,,,0.0,2026-02-21T21:40:46.633208,False
37.83684769421157,-122.25412269122327,,,,,0.0,2026-02-21T21:40:50.541064,False
37.84074099317584,-122.24643800201324,,,,,0.0,2026-02-21T21:40:54.074946,False
37.84079827936386,-122.23727714657488,,,,,0.0,2026-02-21T21:40:57.932643,False
37.84286835357388,-122.22788217284658,,,,,0.0,2026-02-21T21:41:01.487060,False
37.56490038317736,-122.319334693029,,,,,0.0,2026-02-21T21:41:05.358188,False
37.57116247478477,-122.3244265054669,,,,,0.0,2026-02-21T21:41:09.684867,False
37.577559148302285,-122.3276341203972,,,,,0.0,2026-02-21T21:41:13.137151,False
37.76325596215208,-122.40657312873536,,,,,0.0,2026-02-21T21:41:16.745811,False
37.75635916299672,-122.40763264073875,,,,,0.0,2026-02-21T21:41:20.248318,False
37.85801340925129,-122.268606387862,,,,,0.0,2026-02-21T21:41:23.927574,False
37.85518175581543,-122.27708774012528,,,,,0.0,2026-02-21T21:41:27.474686,False
37.85160518296425,-122.2834856188248,,,,,0.0,2026-02-21T21:41:31.056850,False
37.84548098552248,-122.27919780411096,,,,,0.0,2026-02-21T21:41:34.698188,False
37.83925034777594,-122.27582935896471,,,,,0.0,2026-02-21T21:41:39.202985,False
37.69688480447369,-122.41298638430736,,,,,0.0,2026-02-21T21:41:42.651348,False
37.68885881123337,-122.4111619760743,,,,,0.0,2026-02-21T21:41:45.987123,False
37.68083212153031,-122.40928693258748,,,,,0.0,2026-02-21T21:41:49.560832,False
37.67279375231677,-122.40749847804824,,,,,0.0,2026-02-21T21:41:53.991829,False
37.66473001386724,-122.4059055400934,,,,,0.0,2026-02-21T21:41:57.167677,False
37.657864807161374,-122.4014491320064,,,,,0.0,2026-02-21T21:42:00.509736,False
37.65267852620892,-122.403303654174,,,,,0.0,2026-02-21T21:42:03.853777,False
37.569006903732046,-122.27100957622233,,,,,0.0,2026-02-21T21:42:07.538420,False
37.57144821892609,-122.2612696669195,,,,,0.0,2026-02-21T21:42:11.871561,False
37.57770695027833,-122.25456414918536,,,,,0.0,2026-02-21T21:42:15.781777,False
37.58396530139304,-122.24785749985824,,,,,0.0,2026-02-21T21:42:19.386450,False
37.589795395833725,-122.24075991457654,,,,,0.0,2026-02-21T21:42:24.124904,False
37.59268446052331,-122.2309826232624,,,,,0.0,2026-02-21T21:42:27.748107,False
37.59557273785867,-122.22120457027066,,,,,0.0,2026-02-21T21:42:31.931914,False
37.59846022775701,-122.21142575571936,,,,,0.0,2026-02-21T21:42:35.439554,False
37.60134693013569,-122.2016461797266,,,,,0.0,2026-02-21T21:42:39.183881,False
37.60423284491202,-122.19186584241062,,,,,0.0,2026-02-21T21:42:42.765955,False
37.60711797200326,-122.1820847438897,,,,,0.0,2026-02-21T21:42:46.424767,False
37.61000231132675,-122.17230288428226,,,,,0.0,2026-02-21T21:42:50.305635,False
37.6128858627997,-122.16252026370672,,,,,0.0,2026-02-21T21:42:54.006255,False
37.61576862633952,-122.15273688228164,,,,,0.0,2026-02-21T21:42:57.588330,False
37.61837282427686,-122.14284601868368,,,,,0.0,2026-02-21T21:43:01.067489,False
37.62016431006645,-122.13264263934126,,,,,0.0,2026-02-21T21:43:04.629641,False
37.62218656012925,-122.12255521435551,,,,,0.0,2026-02-21T21:43:08.528300,False
37.96126134623825,-122.19696188218008,,,,,0.0,2026-02-21T21:43:12.595068,False
37.92361618533592,-122.21383491131486,,,,,0.0,2026-02-21T21:43:16.689919,False
37.91695080999341,-122.2198901509798,,,,,0.0,2026-02-21T21:43:21.017359,False
37.77947482548683,-122.3497947644602,1.999755859375,2.9416057363106555e-41,1.999755859375,Unknown,3.129582726416129,2026-02-21T21:43:24.772622,True
37.78014584433678,-122.34987893144852,1.999755859375,2.9416057363106555e-41,1.999755859375,Unknown,3.1733048048082018,2026-02-21T21:43:28.393289,True
37.78840203929664,-122.38497653124269,,,,,0.0,2026-02-21T21:43:31.817175,False
37.78198949437503,-122.37957211245931,,,,,0.0,2026-02-21T21:43:35.157954,False
37.77391162969419,-122.37815684174006,,,,,0.0,2026-02-21T21:43:38.609342,False
37.76580289420274,-122.3771428725909,,,,,0.0,2026-02-21T21:43:42.258023,False
37.72382505038662,-121.97701382608044,,,,,0.0,2026-02-21T21:43:46.277023,False
37.718412953475465,-121.98485084719395,,,,,0.0,2026-02-21T21:43:50.824306,False
37.71300219305912,-121.99268882423394,,,,,0.0,2026-02-21T21:43:54.598381,False
37.707590922126194,-122.00052565574212,,,,,0.0,2026-02-21T21:43:59.144680,False
37.70217914073783,-122.00836134186306,,,,,0.0,2026-02-21T21:44:03.608169,False
37.69676684895499,-122.01619588274131,,,,,0.0,2026-02-21T21:44:07.185762,False
37.66720093011648,-122.01216249578049,1.999755859375,2.9416057363106555e-41,1.999755859375,Unknown,2.8816028745089857,2026-02-21T21:44:10.741277,True
37.68594073444984,-122.0318615293482,,,,,0.0,2026-02-21T21:44:14.396987,False
37.680527898852525,-122.03969375808212,,,,,0.0,2026-02-21T21:44:18.357736,False
37.675095878720455,-122.04750345155053,,,,,0.0,2026-02-21T21:44:21.874687,False
37.66972122778251,-122.0553747215496,,,,,0.0,2026-02-21T21:44:25.426265,False
37.6645575892816,-122.063477440008,,,,,0.0,2026-02-21T21:44:30.020694,False
37.65939340554221,-122.0715790290706,,,,,0.0,2026-02-21T21:44:33.674134,False
37.65426910930213,-122.07972079501486,,,,,0.0,2026-02-21T21:44:37.158204,False
37.64870090135489,-122.08717308959402,,,,,0.0,2026-02-21T21:44:40.712710,False
37.64172970641441,-122.09260889042716,,,,,0.0,2026-02-21T21:44:45.096254,False
37.634758649602354,-122.0980444977225,,,,,0.0,2026-02-21T21:44:48.610476,False
37.63038030569199,-122.10683851759438,,,,,0.0,2026-02-21T21:44:52.161071,False
37.6260681806556,-122.11571813568872,,,,,0.0,2026-02-21T21:44:55.825393,False
37.65436762901081,-122.09584033692347,,,,,0.0,2026-02-21T21:45:00.190087,False
37.65946070679297,-122.09324916499574,,,,,0.0,2026-02-21T21:45:03.601796,False
37.66334572938827,-122.08497615229564,,,,,0.0,2026-02-21T21:45:07.593687,False
37.84041711060081,-122.16428447364538,,,,,0.0,2026-02-21T21:45:11.437041,False
37.83355828655486,-122.16086577039395,,,,,0.0,2026-02-21T21:45:16.001942,False
37.82771815569434,-122.1535419562446,,,,,0.0,2026-02-21T21:45:19.356602,False
37.82189214373103,-122.14620013435436,,,,,0.0,2026-02-21T21:45:23.378487,False
37.81585665698869,-122.13923224999913,,,,,0.0,2026-02-21T21:45:26.817708,False
37.80857102428324,-122.13451314039526,,,,,0.0,2026-02-21T21:45:30.174445,False
37.801213291575706,-122.13004441426018,,,,,0.0,2026-02-21T21:45:33.497116,False
37.793271790815055,-122.127642206132,,,,,0.0,2026-02-21T21:45:36.762355,False
37.78527102802999,-122.12561744397402,,,,,0.0,2026-02-21T21:45:40.029105,False
37.77735265346448,-122.12352787177544,,,,,0.0,2026-02-21T21:45:43.423207,False
37.76984194200713,-122.11943778683398,,,,,0.0,2026-02-21T21:45:46.713922,False
37.76234445406387,-122.11530639474871,,,,,0.0,2026-02-21T21:45:50.181955,False
37.75439692074961,-122.113835403219,,,,,0.0,2026-02-21T21:45:53.679307,False
37.74625179075893,-122.11411126377676,,,,,0.0,2026-02-21T21:45:57.421545,False
37.73881222949061,-122.11764749712178,,,,,0.0,2026-02-21T21:46:00.902919,False
37.73274810799263,-122.12448383888396,,,,,0.0,2026-02-21T21:46:04.300503,False
37.72735387193778,-122.13219839883683,,,,,0.0,2026-02-21T21:46:07.704186,False
37.72014651461112,-122.13710652144329,,,,,0.0,2026-02-21T21:46:11.335939,False
37.714305702885554,-122.14433611889416,,,,,0.0,2026-02-21T21:46:14.665232,False
37.710572203317504,-122.14867008196602,,,,,0.0,2026-02-21T21:46:18.230985,False
37.70810999192068,-122.1580252152787,,,,,0.0,2026-02-21T21:46:21.777010,False
37.704261711069336,-122.16725805590444,,,,,0.0,2026-02-21T21:46:25.202444,False
37.703291563174325,-122.17512203677045,,,,,0.0,2026-02-21T21:46:28.695653,False
37.7098890577695,-122.17917920162635,,,,,0.0,2026-02-21T21:46:32.277280,False
37.55765930984321,-122.31192584645903,,,,,0.0,2026-02-21T21:46:36.526938,False
37.85416004731361,-122.15481355447928,,,,,0.0,2026-02-21T21:46:40.072016,False
37.858955036251096,-122.1464096969905,,,,,0.0,2026-02-21T21:46:43.457098,False
37.86353222349916,-122.13772395868328,,,,,0.0,2026-02-21T21:46:46.834888,False
37.86458234716765,-122.12832188256088,,,,,0.0,2026-02-21T21:46:50.332897,False
37.86110063780262,-122.11894595562542,,,,,0.0,2026-02-21T21:46:53.800681,False
37.85674026457192,-122.1100779231578,,,,,0.0,2026-02-21T21:46:57.221666,False
37.85511806085515,-122.1001395910473,,,,,0.0,2026-02-21T21:47:00.750976,False
37.85533814631536,-122.08965140316084,,,,,0.0,2026-02-21T21:47:04.425970,False
37.65724968710397,-122.0085646737635,,,,,0.0,2026-02-21T21:47:08.307707,False
37.66341234263484,-122.01542239516152,,,,,0.0,2026-02-21T21:47:11.826110,False
37.66957460272602,-122.02228125741328,,,,,0.0,2026-02-21T21:47:15.554509,False
37.67533453517908,-122.02949637946338,,,,,0.0,2026-02-21T21:47:19.107399,False
37.68869184185577,-122.02667805865195,,,,,0.0,2026-02-21T21:47:22.886304,False
37.72712985359269,-121.97246639794544,,,,,0.0,2026-02-21T21:47:26.725206,False
37.96600302632828,-122.1963846144529,,,,,0.0,2026-02-21T21:47:30.697836,False
37.92785836812546,-122.21101627807197,,,,,0.0,2026-02-21T21:47:34.739585,False
37.91197339502755,-122.051361992225,,,,,0.0,2026-02-21T21:47:38.308028,False
37.71989242717013,-122.1516386994155,,,,,0.0,2026-02-21T21:47:41.860529,False
37.716014532202806,-122.16085219393952,,,,,0.0,2026-02-21T21:47:45.655502,False
37.63829539080077,-122.406318040968,,,,,0.0,2026-02-21T21:47:49.166768,False
37.638879012667005,-122.3963072867994,,,,,0.0,2026-02-21T21:47:52.556592,False
37.60403020591571,-122.42317858701,,,,,0.0,2026-02-21T21:47:57.178597,False
37.86254195863043,-122.16158000436204,,,,,0.0,2026-02-21T21:48:00.872905,False
37.86832587548694,-122.16898063191957,,,,,0.0,2026-02-21T21:48:04.468664,False
37.8741223982032,-122.17636548316972,,,,,0.0,2026-02-21T21:48:08.066741,False
37.88661093389401,-122.1889900508514,,,,,0.0,2026-02-21T21:48:11.879283,False
37.893317366757735,-122.19483039395526,,,,,0.0,2026-02-21T21:48:15.399675,False
37.9000995419834,-122.20055503849962,,,,,0.0,2026-02-21T21:48:19.984701,False
37.903108662579854,-122.19099372560022,2.898834228515625,1.7306036034411488e-42,2.898834228515625,Unknown,1.3908346117809391,2026-02-21T21:48:23.676433,True
37.62739909121209,-122.40394806245747,,,,,0.0,2026-02-21T21:48:27.368194,False
37.84419541290738,-122.25760561851934,,,,,0.0,2026-02-21T21:48:31.218637,False
37.84875568462402,-122.2492199464686,,,,,0.0,2026-02-21T21:48:34.821399,False
37.85243418073355,-122.23985553039805,,,,,0.0,2026-02-21T21:48:38.786079,False
37.84837025223718,-122.23077288186548,,,,,0.0,2026-02-21T21:48:42.359641,False
37.605826413331606,-122.391587851417,,,,,0.0,2026-02-21T21:48:45.747603,False
37.602129337920175,-122.38453152756584,,,,,0.0,2026-02-21T21:48:49.163176,False
37.59718086027808,-122.37633078245744,,,,,0.0,2026-02-21T21:48:52.563499,False
37.59266714889469,-122.36762146703384,,,,,0.0,2026-02-21T21:48:56.168220,False
37.71675195415529,-121.97583416527318,,,,,0.0,2026-02-21T21:48:59.894533,False
37.7103719817714,-121.98055636133212,,,,,0.0,2026-02-21T21:49:04.344932,False
37.705239805192704,-121.98869631657172,,,,,0.0,2026-02-21T21:49:08.039248,False
37.70010707911933,-121.99683514350627,,,,,0.0,2026-02-21T21:49:11.599551,False
37.694807665002415,-122.00479096305446,,,,,0.0,2026-02-21T21:49:15.211587,False
37.68935387626622,-122.01257720372836,,,,,0.0,2026-02-21T21:49:18.816229,False
37.68559945447405,-122.02179484490529,,,,,0.0,2026-02-21T21:49:22.518198,False
37.663853584188885,-122.02151937240144,,,,,0.0,2026-02-21T21:49:26.255492,False
37.65716085687132,-122.0155344904178,,,,,0.0,2026-02-21T21:49:29.912544,False
37.650467824367375,-122.00955068949996,,,,,0.0,2026-02-21T21:49:33.442822,False
37.88172028167163,-122.18829974060002,,,,,0.0,2026-02-21T21:49:37.250603,False
37.88813614233653,-122.19466532949193,,,,,0.0,2026-02-21T21:49:40.863030,False
37.89430153648996,-122.201406558249,,,,,0.0,2026-02-21T21:49:44.608016,False
37.87630660017293,-122.245665056728,,,,,0.0,2026-02-21T21:49:49.024804,False
37.877033050168485,-122.2369985589091,,,,,0.0,2026-02-21T21:49:53.273682,False
37.88277061188062,-122.23036984156802,,,,,0.0,2026-02-21T21:49:57.320241,False
37.88948809983316,-122.2244929658833,,,,,0.0,2026-02-21T21:50:00.793238,False
37.896040084568185,-122.22770642471497,2.8988494873046875,2.9315163873675167e-42,2.8988494873046875,Unknown,0.9317935861629608,2026-02-21T21:50:04.370846,True
37.55283703445647,-122.2605061441764,,,,,0.0,2026-02-21T21:50:08.056790,False
37.55869314984274,-122.26621567594262,,,,,0.0,2026-02-21T21:50:11.666078,False
37.890854867699815,-122.292209616562,,,,,0.0,2026-02-21T21:50:15.483856,False
37.89828653985143,-122.29248016119833,,,,,0.0,2026-02-21T21:50:18.973566,False
37.92500717893766,-122.337361051987,,,,,0.0,2026-02-21T21:50:23.284754,False
37.92542683083255,-122.3268784233761,,,,,0.0,2026-02-21T21:50:27.199893,False
37.925544609279065,-122.31688452991122,,,,,0.0,2026-02-21T21:50:30.783640,False
37.91989263149211,-122.31128654528936,,,,,0.0,2026-02-21T21:50:34.413108,False
37.90941787232945,-122.306881627621,,,,,0.0,2026-02-21T21:50:38.215330,False
37.79791977383959,-122.28207037507,,,,,0.0,2026-02-21T21:50:42.561240,False
37.73044967317442,-122.38107414546036,,,,,0.0,2026-02-21T21:50:46.046239,False
37.727469204398375,-122.3883931169635,,,,,0.0,2026-02-21T21:50:49.353092,False
37.72080300952479,-122.39443151274992,,,,,0.0,2026-02-21T21:50:52.801641,False
37.716240440624674,-122.40174589753036,,,,,0.0,2026-02-21T21:50:56.290834,False
37.67147819921057,-122.159629623653,,,,,0.0,2026-02-21T21:51:00.019169,False
37.67783787619857,-122.16442326143525,,,,,0.0,2026-02-21T21:51:03.688973,False
37.6853894331346,-122.1675891227308,,,,,0.0,2026-02-21T21:51:07.194552,False
37.69330959606561,-122.16923610040018,,,,,0.0,2026-02-21T21:51:10.888876,False
37.71473877292409,-122.18434338723002,,,,,0.0,2026-02-21T21:51:14.961760,False
37.722341804663216,-122.18758880250208,,,,,0.0,2026-02-21T21:51:18.593026,False
37.73034874997597,-122.18959947809184,,,,,0.0,2026-02-21T21:51:22.148165,False
37.854410800868834,-122.16419126124175,,,,,0.0,2026-02-21T21:51:25.712599,False
37.8559232538979,-122.1734443163249,,,,,0.0,2026-02-21T21:51:29.295076,False
37.87319952908992,-122.19385802717534,,,,,0.0,2026-02-21T21:51:32.997137,False
37.8783583941005,-122.2019170683342,,,,,0.0,2026-02-21T21:51:36.426015,False
37.88157310568897,-122.2115583093422,,,,,0.0,2026-02-21T21:51:40.128061,False
37.88802240968596,-122.21519732535836,,,,,0.0,2026-02-21T21:51:43.711066,False
37.89554030314769,-122.21112033262918,,,,,0.0,2026-02-21T21:51:48.186932,False
37.903052476444685,-122.20702576415252,,,,,0.0,2026-02-21T21:51:51.766987,False
37.95117223908001,-122.22090136222236,2.963703155517578,5.333341955220254e-42,2.963703155517578,Unknown,1.359277503092777,2026-02-21T21:51:55.568790,True
37.9578627840886,-122.20370477836616,,,,,0.0,2026-02-21T21:51:59.003905,False
37.96560451231064,-122.2060523170224,,,,,0.0,2026-02-21T21:52:02.663312,False
37.97249421247535,-122.21167994688231,,,,,0.0,2026-02-21T21:52:06.151679,False
37.97938625211371,-122.21730337369353,,,,,0.0,2026-02-21T21:52:09.698319,False
37.6301259791775,-122.1248230165348,,,,,0.0,2026-02-21T21:52:13.454734,False
37.635756644901726,-122.1322885315784,,,,,0.0,2026-02-21T21:52:16.984597,False
37.64216079208678,-122.13876444760912,,,,,0.0,2026-02-21T21:52:20.333744,False
37.648508122003165,-122.14533453387816,,,,,0.0,2026-02-21T21:52:23.938859,False
37.65567400624967,-122.15025408752578,,,,,0.0,2026-02-21T21:52:28.240625,False
37.66301300465872,-122.15481794457992,,,,,0.0,2026-02-21T21:52:31.705038,False
37.71088498847968,-122.40449400294357,,,,,0.0,2026-02-21T21:52:35.696004,False
37.90891949923307,-122.057306662788,,,,,0.0,2026-02-21T21:52:39.857800,False
37.90344064917912,-122.06445719858397,,,,,0.0,2026-02-21T21:52:43.328898,False
37.89818261194943,-122.07248442278964,,,,,0.0,2026-02-21T21:52:46.732866,False
37.89340772576057,-122.08098447995827,,,,,0.0,2026-02-21T21:52:50.339865,False
37.88885781600368,-122.08969755733104,,,,,0.0,2026-02-21T21:52:53.951081,False
37.884283053942816,-122.0983884209413,,,,,0.0,2026-02-21T21:52:57.376490,False
37.87971170399664,-122.10708172514204,,,,,0.0,2026-02-21T21:53:01.180597,False
37.87516383394271,-122.1157949620606,,,,,0.0,2026-02-21T21:53:04.497440,False
37.870616219228886,-122.12450788652204,,,,,0.0,2026-02-21T21:53:07.970622,False
37.9454070096996,-122.381032957646,,,,,0.0,2026-02-21T21:53:11.765391,False
37.696656936999645,-122.421927609443,,,,,0.0,2026-02-21T21:53:16.208129,False
37.68903744450659,-122.42567042260244,,,,,0.0,2026-02-21T21:53:19.751810,False
37.68142584093307,-122.42943932006966,,,,,0.0,2026-02-21T21:53:23.315676,False
37.67652282499298,-122.135070262301,,,,,0.0,2026-02-21T21:53:26.695811,False
37.68354296838457,-122.13913150045671,,,,,0.0,2026-02-21T21:53:29.965405,False
37.69138555137158,-122.13995606288296,,,,,0.0,2026-02-21T21:53:33.308764,False
37.696143040679125,-122.14313420305665,,,,,0.0,2026-02-21T21:53:37.408940,False
37.70169663629334,-122.15029414697716,,,,,0.0,2026-02-21T21:53:40.768657,False
37.8422882171131,-122.48769949257084,,,,,0.0,2026-02-21T21:53:45.561026,False
37.84135115649644,-122.47772696780392,,,,,0.0,2026-02-21T21:53:49.209730,False
37.67065337812322,-122.12961610458407,,,,,0.0,2026-02-21T21:53:52.931950,False
37.66965675386251,-122.12057705111826,,,,,0.0,2026-02-21T21:53:56.247652,False
37.66897623207922,-122.11297070271712,,,,,0.0,2026-02-21T21:53:59.790621,False
37.67141183814282,-122.1045513596551,,,,,0.0,2026-02-21T21:54:04.168600,False
37.67519571689184,-122.09529012511616,,,,,0.0,2026-02-21T21:54:07.536779,False
37.68310715499626,-122.09769621316812,,,,,0.0,2026-02-21T21:54:11.314453,False
37.93853813311451,-122.324680948171,,,,,0.0,2026-02-21T21:54:15.128224,False
37.94576202293917,-122.32670236676113,,,,,0.0,2026-02-21T21:54:18.752891,False
37.95008421527328,-122.33228190869806,,,,,0.0,2026-02-21T21:54:22.475152,False
37.95065897495098,-122.3422453570078,,,,,0.0,2026-02-21T21:54:26.081098,False
37.96008232051911,-122.34658173673404,,,,,0.0,2026-02-21T21:54:29.720641,False
37.6872973607104,-122.04249008804588,,,,,0.0,2026-02-21T21:54:33.955857,False
37.69534166088847,-122.0436390859004,,,,,0.0,2026-02-21T21:54:37.573573,False
37.70305362902175,-122.04705623607506,,,,,0.0,2026-02-21T21:54:41.137122,False
37.710399940667216,-122.05157317691098,,,,,0.0,2026-02-21T21:54:44.456991,False
37.71765761270485,-122.05635697298672,,,,,0.0,2026-02-21T21:54:48.219597,False
37.72491559557603,-122.06114042987326,,,,,0.0,2026-02-21T21:54:51.757768,False
37.73217358248605,-122.06592431501004,,,,,0.0,2026-02-21T21:54:55.360280,False
37.73943176228499,-122.07070815629876,,,,,0.0,2026-02-21T21:54:59.260906,False
37.746690021775215,-122.07549223730751,,,,,0.0,2026-02-21T21:55:02.704507,False
37.75370313267375,-122.0808326802326,,,,,0.0,2026-02-21T21:55:06.800929,False
37.76063134652436,-122.08636607613326,,,,,0.0,2026-02-21T21:55:10.547996,False
37.76755929878462,-122.09190050833472,,,,,0.0,2026-02-21T21:55:13.970889,False
37.77551349135554,-122.09343288145702,,,,,0.0,2026-02-21T21:55:17.457473,False
37.78351271946748,-122.09497509517634,,,,,0.0,2026-02-21T21:55:20.824969,False
37.791038119792965,-122.09902400143592,,,,,0.0,2026-02-21T21:55:24.288367,False
37.798577279028336,-122.10302327029292,,,,,0.0,2026-02-21T21:55:27.786884,False
37.80640896715994,-122.10596125976193,,,,,0.0,2026-02-21T21:55:31.258934,False
37.81424089134917,-122.10889846444836,,,,,0.0,2026-02-21T21:55:34.602779,False
37.822072756809504,-122.1118361831666,,,,,0.0,2026-02-21T21:55:38.023384,False
37.8299045390798,-122.11477452436554,,,,,0.0,2026-02-21T21:55:41.622263,False
37.83753190193766,-122.11807207731653,,,,,0.0,2026-02-21T21:55:45.908601,False
37.84207275623047,-122.12678695619064,,,,,0.0,2026-02-21T21:55:49.323895,False
37.84661376583845,-122.13550223326706,,,,,0.0,2026-02-21T21:55:52.927489,False
37.85115414974312,-122.1442185813288,,,,,0.0,2026-02-21T21:55:56.174012,False
37.92617515611401,-122.369578882615,,,,,0.0,2026-02-21T21:56:00.041472,False
37.92535659650195,-122.35993991301751,,,,,0.0,2026-02-21T21:56:03.618463,False
37.9253101696436,-122.34943812317876,,,,,0.0,2026-02-21T21:56:07.016658,False
37.72387537567505,-122.40385481915476,,,,,0.0,2026-02-21T21:56:10.846471,False
37.73042875676556,-122.40429977927846,,,,,0.0,2026-02-21T21:56:14.320590,False
37.751090539830685,-122.40868812988823,,,,,0.0,2026-02-21T21:56:17.856641,False
37.76732284373959,-122.41082397070278,,,,,0.0,2026-02-21T21:56:22.065043,False
37.939571620085,-122.34715536736002,,,,,0.0,2026-02-21T21:56:25.712146,False
37.93876762521018,-122.33776982343944,,,,,0.0,2026-02-21T21:56:29.403452,False
37.93420081434767,-122.32275920433234,,,,,0.0,2026-02-21T21:56:33.079643,False
37.60207631108703,-122.39995672095375,,,,,0.0,2026-02-21T21:56:36.433545,False
37.59750358018083,-122.40859494203328,,,,,0.0,2026-02-21T21:56:39.932374,False
37.91374273931401,-122.04249760905287,,,,,0.0,2026-02-21T21:56:43.572731,False
37.68638152295719,-122.10217662369402,,,,,0.0,2026-02-21T21:56:47.227287,False
37.69185174930156,-122.10994354965044,,,,,0.0,2026-02-21T21:56:50.589967,False
37.697321473587536,-122.11771162295834,,,,,0.0,2026-02-21T21:56:53.934906,False
37.70279069575646,-122.1254808437681,,,,,0.0,2026-02-21T21:56:57.280718,False
37.70825941574939,-122.13325121223014,,,,,0.0,2026-02-21T21:57:00.602632,False
37.8877053581482,-122.28643079544302,,,,,0.0,2026-02-21T21:57:04.594542,False
37.88534709970894,-122.27638600665333,,,,,0.0,2026-02-21T21:57:08.154139,False
37.68981919389175,-122.43567865263638,,,,,0.0,2026-02-21T21:57:12.015330,False
37.696251690242015,-122.4421185982123,,,,,0.0,2026-02-21T21:57:15.572408,False
37.69852889175248,-122.4487141800744,,,,,0.0,2026-02-21T21:57:19.106561,False
37.69112553694474,-122.45243098591592,,,,,0.0,2026-02-21T21:57:22.860516,False
37.6829803293672,-122.45303436895487,,,,,0.0,2026-02-21T21:57:26.437803,False
37.677885632395046,-122.47809023241892,2.038047790527344,6.516037859110399e-43,2.038047790527344,Unknown,2.3174487249862725,2026-02-21T21:57:29.938209,True
37.66809189272654,-122.4467213434959,,,,,0.0,2026-02-21T21:57:33.727258,False
37.66104097223785,-122.44145604671296,,,,,0.0,2026-02-21T21:57:37.208872,False
37.653990872384405,-122.43618941569424,,,,,0.0,2026-02-21T21:57:40.862312,False
37.64694053233698,-122.4309237867455,,,,,0.0,2026-02-21T21:57:44.592284,False
37.6398899520548,-122.42565915961312,,,,,0.0,2026-02-21T21:57:49.322206,False
37.63283913149692,-122.42039553404348,,,,,0.0,2026-02-21T21:57:52.900630,False
37.62704218545221,-122.4196382843592,,,,,0.0,2026-02-21T21:57:56.538677,False
37.62368462612643,-122.42917105052412,,,,,0.0,2026-02-21T21:58:01.253884,False
37.62032631797224,-122.4387029531257,,,,,0.0,2026-02-21T21:58:08.442560,False
37.61528286883324,-122.43854854077624,,,,,0.0,2026-02-21T21:58:12.934471,False
37.60908408922575,-122.43174889107073,,,,,0.0,2026-02-21T21:58:18.334590,False
37.76877922039182,-122.21854182162764,,,,,0.0,2026-02-21T21:58:22.632268,False
37.92337651803525,-122.0550764830706,,,,,0.0,2026-02-21T21:58:26.688593,False
37.91536487240386,-122.05705912654176,,,,,0.0,2026-02-21T21:58:32.242921,False
37.54972441571256,-122.24872881516224,,,,,0.0,2026-02-21T21:58:38.431956,False
37.79880300012236,-122.288373999844,,,,,0.0,2026-02-21T21:58:43.765083,False
37.64611739385584,-122.40510273810008,,,,,0.0,2026-02-21T21:58:48.922746,False
37.77935004605981,-122.292717236563,,,,,0.0,2026-02-21T21:58:55.314203,False
37.77652967241251,-122.285683365769,,,,,0.0,2026-02-21T21:59:03.680889,False
37.777153830910216,-122.2762694169788,,,,,0.0,2026-02-21T21:59:08.820556,False
37.77687480914652,-122.26579463361196,,,,,0.0,2026-02-21T21:59:22.224757,False
37.775103194517605,-122.2558179883663,,,,,0.0,2026-02-21T21:59:30.034093,False
37.77403490833664,-122.24775616530756,,,,,0.0,2026-02-21T21:59:34.389508,False
37.61865191062854,-122.40114908763984,,,,,0.0,2026-02-21T21:59:39.499259,False
37.61158889184736,-122.39626935899366,,,,,0.0,2026-02-21T21:59:43.611764,False
37.59703214935095,-122.3282135505292,2.8490753173828125,7.42688186092153e-44,2.8490753173828125,Unknown,2.5170822029123747,2026-02-21T21:59:48.818139,True
37.58797851877311,-122.3443027442135,,,,,0.0,2026-02-21T21:59:54.839302,False
37.58755051771767,-122.333892033195,,,,,0.0,2026-02-21T21:59:59.349273,False
37.58494573769985,-122.3247099632234,,,,,0.0,2026-02-21T22:00:04.463430,False
37.92870064676632,-122.27839026861416,,,,,0.0,2026-02-21T22:00:10.684345,False
37.936373680181134,-122.27482197627658,,,,,0.0,2026-02-21T22:00:15.687619,False
37.94421820310095,-122.27201279111956,,,,,0.0,2026-02-21T22:00:19.842922,False
37.95218724403,-122.26976294485068,,,,,0.0,2026-02-21T22:00:25.332597,False
37.93881909320429,-122.082093739879,,,,,0.0,2026-02-21T22:00:29.654034,False
37.933626595531166,-122.07784921860406,,,,,0.0,2026-02-21T22:00:33.099039,False
37.89440320391247,-122.21678243105674,,,,,0.0,2026-02-21T22:00:36.978370,False
37.65771329264037,-122.44875804329578,,,,,0.0,2026-02-21T22:00:40.670513,False
37.66964517607361,-122.43464646717756,,,,,0.0,2026-02-21T22:00:44.339553,False
37.67718256220573,-122.43143268458306,,,,,0.0,2026-02-21T22:00:47.939701,False
37.74602104398738,-122.39401666944164,,,,,0.0,2026-02-21T22:00:51.693141,False
37.69007418154521,-122.44679271503372,,,,,0.0,2026-02-21T22:00:55.751564,False
37.68556375778275,-122.43807500242607,,,,,0.0,2026-02-21T22:00:59.463990,False
37.78870571791691,-122.289859695644,,,,,0.0,2026-02-21T22:01:04.614509,False
37.68020826284218,-122.126230438358,,,,,0.0,2026-02-21T22:01:09.209755,False
37.72239303579582,-122.16164912893902,,,,,0.0,2026-02-21T22:01:12.981635,False
37.588513690854576,-122.08986912755324,,,,,0.0,2026-02-21T22:01:17.540355,False
37.59611897037109,-122.09365487632802,,,,,0.0,2026-02-21T22:01:22.066325,False
37.60289700666859,-122.09942877690236,,,,,0.0,2026-02-21T22:01:26.798206,False
37.60958709567442,-122.10541429956228,,,,,0.0,2026-02-21T22:01:30.503870,False
37.61627323407527,-122.11140758751226,,,,,0.0,2026-02-21T22:01:33.994296,False
37.92365062364967,-122.42194902516856,,,,,0.0,2026-02-21T22:01:39.429028,False
37.91719988282525,-122.41558440287396,,,,,0.0,2026-02-21T22:01:43.130672,False
37.91045742693621,-122.40967256932298,,,,,0.0,2026-02-21T22:01:47.573215,False
37.90373779823619,-122.40371880556482,,,,,0.0,2026-02-21T22:01:51.071630,False
37.8970581447334,-122.39769106350188,,,,,0.0,2026-02-21T22:01:54.406135,False
37.88907022517392,-122.3958632551659,,,,,0.0,2026-02-21T22:01:57.729513,False
37.88096011755117,-122.39560948095054,,,,,0.0,2026-02-21T22:02:01.124920,False
37.87281094774994,-122.39578670368724,,,,,0.0,2026-02-21T22:02:04.518659,False
37.86465498176278,-122.39552779019732,,,,,0.0,2026-02-21T22:02:07.916409,False
37.85651836944785,-122.39607850541051,,,,,0.0,2026-02-21T22:02:11.376331,False
37.84838594699924,-122.39691145049004,,,,,0.0,2026-02-21T22:02:15.563097,False
37.84035108739042,-122.397448015665,,,,,0.0,2026-02-21T22:02:18.978888,False
37.83219258615952,-122.397448015665,,,,,0.0,2026-02-21T22:02:22.348976,False
37.82480748482793,-122.3935256905362,,,,,0.0,2026-02-21T22:02:25.666319,False
37.8182308315492,-122.38760053696964,,,,,0.0,2026-02-21T22:02:29.053055,False
37.81238651018702,-122.3804147473074,,,,,0.0,2026-02-21T22:02:32.518693,False
37.8057385578134,-122.37433655185528,,,,,0.0,2026-02-21T22:02:36.098511,False
37.7717168770701,-122.34882854930328,1.999755859375,2.9416057363106555e-41,1.999755859375,Unknown,3.524852391112,2026-02-21T22:02:39.745881,True
37.790345272480245,-122.36909940209485,,,,,0.0,2026-02-21T22:02:43.202246,False
37.78228381297146,-122.36756823105576,,,,,0.0,2026-02-21T22:02:46.766918,False
37.774383160520266,-122.36495354502756,,,,,0.0,2026-02-21T22:02:50.164047,False
37.76652551475396,-122.3621397177748,,,,,0.0,2026-02-21T22:02:53.543849,False
37.75870399085149,-122.35915866256796,,,,,0.0,2026-02-21T22:02:57.082242,False
37.75631152551128,-122.3663320308318,,,,,0.0,2026-02-21T22:03:00.700531,False
37.75561583773864,-122.37677180180732,,,,,0.0,2026-02-21T22:03:04.064362,False
37.85582816530389,-122.19977185864336,,,,,0.0,2026-02-21T22:03:08.333486,False
37.85275608822441,-122.18568361224378,,,,,0.0,2026-02-21T22:03:12.114448,False
37.797488689689615,-122.29838803641697,,,,,0.0,2026-02-21T22:03:16.297094,False
37.80012188880298,-122.30692553792444,,,,,0.0,2026-02-21T22:03:19.960909,False
37.80621761853056,-122.31332275526476,,,,,0.0,2026-02-21T22:03:23.421455,False
37.73623332064767,-122.40728941473124,,,,,0.0,2026-02-21T22:03:27.049372,False
37.76795523195461,-122.2345037265909,,,,,0.0,2026-02-21T22:03:31.785361,False
37.76458454736472,-122.2262890537035,,,,,0.0,2026-02-21T22:03:35.453660,False
37.761078819387,-122.21826160534496,,,,,0.0,2026-02-21T22:03:39.047065,False
37.69656783842679,-122.4067586761447,,,,,0.0,2026-02-21T22:03:42.389357,False
37.68904933775181,-122.40273421618856,,,,,0.0,2026-02-21T22:03:45.598183,False
37.68302005640284,-122.39572829753511,,,,,0.0,2026-02-21T22:03:48.797563,False
37.6757543655119,-122.39135428470038,,,,,0.0,2026-02-21T22:03:52.049427,False
37.66863519791352,-122.39471630091856,,,,,0.0,2026-02-21T22:03:55.394477,False
37.65594232936791,-122.4072327745349,,,,,0.0,2026-02-21T22:03:58.619233,False
37.632246089688806,-122.4373194600911,1.999755859375,2.9416057363106555e-41,1.999755859375,Unknown,3.00378502915362,2026-02-21T22:04:02.298523,True
37.642463533832334,-122.41379511744428,,,,,0.0,2026-02-21T22:04:05.674078,False
37.63446504903916,-122.41327753171664,,,,,0.0,2026-02-21T22:04:09.209689,False
37.60534603831616,-122.43409977541153,1.999755859375,2.9416057363106555e-41,1.999755859375,Unknown,3.225801518010561,2026-02-21T22:04:12.607641,True
37.60713525903164,-122.39846067976111,,,,,0.0,2026-02-21T22:04:16.016369,False
37.58758988219456,-122.35692100554591,,,,,0.0,2026-02-21T22:04:19.677481,False
37.92389442107764,-122.2805431308016,,,,,0.0,2026-02-21T22:04:23.874701,False
37.85128553389561,-122.18002326812169,,,,,0.0,2026-02-21T22:04:27.607794,False
37.787477745116846,-122.0906565157354,,,,,0.0,2026-02-21T22:04:34.986604,False
37.779330664989295,-122.09032430969002,,,,,0.0,2026-02-21T22:04:40.290020,False
37.77157896757347,-122.08775136443133,,,,,0.0,2026-02-21T22:04:44.899701,False
37.85804732312049,-122.18940555774664,,,,,0.0,2026-02-21T22:04:50.836519,False
37.79018993802608,-122.280915806715,,,,,0.0,2026-02-21T22:04:56.322625,False
37.796143973157925,-122.27673512955796,,,,,0.0,2026-02-21T22:05:00.973918,False
37.61883092429062,-122.4306040795518,,,,,0.0,2026-02-21T22:05:05.733282,False
37.94989477201676,-122.20558999038413,,,,,0.0,2026-02-21T22:05:13.184213,False
37.691409146235785,-122.061190562157,,,,,0.0,2026-02-21T22:05:18.992961,False
37.69238429454584,-122.0513109336534,,,,,0.0,2026-02-21T22:05:25.269579,False
37.7946096410868,-122.26153905704471,,,,,0.0,2026-02-21T22:05:29.747114,False
37.79644964181842,-122.25196232270764,,,,,0.0,2026-02-21T22:05:33.287168,False
37.80042153577151,-122.24280466917553,,,,,0.0,2026-02-21T22:05:36.726259,False
37.9232818917878,-122.20725714367876,,,,,0.0,2026-02-21T23:32:52.107928,False
37.761090071726336,-122.37675410138698,,,,,0.0,2026-02-21T23:33:03.045111,False
37.6751428763552,-122.45198697505218,,,,,0.0,2026-02-21T23:33:22.668402,False
37.799917769131895,-122.35233721921608,2.5669021606445312,2.114559382666149e-42,2.5669021606445312,Unknown,1.5957699084281587,2026-02-21T23:33:34.724792,True
37.65026788742228,-122.41190622503332,,,,,0.0,2026-02-21T23:33:41.661025,False
37.62744539525773,-122.41037331380988,,,,,0.0,2026-02-21T23:33:45.304788,False
41.48889546990669,-122.44623330388735,,,,,0.0,2026-02-21T23:34:39.678276,False
41.48329638353576,-122.43825258434438,,,,,0.0,2026-02-21T23:34:43.386491,False
41.478239767327935,-122.42958677887653,,,,,0.0,2026-02-21T23:34:47.380404,False
41.47318213401368,-122.42092271711346,,,,,0.0,2026-02-21T23:34:51.073219,False
41.46917453735798,-122.41136319165426,,,,,0.0,2026-02-21T23:34:55.536639,False
41.46458954216715,-122.4023618998929,,,,,0.0,2026-02-21T23:34:59.910794,False
41.45851970317734,-122.39497941227144,,,,,0.0,2026-02-21T23:35:05.118313,False
41.45186851016802,-122.3886798140841,,,,,0.0,2026-02-21T23:35:09.282333,False
41.44421684925612,-122.38711047149496,,,,,0.0,2026-02-21T23:35:13.006889,False
41.43622458809396,-122.38916958793196,,,,,0.0,2026-02-21T23:35:16.522009,False
41.44263306127328,-122.37899086198053,,,,,0.0,2026-02-21T23:35:20.401002,False
41.44687733222643,-122.37011148496516,,,,,0.0,2026-02-21T23:35:24.910382,False
41.45174917509037,-122.3622148757,,,,,0.0,2026-02-21T23:35:29.116298,False
41.45990263376432,-122.36188457832708,,,,,0.0,2026-02-21T23:35:32.655786,False
41.46807188636861,-122.36178314575172,,,,,0.0,2026-02-21T23:35:36.245897,False
41.47624129376867,-122.36169667582064,,,,,0.0,2026-02-21T23:35:40.605113,False
41.484410634651525,-122.3615899726287,,,,,0.0,2026-02-21T23:35:44.322932,False
41.49257458290784,-122.36180544027162,,,,,0.0,2026-02-21T23:35:47.941658,False
41.50071716480555,-122.36270206931724,,,,,0.0,2026-02-21T23:35:51.791304,False
41.508858304558814,-122.36362741331703,,,,,0.0,2026-02-21T23:35:55.483609,False
41.51699773793048,-122.36457857980233,,,,,0.0,2026-02-21T23:35:59.050183,False
41.4426327477912,-122.34547448935788,2.56692123413086,2.5391528173565685e-42,2.56692123413086,Unknown,1.3921634213396883,2026-02-21T23:36:03.040899,True
41.435451764207535,-122.36223822025477,,,,,0.0,2026-02-21T23:36:06.770688,False
41.42788447646113,-122.35864709637892,,,,,0.0,2026-02-21T23:36:10.359872,False
41.42045505308467,-122.35406546676336,,,,,0.0,2026-02-21T23:36:15.098815,False
41.41288096587083,-122.34993802109592,,,,,0.0,2026-02-21T23:36:18.821510,False
41.405251506509295,-122.34599844576032,,,,,0.0,2026-02-21T23:36:22.624885,False
41.3976359724354,-122.34201060818596,,,,,0.0,2026-02-21T23:36:26.370172,False
41.39002322791764,-122.33801369178084,,,,,0.0,2026-02-21T23:36:31.042867,False
41.38240872764865,-122.33402348451308,,,,,0.0,2026-02-21T23:36:34.713012,False
41.374794158437865,-122.33003413957276,,,,,0.0,2026-02-21T23:36:38.919139,False
41.367179520171895,-122.32604565669436,,,,,0.0,2026-02-21T23:36:43.003858,False
41.35956171875688,-122.32206882502012,,,,,0.0,2026-02-21T23:36:47.203536,False
41.35193824416972,-122.31811239786624,,,,,0.0,2026-02-21T23:36:50.958277,False
41.34431470219252,-122.31415682640171,,,,,0.0,2026-02-21T23:36:54.638451,False
41.3366883166829,-122.31021185702512,,,,,0.0,2026-02-21T23:36:58.660059,False
41.32906006878925,-122.306274044845,,,,,0.0,2026-02-21T23:37:02.220725,False
41.32143748408288,-122.30231699433938,,,,,0.0,2026-02-21T23:37:06.550287,False
41.3138200799509,-122.29834246663556,,,,,0.0,2026-02-21T23:37:11.297626,False
41.30620254945386,-122.29436899564644,,,,,0.0,2026-02-21T23:37:14.892939,False
41.29863726493259,-122.29023470790462,,,,,0.0,2026-02-21T23:37:18.792937,False
41.29153550750155,-122.28480406455186,,,,,0.0,2026-02-21T23:37:22.826603,False
41.28446601842321,-122.27929228678283,,,,,0.0,2026-02-21T23:37:27.035442,False
41.27739655994699,-122.27378109682256,,,,,0.0,2026-02-21T23:37:30.661698,False
41.27032741481412,-122.26826983652263,,,,,0.0,2026-02-21T23:37:34.326454,False
41.26325832242235,-122.26275911172787,,,,,0.0,2026-02-21T23:37:37.908992,False
41.2561896206003,-122.25724813636216,,,,,0.0,2026-02-21T23:37:41.868094,False
41.24844718806275,-122.2552632173415,,,,,0.0,2026-02-21T23:37:45.504860,False
41.2402809762394,-122.25548723254524,,,,,0.0,2026-02-21T23:37:49.187831,False
41.23211572404599,-122.25575804881024,,,,,0.0,2026-02-21T23:37:52.874864,False
41.22406870109325,-122.25726147283363,,,,,0.0,2026-02-21T23:37:56.543199,False
41.21613060846055,-122.25984972495628,,,,,0.0,2026-02-21T23:38:00.095761,False
41.20819986352653,-122.26247716664354,,,,,0.0,2026-02-21T23:38:03.871047,False
41.201030055289735,-122.26755579787957,,,,,0.0,2026-02-21T23:38:07.527900,False
41.19408384304367,-122.2733363029082,,,,,0.0,2026-02-21T23:38:11.044687,False
41.18824157551322,-122.28065371302525,,,,,0.0,2026-02-21T23:38:15.358542,False
41.44364826571712,-122.36233848339778,,,,,0.0,2026-02-21T23:38:19.124675,False
41.419141446305815,-122.36262192167284,,,,,0.0,2026-02-21T23:38:23.592545,False
41.41097314717652,-122.36275510199836,,,,,0.0,2026-02-21T23:38:27.293829,False
41.40280739963062,-122.36292088330764,,,,,0.0,2026-02-21T23:38:31.012665,False
41.3946818239593,-122.36404561520844,,,,,0.0,2026-02-21T23:38:34.512506,False
41.38657058173815,-122.3653113267289,,,,,0.0,2026-02-21T23:38:38.175314,False
41.37845208429727,-122.36652639732397,20.999755859375,2.9416057363106555e-41,1.999755859375,Unknown,2.476980180017352,2026-02-21T23:39:53.086542,True
41.370332394351365,-122.36772819048902,,,,,0.0,2026-02-21T23:38:46.474412,False
41.36288136782067,-122.3680912788703,,,,,0.0,2026-02-21T23:38:50.163151,False
41.35552751446708,-122.36329738671397,,,,,0.0,2026-02-21T23:38:54.032179,False
41.34822285735704,-122.358375570851,,,,,0.0,2026-02-21T23:38:57.819674,False
41.34117233169333,-122.3528155681092,,,,,0.0,2026-02-21T23:39:01.411964,False
41.33446302936765,-122.34737888746368,,,,,0.0,2026-02-21T23:39:05.256582,False
41.32745556405143,-122.34172150310104,,,,,0.0,2026-02-21T23:39:09.182879,False
41.32119608524864,-122.33476466124657,25.999755859375,2.9416057363106555e-41,1.999755859375,Unknown,2.476980180017352,2026-02-21T23:39:53.086542,True
41.31509917862464,-122.32764024487608,,,,,0.0,2026-02-21T23:39:18.315179,False
41.30752992228039,-122.32360917816936,,,,,0.0,2026-02-21T23:39:21.820590,False
41.2940711066672,-122.312626792241,,,,,0.0,2026-02-21T23:39:25.540625,False
41.28688577074751,-122.31542655042898,,,,,0.0,2026-02-21T23:39:29.191479,False
41.28019039385247,-122.3170671608541,,,,,0.0,2026-02-21T23:39:32.953641,False
41.28352486986748,-122.32436556896997,,,,,0.0,2026-02-21T23:39:36.663157,False
41.297948716648925,-122.31583983990784,,,,,0.0,2026-02-21T23:39:40.340979,False
41.28935789858943,-122.30646642810764,,,,,0.0,2026-02-21T23:39:44.905375,False
41.28399137068329,-122.29903554832408,,,,,0.0,2026-02-21T23:39:48.805087,False
41.29597434309413,-122.30952013198096,1.999755859375,2.9416057363106555e-41,1.999755859375,Unknown,2.476980180017352,2026-02-21T23:39:53.086542,True
41.2955474555524,-122.30851790958458,1.999755859375,2.9416057363106555e-41,1.999755859375,Unknown,3.2905332942235783,2026-02-21T23:39:56.612515,True
41.268819147454906,-122.27424110605898,,,,,0.0,2026-02-21T23:40:00.329703,False
41.26266372033723,-122.270627292722,,,,,0.0,2026-02-21T23:40:04.106803,False
41.2684759417555,-122.27474300620108,2.236797332763672,4.358038224050181e-43,2.236797332763672,Unknown,2.157527902537672,2026-02-21T23:40:07.937776,True
41.268067005900285,-122.238954717912,,,,,0.0,2026-02-21T23:40:11.779818,False
41.26807790289327,-122.22808988261156,,,,,0.0,2026-02-21T23:40:15.847672,False
41.26846997876066,-122.21717118530069,,,,,0.0,2026-02-21T23:40:19.438723,False
41.26856420428236,-122.20650124125518,,,,,0.0,2026-02-21T23:40:23.940042,False
41.26913162167805,-122.19552795378556,,,,,0.0,2026-02-21T23:40:28.735305,False
41.26943639846043,-122.18460954734394,,,,,0.0,2026-02-21T23:40:33.628558,False
41.26598105012956,-122.17464850172802,,,,,0.0,2026-02-21T23:40:38.198397,False
41.26367990345267,-122.16449410238477,,,,,0.0,2026-02-21T23:40:41.904051,False
41.262365229996746,-122.15368915822974,,,,,0.0,2026-02-21T23:40:45.287082,False
41.26234731910247,-122.14269654592688,,,,,0.0,2026-02-21T23:40:48.832312,False
41.26505773141462,-122.133233038238,,,,,0.0,2026-02-21T23:40:53.176005,False
41.25553269467472,-122.26534326433564,,,,,0.0,2026-02-21T23:40:57.629467,False
41.23800747709918,-122.26211187960838,,,,,0.0,2026-02-21T23:41:01.145083,False
41.23130448210642,-122.26703361318047,,,,,0.0,2026-02-21T23:41:05.219982,False
41.22450395364997,-122.27305400890198,,,,,0.0,2026-02-21T23:41:09.803104,False
41.22069952822672,-122.27640161486002,,,,,0.0,2026-02-21T23:41:13.279961,False
41.213191246226046,-122.27854294563396,,,,,0.0,2026-02-21T23:41:16.899306,False
41.20524498383971,-122.28096359968627,,,,,0.0,2026-02-21T23:41:20.347926,False
41.19301243910293,-122.28430915053778,2.0722007751464844,8.2676609395164715e-44,2.0722007751464844,Unknown,0.2258123301597884,2026-02-21T23:41:24.172046,True
41.18701002308988,-122.2883529643926,,,,,0.0,2026-02-21T23:41:27.547799,False
41.431382942214846,-122.38976934776998,,,,,0.0,2026-02-21T23:41:31.020094,False
41.4322675312634,-122.38365124756,,,,,0.0,2026-02-21T23:41:34.386446,False
41.112445926944375,-122.33213842155808,,,,,0.0,2026-02-21T23:41:38.186363,False
41.14344074513295,-122.3070056653225,1.999755859375,2.9416057363106555e-41,1.999755859375,Unknown,3.207194737305504,2026-02-21T23:41:41.845742,True
41.12779669787362,-122.32579090687857,,,,,0.0,2026-02-21T23:41:46.234586,False
41.13572076483064,-122.32495291133834,,,,,0.0,2026-02-21T23:41:49.720022,False
41.14387072117341,-122.32517205542818,,,,,0.0,2026-02-21T23:41:53.296512,False
41.15147215309823,-122.32232860494555,,,,,0.0,2026-02-21T23:41:57.449560,False
41.15774950439023,-122.3153029394588,,,,,0.0,2026-02-21T23:42:01.949048,False
41.16408930413594,-122.30837893783642,,,,,0.0,2026-02-21T23:42:05.440300,False
41.17065612626651,-122.30190815672938,,,,,0.0,2026-02-21T23:42:09.103980,False
41.17783078954337,-122.29665934566508,,,,,0.0,2026-02-21T23:42:12.898615,False
38.37375902414748,-120.95059733522902,,,,,0.0,2026-02-21T23:47:46.732263,False
38.33164824234379,-120.668821540384,,,,,0.0,2026-02-21T23:47:51.186379,False
38.34109764994712,-120.917041523274,,,,,0.0,2026-02-21T23:47:56.025758,False
38.34809699993826,-120.91973544069356,,,,,0.0,2026-02-21T23:47:59.483136,False
38.35574533329031,-120.92334141202288,,,,,0.0,2026-02-21T23:48:03.150327,False
38.36350851387412,-120.9265853710022,,,,,0.0,2026-02-21T23:48:06.617029,False
38.371366825223554,-120.928458034883,,,,,0.0,2026-02-21T23:48:10.314519,False
38.37622312666354,-120.93679940765092,,,,,0.0,2026-02-21T23:48:14.075575,False
38.37646448569104,-120.94559114356883,,,,,0.0,2026-02-21T23:48:17.731056,False
38.48072220699742,-120.844968981953,,,,,0.0,2026-02-21T23:48:21.449436,False
38.47266671293036,-120.84532394877183,,,,,0.0,2026-02-21T23:48:25.001017,False
38.46461942667858,-120.84465681823704,,,,,0.0,2026-02-21T23:48:28.428365,False
38.45682502020684,-120.84164613993708,,,,,0.0,2026-02-21T23:48:32.124695,False
38.44913247406858,-120.83812626563254,,,,,0.0,2026-02-21T23:48:36.492256,False
38.441321725155234,-120.83512555395812,,,,,0.0,2026-02-21T23:48:40.565680,False
38.43319612140513,-120.83418593826052,,,,,0.0,2026-02-21T23:48:44.346999,False
38.42528273838274,-120.8319072577998,,,,,0.0,2026-02-21T23:48:48.146598,False
38.41761748390506,-120.8283880548488,,,,,0.0,2026-02-21T23:48:52.059714,False
38.41039952607983,-120.82353646640698,,,,,0.0,2026-02-21T23:48:57.136552,False
38.33953345823622,-120.92651561181285,,,,,0.0,2026-02-21T23:49:02.156658,False
38.34176739959766,-120.93490073096972,,,,,0.0,2026-02-21T23:49:05.522115,False
38.64861864036379,-120.85483522206202,,,,,0.0,2026-02-21T23:49:09.709721,False
38.64053948545252,-120.85367537490896,,,,,0.0,2026-02-21T23:49:15.431668,False
38.63437859547122,-120.84998951297976,,,,,0.0,2026-02-21T23:49:20.513101,False
38.6265773165662,-120.84894525667583,,,,,0.0,2026-02-21T23:49:23.997929,False
38.61976641129277,-120.84446348790928,,,,,0.0,2026-02-21T23:49:27.734932,False
38.61195997509317,-120.843422108967,,,,,0.0,2026-02-21T23:49:31.328383,False
38.603914324082,-120.84509015300324,,,,,0.0,2026-02-21T23:49:34.820641,False
38.59586115055576,-120.8464426304528,,,,,0.0,2026-02-21T23:49:38.329616,False
38.58794832375772,-120.84859495013018,,,,,0.0,2026-02-21T23:49:41.963690,False
38.57982886158688,-120.84881141122152,,,,,0.0,2026-02-21T23:49:45.497208,False
38.57172480208943,-120.84781159622872,,,,,0.0,2026-02-21T23:49:50.314907,False
38.5635701241516,-120.84806601596782,,,,,0.0,2026-02-21T23:49:55.055174,False
38.55541790779131,-120.84840799975956,,,,,0.0,2026-02-21T23:49:58.524761,False
38.54775553607816,-120.84892025471262,,,,,0.0,2026-02-21T23:50:03.817512,False
38.53964583054693,-120.84886942186192,,,,,0.0,2026-02-21T23:50:07.754214,False
38.531502177471225,-120.8482543600666,,,,,0.0,2026-02-21T23:50:13.049232,False
38.523351337031706,-120.84837155025208,,,,,0.0,2026-02-21T23:50:17.383601,False
38.51521160418272,-120.84886635626304,,,,,0.0,2026-02-21T23:50:20.846824,False
38.50708515522784,-120.849549036886,,,,,0.0,2026-02-21T23:50:24.651491,False
38.49913443463216,-120.8481069786896,,,,,0.0,2026-02-21T23:50:28.017826,False
38.49100065776327,-120.84858825936082,,,,,0.0,2026-02-21T23:50:31.523431,False
38.229199241153374,-120.79930342700266,,,,,0.0,2026-02-21T23:50:36.027922,False
38.228952307331205,-120.79233287234224,,,,,0.0,2026-02-21T23:50:41.281609,False
38.36912435380104,-120.796777082568,,,,,0.0,2026-02-21T23:50:44.758467,False
38.36409221898919,-120.78999765223205,,,,,0.0,2026-02-21T23:50:48.239838,False
38.35664537417868,-120.7870094316112,,,,,0.0,2026-02-21T23:50:51.774191,False
38.34868979012701,-120.78528531589112,,,,,0.0,2026-02-21T23:50:56.109515,False
38.34115379503088,-120.78187139822668,,,,,0.0,2026-02-21T23:50:59.567557,False
38.33382877775745,-120.77726477981324,,,,,0.0,2026-02-21T23:51:03.967731,False
38.32595296562017,-120.77451371866708,,,,,0.0,2026-02-21T23:51:07.546297,False
38.31827246335302,-120.7711576624695,,,,,0.0,2026-02-21T23:51:11.983551,False
38.31077270841576,-120.76719638546447,,,,,0.0,2026-02-21T23:51:15.560650,False
38.30378724580979,-120.76178236622351,,,,,0.0,2026-02-21T23:51:19.867769,False
38.295982678070494,-120.75871009998632,,,,,0.0,2026-02-21T23:51:23.375312,False
38.28811816618185,-120.7562053733791,,,,,0.0,2026-02-21T23:51:27.448639,False
38.27996684748552,-120.7566206305512,,,,,0.0,2026-02-21T23:51:31.234190,False
38.272038254832346,-120.75886977442674,,,,,0.0,2026-02-21T23:51:34.679894,False
38.26529882520024,-120.76466438043173,,,,,0.0,2026-02-21T23:51:38.200042,False
38.25829106434874,-120.77006529846552,,,,,0.0,2026-02-21T23:51:41.623594,False
38.25138412965156,-120.77566794581666,,,,,0.0,2026-02-21T23:51:45.084485,False
38.24488185192617,-120.78203780183912,,,,,0.0,2026-02-21T23:51:48.540397,False
38.23837220918159,-120.78839406424775,,,,,0.0,2026-02-21T23:51:52.239553,False
38.28699145888864,-120.909307088865,,,,,0.0,2026-02-21T23:51:55.603462,False
38.28304620387558,-120.90010464832662,,,,,0.0,2026-02-21T23:51:58.963115,False
38.278309107564034,-120.89151404237757,,,,,0.0,2026-02-21T23:52:02.494622,False
38.273851447326365,-120.88268536504523,,,,,0.0,2026-02-21T23:52:06.627715,False
38.26813868957554,-120.8752125916915,,,,,0.0,2026-02-21T23:52:10.041998,False
38.26368575069064,-120.86645291120432,,,,,0.0,2026-02-21T23:52:13.532135,False
38.25894320296983,-120.85820031032502,,,,,0.0,2026-02-21T23:52:17.059064,False
38.25470676420224,-120.85075847281117,,,,,0.0,2026-02-21T23:52:20.516147,False
38.24656027599924,-120.85086448377731,,,,,0.0,2026-02-21T23:52:23.997619,False
38.2385033557408,-120.85032251980093,,,,,0.0,2026-02-21T23:52:27.443097,False
38.33419078924572,-120.93533624928504,,,,,0.0,2026-02-21T23:52:31.033402,False
38.32736106255761,-120.93065187635496,,,,,0.0,2026-02-21T23:52:34.504848,False
38.32082154017136,-120.92434906191896,,,,,0.0,2026-02-21T23:52:37.855014,False
38.31447729412063,-120.91771337554192,,,,,0.0,2026-02-21T23:52:41.175848,False
38.30665626925408,-120.91487044707462,,,,,0.0,2026-02-21T23:52:45.315152,False
38.29861429335701,-120.9130972000438,,,,,0.0,2026-02-21T23:52:48.809036,False
38.363739196603376,-120.80355738334391,,,,,0.0,2026-02-21T23:52:53.009186,False
38.36034118790563,-120.8124620624415,,,,,0.0,2026-02-21T23:52:56.803509,False
38.359025812409485,-120.82283013621624,,,,,0.0,2026-02-21T23:53:00.899066,False
38.354378255327134,-120.8315083750664,,,,,0.0,2026-02-21T23:53:04.486323,False
38.35129431540853,-120.84079968227512,,,,,0.0,2026-02-21T23:53:08.144726,False
38.34814222314331,-120.85043576731526,,,,,0.0,2026-02-21T23:53:11.576395,False
38.345091103740224,-120.86022308608808,,,,,0.0,2026-02-21T23:53:15.019487,False
38.34320304531592,-120.87042584198872,,,,,0.0,2026-02-21T23:53:18.560734,False
38.345352162599646,-120.87882978536852,,,,,0.0,2026-02-21T23:53:22.016191,False
38.34499179640209,-120.8892063463996,,,,,0.0,2026-02-21T23:53:25.453185,False
38.34343582049833,-120.89957432970895,,,,,0.0,2026-02-21T23:53:28.867962,False
38.34211905653909,-120.91331567169225,2.060028076171875,1.0902102052447077e-42,2.060028076171875,Unknown,0.2929100710889035,2026-02-21T23:53:32.327677,True
38.32680361512751,-120.68168968414156,,,,,0.0,2026-02-21T23:53:36.838664,False
38.32020115894793,-120.68730331068608,,,,,0.0,2026-02-21T23:53:40.391762,False
38.31856746464617,-120.6974007270574,,,,,0.0,2026-02-21T23:53:43.901673,False
38.31617933499883,-120.7073117191156,,,,,0.0,2026-02-21T23:53:47.304660,False
38.31186186497239,-120.71404073290933,,,,,0.0,2026-02-21T23:53:50.748403,False
38.30537583456998,-120.7022055386781,2.2756500244140625,6.246988553960035e-42,2.2756500244140625,Unknown,1.2916926524958583,2026-02-21T23:53:54.982548,True
38.29648466216213,-120.72013508297124,,,,,0.0,2026-02-21T23:53:58.555871,False
38.28868492221455,-120.7232162438565,,,,,0.0,2026-02-21T23:54:02.041703,False
38.28129300531561,-120.72743658945484,,,,,0.0,2026-02-21T23:54:05.547598,False
38.27339043719091,-120.73005273747812,,,,,0.0,2026-02-21T23:54:09.235598,False
38.26632546023954,-120.73468580687104,,,,,0.0,2026-02-21T23:54:12.776838,False
38.25987231950975,-120.74094899923568,,,,,0.0,2026-02-21T23:54:16.299873,False
38.25561351390048,-120.74984616964925,,,,,0.0,2026-02-21T23:54:20.201266,False
38.24906700399109,-120.75540685186328,,,,,0.0,2026-02-21T23:54:23.607169,False
38.24211150681968,-120.76064432062644,,,,,0.0,2026-02-21T23:54:27.316689,False
38.23558274798121,-120.76696365071018,,,,,0.0,2026-02-21T23:54:31.699603,False
38.229127364518064,-120.77340938903048,,,,,0.0,2026-02-21T23:54:35.263375,False
38.41283301320166,-120.660202018384,,,,,0.0,2026-02-21T23:54:38.955311,False
38.41040904402728,-120.65208576894108,,,,,0.0,2026-02-21T23:54:43.369035,False
38.4052137080755,-120.64696938467468,,,,,0.0,2026-02-21T23:54:47.780428,False
38.40279047074005,-120.63838602291996,,,,,0.0,2026-02-21T23:54:54.740636,False
38.39608368501648,-120.63445562610792,,,,,0.0,2026-02-21T23:54:59.453116,False
38.32347518603242,-120.670361832259,,,,,0.0,2026-02-21T23:55:03.552983,False
38.31628011438804,-120.6731295877606,,,,,0.0,2026-02-21T23:55:06.925101,False
38.310281732746695,-120.68028508479992,,,,,0.0,2026-02-21T23:55:10.323968,False
38.30429306635523,-120.68745354227325,,,,,0.0,2026-02-21T23:55:15.909149,False
38.298306834710864,-120.69462463523256,,,,,0.0,2026-02-21T23:55:21.341390,False
38.29231169489257,-120.70178294303376,,,,,0.0,2026-02-21T23:55:25.041690,False
38.28631236294273,-120.70893479034574,,,,,0.0,2026-02-21T23:55:28.611843,False
38.28031456953634,-120.71608821572774,,,,,0.0,2026-02-21T23:55:32.840997,False
38.274315697195966,-120.72323954605169,,,,,0.0,2026-02-21T23:55:36.440072,False
38.370165255042046,-120.95717567775934,,,,,0.0,2026-02-21T23:55:40.295732,False
38.27717175603892,-120.91384323969,,,,,0.0,2026-02-21T23:55:43.703246,False
38.39299700012138,-120.629139999726,,,,,0.0,2026-02-21T23:55:47.643873,False
38.3985461009193,-120.6213924601331,,,,,0.0,2026-02-21T23:55:52.039307,False
38.40409492886117,-120.61364400735636,,,,,0.0,2026-02-21T23:55:55.512818,False
38.40964326831639,-120.60589438211748,,,,,0.0,2026-02-21T23:55:59.141523,False
38.41519111922719,-120.59814358425346,,,,,0.0,2026-02-21T23:56:02.799340,False
38.42073848153566,-120.59039161360124,,,,,0.0,2026-02-21T23:56:07.029473,False
38.42415862192844,-120.58107184273462,,,,,0.0,2026-02-21T23:56:10.489956,False
38.42645977216095,-120.57092762623492,,,,,0.0,2026-02-21T23:56:13.875886,False
38.42441808806321,-120.56100784411696,,,,,0.0,2026-02-21T23:56:17.522479,False
38.42283464535882,-120.56924129548372,2.0921859741210938,1.4195153443610397e-42,2.0921859741210938,Unknown,1.582492996679217,2026-02-21T23:56:20.984426,True
38.38658354296894,-120.63503517884246,,,,,0.0,2026-02-21T23:56:24.498277,False
38.378788545003495,-120.63815227026292,,,,,0.0,2026-02-21T23:56:27.914688,False
38.37099396578702,-120.64127079755752,,,,,0.0,2026-02-21T23:56:32.248967,False
38.36412675433745,-120.64693856688072,,,,,0.0,2026-02-21T23:56:36.629686,False
38.35730475671111,-120.65273170148552,,,,,0.0,2026-02-21T23:56:40.946445,False
38.35048194383724,-120.65852269179643,,,,,0.0,2026-02-21T23:56:44.719154,False
38.34322822894424,-120.66319073063086,,,,,0.0,2026-02-21T23:56:48.373045,False
38.446318452497046,-120.50889741047148,,,,,0.0,2026-02-21T23:56:53.086444,False
38.44289362657258,-120.51849617365173,,,,,0.0,2026-02-21T23:56:57.943741,False
38.43941568894065,-120.52806243453962,,,,,0.0,2026-02-21T23:57:02.108828,False
38.43596135720902,-120.5376429261286,,,,,0.0,2026-02-21T23:57:06.621621,False
38.43305995986752,-120.54749583692384,,,,,0.0,2026-02-21T23:57:10.212447,False
38.45732267086371,-120.56601768690746,1.999755859375,2.9416057363106555e-41,1.999755859375,Unknown,3.066679389895466,2026-02-21T23:57:13.573985,True
38.33874300730773,-120.6658536111811,,,,,0.0,2026-02-21T23:57:17.706646,False
38.40142521748829,-120.81770278329458,,,,,0.0,2026-02-21T23:57:21.330209,False
38.394049828503306,-120.81326799566364,,,,,0.0,2026-02-21T23:57:24.746759,False
38.38642978786526,-120.80950420710488,,,,,0.0,2026-02-21T23:57:28.436455,False
38.37877926705774,-120.80584023642366,,,,,0.0,2026-02-21T23:57:32.133388,False
38.37332851557422,-120.80025973222868,,,,,0.0,2026-02-21T23:57:35.577463,False
38.43013743802896,-120.55828413615058,,,,,0.0,2026-02-21T23:57:40.211151,False
38.30424210083781,-120.71693811861432,,,,,0.0,2026-02-22T10:32:07.239989,False
38.421442392888025,-120.55116308236909,,,,,0.0,2026-02-22T10:32:16.350005,False
36.284014263138914,-121.18809954730892,,,,,0.0,2026-02-22T15:59:50.468732,False
36.27643509141596,-121.18431189908564,,,,,0.0,2026-02-22T15:59:54.044081,False
36.26760869156188,-121.1620445121398,3.016460418701172,1.664742575617883e-42,3.016460418701172,Unknown,1.659780141533758,2026-02-22T15:59:57.620706,True
36.260901076112496,-121.17840650087972,,,,,0.0,2026-02-22T16:00:01.125961,False
36.25617214077272,-121.17283324592056,,,,,0.0,2026-02-22T16:00:05.673781,False
36.25597816324328,-121.16272082073068,,,,,0.0,2026-02-22T16:00:09.181103,False
36.01327272312537,-121.167964395818,,,,,0.0,2026-02-22T16:00:13.702110,False
36.02065579485541,-121.17052667209316,,,,,0.0,2026-02-22T16:00:17.143722,False
36.02864494868128,-121.17030144478466,,,,,0.0,2026-02-22T16:00:20.698737,False
36.03503301266384,-121.1746251980745,,,,,0.0,2026-02-22T16:00:24.395427,False
36.04319807932184,-121.17466440808172,,,,,0.0,2026-02-22T16:00:27.927284,False
36.0513622066544,-121.17478460088356,,,,,0.0,2026-02-22T16:00:32.182074,False
36.05882521052261,-121.17367646265758,,,,,0.0,2026-02-22T16:00:35.589753,False
36.06653551034331,-121.1740434684504,,,,,0.0,2026-02-22T16:00:39.785511,False
36.07323786783664,-121.17939061942285,,,,,0.0,2026-02-22T16:00:43.254940,False
36.08005772447338,-121.1773647528852,,,,,0.0,2026-02-22T16:00:46.833018,False
36.087076631647406,-121.1722771415064,,,,,0.0,2026-02-22T16:00:50.707063,False
36.09311637599027,-121.16576142211174,,,,,0.0,2026-02-22T16:00:54.154073,False
36.09945919301735,-121.1640763832762,,,,,0.0,2026-02-22T16:00:57.805244,False
36.10732687760028,-121.16621256721432,,,,,0.0,2026-02-22T16:01:01.276541,False
36.11489996349466,-121.170012279875,,,,,0.0,2026-02-22T16:01:04.844604,False
36.12228260263945,-121.17329951833352,,,,,0.0,2026-02-22T16:01:08.425865,False
36.128594122508495,-121.17374138817216,,,,,0.0,2026-02-22T16:01:12.086605,False
36.13499168401671,-121.17115829653694,,,,,0.0,2026-02-22T16:01:15.637276,False
36.14204249473096,-121.16776346555494,,,,,0.0,2026-02-22T16:01:19.105075,False
36.15008937902973,-121.16879080380272,,,,,0.0,2026-02-22T16:01:22.705416,False
36.155898789527214,-121.1710644770802,,,,,0.0,2026-02-22T16:01:26.493987,False
36.1612810319388,-121.1585403648956,2.304004669189453,3.881596746179743e-43,2.304004669189453,Unknown,0.7880191053456749,2026-02-22T16:01:31.090878,True
36.16839285722165,-121.1705554939,,,,,0.0,2026-02-22T16:01:35.303980,False
36.176033897393104,-121.1669412922327,,,,,0.0,2026-02-22T16:01:38.846768,False
36.26889482225575,-121.18048933148692,,,,,0.0,2026-02-22T16:04:02.976040,False
36.16174096943302,-121.16729967009438,,,,,0.0,2026-02-22T16:04:07.477968,False
36.18362407835932,-121.16991371157997,,,,,0.0,2026-02-22T16:04:11.136808,False
36.19146424495823,-121.17197656139092,,,,,0.0,2026-02-22T16:04:14.790317,False
36.19956026178871,-121.171119484714,,,,,0.0,2026-02-22T16:04:18.466359,False
36.20682589891472,-121.1668866968056,,,,,0.0,2026-02-22T16:04:22.107631,False
36.21362730166461,-121.16595457800278,,,,,0.0,2026-02-22T16:04:25.669998,False
36.31592729669364,-121.2389514931967,,,,,0.0,2026-02-22T16:04:29.305488,False
36.31107146869635,-121.2317457115375,,,,,0.0,2026-02-22T16:04:32.690315,False
36.30528579697971,-121.22451235398825,,,,,0.0,2026-02-22T16:04:36.378555,False
36.299655118717126,-121.21707492630782,,,,,0.0,2026-02-22T16:04:39.940269,False
36.296416080212325,-121.20768081728188,,,,,0.0,2026-02-22T16:04:43.228248,False
36.293830769944975,-121.20051509358198,,,,,0.0,2026-02-22T16:04:46.618154,False
36.28742506374047,-121.19416679582604,,,,,0.0,2026-02-22T16:04:49.922381,False
36.24998312584301,-121.17588346768244,,,,,0.0,2026-02-22T16:04:53.679750,False
36.24184957939635,-121.17499789436754,,,,,0.0,2026-02-22T16:04:57.247991,False
36.233853745450624,-121.17385972658909,,,,,0.0,2026-02-22T16:05:00.717723,False
36.22623142231001,-121.17146841217344,,,,,0.0,2026-02-22T16:05:04.126264,False
36.21878067604128,-121.16731680251036,,,,,0.0,2026-02-22T16:05:07.576628,False
36.211322595533616,-121.15379956896643,,,,,0.0,2026-02-22T16:05:11.274477,False
36.20993259143562,-121.1445585041935,,,,,0.0,2026-02-22T16:05:14.873206,False
36.21263060353358,-121.13493421710812,,,,,0.0,2026-02-22T16:05:18.581246,False
39.6019142808513,-121.5226060287027,,,,,0.0,2026-02-22T16:14:09.681711,False
39.6099517725389,-121.52075415975789,,,,,0.0,2026-02-22T16:14:14.692120,False
39.61798925968213,-121.51890187818142,,,,,0.0,2026-02-22T16:14:18.427786,False
39.6260267424404,-121.51704918383686,,,,,0.0,2026-02-22T16:14:22.408266,False
39.63406422097288,-121.5151960765876,,,,,0.0,2026-02-22T16:14:26.789657,False
39.64210169543906,-121.51334255629696,,,,,0.0,2026-02-22T16:14:30.344854,False
39.65013916599832,-121.51148862282828,,,,,0.0,2026-02-22T16:14:34.697976,False
39.65817663281008,-121.50963427604482,,,,,0.0,2026-02-22T16:14:38.327933,False
39.66621409603393,-121.5077795158097,,,,,0.0,2026-02-22T16:14:42.104948,False
39.67428326582263,-121.50656152924488,,,,,0.0,2026-02-22T16:14:45.726266,False
39.68243572418662,-121.50701673944364,,,,,0.0,2026-02-22T16:14:49.543840,False
39.692284199628624,-121.50962000991068,2.1511688232421875,7.370829922348538e-43,2.1511688232421875,Unknown,0.2633354106602039,2026-02-22T16:14:53.059260,True
39.6987444684843,-121.50754992929974,,,,,0.0,2026-02-22T16:14:56.677996,False
39.70690329116436,-121.50738241954816,,,,,0.0,2026-02-22T16:15:00.106209,False
39.71506315151115,-121.5073669500302,,,,,0.0,2026-02-22T16:15:03.721795,False
39.72322303769349,-121.50735147700784,,,,,0.0,2026-02-22T16:15:07.974854,False
39.73088707096502,-121.50398872865648,,,,,0.0,2026-02-22T16:15:11.595653,False
39.73845089918914,-121.4999494515362,,,,,0.0,2026-02-22T16:15:16.897327,False
39.74601461990108,-121.49590932596936,,,,,0.0,2026-02-22T16:15:20.517778,False
39.75357823319997,-121.49186835170325,,,,,0.0,2026-02-22T16:15:24.100857,False
39.76114173918502,-121.48782652848494,,,,,0.0,2026-02-22T16:15:27.769043,False
39.76870513795551,-121.48378385606158,,,,,0.0,2026-02-22T16:15:31.473477,False
39.77626842961066,-121.47974033418014,,,,,0.0,2026-02-22T16:15:34.966759,False
39.78383161424983,-121.47569596258748,,,,,0.0,2026-02-22T16:15:38.477602,False
39.79139469197224,-121.47165074103036,,,,,0.0,2026-02-22T16:15:42.071867,False
39.79895766287722,-121.46760466925554,,,,,0.0,2026-02-22T16:15:46.431341,False
39.80619558550446,-121.46270755461155,,,,,0.0,2026-02-22T16:15:50.833213,False
39.813152846955866,-121.45707560307652,,,,,0.0,2026-02-22T16:15:54.394203,False
39.81865061957182,-121.42966717008304,2.660858154296875,1.8385035851941597e-42,2.660858154296875,Unknown,1.866795902440652,2026-02-22T16:15:58.020163,True
39.82706667261625,-121.4458084321419,,,,,0.0,2026-02-22T16:16:01.686555,False
39.83402323689493,-121.44017321218944,,,,,0.0,2026-02-22T16:16:05.536672,False
39.84097956885227,-121.43453690221148,,,,,0.0,2026-02-22T16:16:09.799949,False
39.84793566852319,-121.4288995019314,,,,,0.0,2026-02-22T16:16:13.340532,False
39.85489153594244,-121.4232610110725,,,,,0.0,2026-02-22T16:16:18.048407,False
39.86184717114482,-121.41762142935798,,,,,0.0,2026-02-22T16:16:21.609911,False
39.86880257416511,-121.41198075651096,,,,,0.0,2026-02-22T16:16:25.931561,False
39.87575774503796,-121.40633899225448,,,,,0.0,2026-02-22T16:16:29.468289,False
39.88190700512448,-121.39957757387772,,,,,0.0,2026-02-22T16:16:33.000788,False
39.88651087686591,-121.39067017953175,,,,,0.0,2026-02-22T16:16:36.495601,False
39.8911141264336,-121.38176164421203,,,,,0.0,2026-02-22T16:16:40.021517,False
39.89571675373439,-121.37285196785584,,,,,0.0,2026-02-22T16:16:44.403368,False
39.67734957090129,-121.49155753519898,,,,,0.0,2026-02-22T16:16:48.029334,False
39.674623769118256,-121.48082857923777,2.205127716064453,8.940284202392333e-43,2.205127716064453,Unknown,1.4066564450476289,2026-02-22T16:16:51.627994,True
39.6625588658993,-121.50064837885232,,,,,0.0,2026-02-22T16:16:55.250296,False
39.65516337946559,-121.50519263657073,,,,,0.0,2026-02-22T16:16:58.743740,False
39.58476813723575,-121.6620789292156,,,,,0.0,2026-02-22T16:17:03.145199,False
39.592412260179415,-121.66583683106542,,,,,0.0,2026-02-22T16:17:07.723827,False
39.60005629059638,-121.66959552906911,,,,,0.0,2026-02-22T16:17:11.195395,False
39.60770022859491,-121.67335502346803,,,,,0.0,2026-02-22T16:17:14.692906,False
39.61514993621716,-121.67773601639745,,,,,0.0,2026-02-22T16:17:18.245507,False
39.6225919218392,-121.68214348348268,,,,,0.0,2026-02-22T16:17:22.758958,False
39.62862274899624,-121.68912815629062,,,,,0.0,2026-02-22T16:17:26.638122,False
39.63457810416822,-121.69647716013912,,,,,0.0,2026-02-22T16:17:31.177463,False
39.64053304077301,-121.70382737761288,,,,,0.0,2026-02-22T16:17:34.810415,False
39.64648755876953,-121.71117880892464,,,,,0.0,2026-02-22T16:17:38.494594,False
39.6525644367433,-121.71835128893797,,,,,0.0,2026-02-22T16:17:42.886904,False
39.65874913053035,-121.72536619632211,,,,,0.0,2026-02-22T16:17:46.463089,False
39.66493407259936,-121.73238134667216,,,,,0.0,2026-02-22T16:17:50.000510,False
39.67111952659537,-121.73939633657275,,,,,0.0,2026-02-22T16:17:53.572146,False
39.67730460200423,-121.74641253030217,,,,,0.0,2026-02-22T16:17:57.158120,False
39.6838405355017,-121.75281931816664,,,,,0.0,2026-02-22T16:18:00.886362,False
39.69149637711477,-121.75644362964496,,,,,0.0,2026-02-22T16:18:04.669686,False
39.69924426404709,-121.75981919592054,,,,,0.0,2026-02-22T16:18:08.670134,False
39.70698728163764,-121.7632144577098,,,,,0.0,2026-02-22T16:18:12.513781,False
39.71471944742218,-121.7666530526474,,,,,0.0,2026-02-22T16:18:17.062302,False
39.72249928817602,-121.76989566809088,,,,,0.0,2026-02-22T16:18:21.174936,False
39.73030801435489,-121.77301971474894,,,,,0.0,2026-02-22T16:18:24.891343,False
39.73618772400351,-121.77882804367728,,,,,0.0,2026-02-22T16:18:28.450042,False
39.73912357225718,-121.788842719523,,,,,0.0,2026-02-22T16:18:32.066512,False
39.74608757123591,-121.79352841165982,,,,,0.0,2026-02-22T16:18:35.803573,False
39.753475549453086,-121.79305801375224,,,,,0.0,2026-02-22T16:18:39.502642,False
39.75897114025738,-121.7972195203418,,,,,0.0,2026-02-22T16:18:43.097513,False
39.76268176291338,-121.80586404272428,,,,,0.0,2026-02-22T16:18:47.160944,False
39.768546363720986,-121.8089159160462,,,,,0.0,2026-02-22T16:18:50.636785,False
39.768435385982094,-121.81968579603704,,,,,0.0,2026-02-22T16:18:54.112047,False
39.712153877769566,-121.813392644618,,,,,0.0,2026-02-22T16:18:57.994930,False
39.71154031406403,-121.82399136706236,,,,,0.0,2026-02-22T16:19:01.430758,False
39.71210660770707,-121.8342287672144,,,,,0.0,2026-02-22T16:19:05.330751,False
39.71832155534794,-121.8409172982815,,,,,0.0,2026-02-22T16:19:10.024164,False
39.72425955744156,-121.8451887874686,,,,,0.0,2026-02-22T16:19:13.903442,False
39.7606216602745,-121.61882715167802,,,,,0.0,2026-02-22T16:19:17.308135,False
39.75354153338354,-121.6234679872576,,,,,0.0,2026-02-22T16:19:20.829311,False
39.74742837196849,-121.65691157105978,2.27435302734375,1.677354261796806e-42,2.27435302734375,Unknown,2.174409159728929,2026-02-22T16:19:24.461575,True
39.746284478332285,-121.6409693165599,,,,,0.0,2026-02-22T16:19:28.420046,False
39.74414324525439,-121.65091202942432,,,,,0.0,2026-02-22T16:19:34.353765,False
39.74152910996003,-121.66030991927278,,,,,0.0,2026-02-22T16:19:38.160796,False
39.735694765092816,-121.65987551987942,,,,,0.0,2026-02-22T16:19:41.746537,False
39.72799362802935,-121.6563165844827,,,,,0.0,2026-02-22T16:19:45.319995,False
39.72051297338033,-121.65984036297026,,,,,0.0,2026-02-22T16:19:48.856676,False
39.71295415338679,-121.66389223521692,,,,,0.0,2026-02-22T16:19:52.614203,False
39.708044531901145,-121.67167268635832,,,,,0.0,2026-02-22T16:19:57.290803,False
39.70286344363284,-121.6891873384714,2.044921875,1.1532686361393244e-42,2.044921875,Unknown,0.9322567838639968,2026-02-22T16:20:00.993316,True
39.70580285629205,-121.69967338830972,,,,,0.0,2026-02-22T16:20:04.756112,False
39.706876755166206,-121.71034136905942,,,,,0.0,2026-02-22T16:20:08.602213,False
39.70795209473231,-121.72100925654767,,,,,0.0,2026-02-22T16:20:13.020109,False
39.70902680924467,-121.73167741281831,,,,,0.0,2026-02-22T16:20:20.676303,False
39.71019785758901,-121.72785849406156,2.772899627685547,2.7325320054333933e-43,2.772899627685547,Unknown,1.2392901911891463,2026-02-22T16:20:24.378339,True
39.71132332888687,-121.75298642419058,,,,,0.0,2026-02-22T16:20:28.056081,False
39.714225500186686,-121.78248331892624,2.8581199645996094,9.935206112062953e-43,2.8581199645996094,Unknown,0.7244908981823243,2026-02-22T16:20:31.772723,True
39.71347856323312,-121.79560231249194,,,,,0.0,2026-02-22T16:20:35.400497,False
39.713300742314495,-121.80636239579808,,,,,0.0,2026-02-22T16:20:39.072064,False
39.88434028727233,-121.37408609309983,,,,,0.0,2026-02-22T16:20:43.718522,False
39.87760320667327,-121.37901586416064,,,,,0.0,2026-02-22T16:20:47.270574,False
39.870849503734185,-121.38237391037435,,,,,0.0,2026-02-22T16:20:50.846225,False
39.86711036351402,-121.39196094442092,,,,,0.0,2026-02-22T16:20:54.517252,False
39.859866377288384,-121.39685799777946,,,,,0.0,2026-02-22T16:20:58.215772,False
39.85256763465868,-121.40168102305736,,,,,0.0,2026-02-22T16:21:03.548431,False
39.84798649968268,-121.41025738012443,,,,,0.0,2026-02-22T16:21:07.376327,False
39.84190593534639,-121.4174482196765,,,,,0.0,2026-02-22T16:21:11.268574,False
39.83476428907521,-121.42220458049896,,,,,0.0,2026-02-22T16:21:14.968934,False
39.82714255940684,-121.42596957258525,,,,,0.0,2026-02-22T16:21:19.301066,False
39.81274431323288,-121.4361194576752,,,,,0.0,2026-02-22T16:21:22.958392,False
39.80711477928074,-121.4435876469885,,,,,0.0,2026-02-22T16:21:26.547398,False
39.803231494824544,-121.44223158776812,3.016460418701172,1.2611686178923354e-43,3.016460418701172,Unknown,0.7632908398178502,2026-02-22T16:21:30.318183,True
39.793590477697855,-121.45214668162195,,,,,0.0,2026-02-22T16:21:34.892926,False
39.78395435641679,-121.43394006313603,3.016437530517578,1.4839750737199813e-42,3.016437530517578,Unknown,1.6608398651359206,2026-02-22T16:21:38.760331,True
39.77760893416985,-121.45519812315436,,,,,0.0,2026-02-22T16:21:43.387239,False
39.770330879968014,-121.46006921400377,,,,,0.0,2026-02-22T16:21:47.072518,False
39.76346753144319,-121.46580282562051,,,,,0.0,2026-02-22T16:21:50.904992,False
39.757026757059045,-121.47241536002912,,,,,0.0,2026-02-22T16:21:54.862471,False
39.74951102737218,-121.4756875796462,,,,,0.0,2026-02-22T16:21:58.460354,False
39.74143344405832,-121.47721386702308,,,,,0.0,2026-02-22T16:22:02.159147,False
39.73335592700419,-121.4787403552118,,,,,0.0,2026-02-22T16:22:05.978483,False
39.72527843512292,-121.4802666673357,,,,,0.0,2026-02-22T16:22:09.536222,False
39.71948288684145,-121.47698652660578,,,,,0.0,2026-02-22T16:22:13.108974,False
39.723497653316834,-121.47049262584262,,,,,0.0,2026-02-22T16:22:16.694572,False
39.67943685067096,-121.50148346582311,,,,,0.0,2026-02-22T16:22:20.378921,False
39.68229740125103,-121.52266592770476,,,,,0.0,2026-02-22T16:22:24.112354,False
39.68372675580183,-121.53325769017034,,,,,0.0,2026-02-22T16:22:28.424040,False
39.68488726411051,-121.54194982395732,,,,,0.0,2026-02-22T16:22:31.989834,False
39.68636139948786,-121.55253129575756,,,,,0.0,2026-02-22T16:22:35.778868,False
39.687834642057695,-121.5631132002631,,,,,0.0,2026-02-22T16:22:39.396893,False
39.68930699176466,-121.57369553723812,,,,,0.0,2026-02-22T16:22:43.092728,False
39.69084640375783,-121.58425983896088,,,,,0.0,2026-02-22T16:22:46.482731,False
39.6926684235852,-121.5947475899682,,,,,0.0,2026-02-22T16:22:49.973580,False
39.69448956687199,-121.60523587113973,,,,,0.0,2026-02-22T16:22:53.415736,False
39.696309833551695,-121.61572468226004,,,,,0.0,2026-02-22T16:22:56.823328,False
39.698129223558034,-121.62621402311387,,,,,0.0,2026-02-22T16:23:01.085285,False
39.69975464277711,-121.63612969992874,,,,,0.0,2026-02-22T16:23:04.729854,False
39.7079140868894,-121.6360228593003,,,,,0.0,2026-02-22T16:23:08.185785,False
39.71461724771212,-121.64078194566544,,,,,0.0,2026-02-22T16:23:11.771367,False
39.72052096855598,-121.6482120326102,,,,,0.0,2026-02-22T16:23:15.117741,False
39.74908750753554,-121.63118979602989,,,,,0.0,2026-02-22T16:23:18.747719,False
39.73026819613313,-121.796332237798,,,,,0.0,2026-02-22T16:23:22.448738,False
39.72239380661497,-121.79731388444272,,,,,0.0,2026-02-22T16:23:25.934067,False
39.72056392328238,-121.80598473563686,,,,,0.0,2026-02-22T16:23:29.379298,False
39.592509980460825,-121.68740659560795,,,,,0.0,2026-02-22T16:23:33.702726,False
39.60066914470061,-121.68734442792896,,,,,0.0,2026-02-22T16:23:37.219031,False
39.60882710451514,-121.68721769120188,,,,,0.0,2026-02-22T16:23:40.678402,False
39.616986336747146,-121.68713546805814,,,,,0.0,2026-02-22T16:23:44.322914,False
39.62246033380879,-121.6921775025235,,,,,0.0,2026-02-22T16:23:47.798558,False
39.62859881924977,-121.69902176166532,,,,,0.0,2026-02-22T16:23:51.358000,False
39.63375485115383,-121.70681537168268,,,,,0.0,2026-02-22T16:23:54.814135,False
39.63978240208215,-121.71405725848405,,,,,0.0,2026-02-22T16:23:59.014074,False
39.64535818100247,-121.72054986170984,,,,,0.0,2026-02-22T16:24:03.344646,False
39.64965416491644,-121.72958107707576,,,,,0.0,2026-02-22T16:24:06.923972,False
39.65375703125091,-121.73837013914766,,,,,0.0,2026-02-22T16:24:10.951655,False
39.65899981707573,-121.74661050497856,,,,,0.0,2026-02-22T16:24:15.493391,False
39.664774171190615,-121.7541803133604,,,,,0.0,2026-02-22T16:24:18.962576,False
39.67046038677744,-121.7618411349225,,,,,0.0,2026-02-22T16:24:22.411951,False
39.67528063778961,-121.77006863480916,,,,,0.0,2026-02-22T16:24:26.782064,False
39.6788647403127,-121.77967715609834,,,,,0.0,2026-02-22T16:24:30.331321,False
39.68156273359727,-121.7898297671784,,,,,0.0,2026-02-22T16:24:33.945289,False
39.685947668548266,-121.79731895466736,,,,,0.0,2026-02-22T16:24:37.563727,False
39.694016465885234,-121.79891604296944,,,,,0.0,2026-02-22T16:24:41.250070,False
39.70124205411008,-121.80389183116844,,,,,0.0,2026-02-22T16:24:44.894999,False
39.70849761757536,-121.80881137294156,,,,,0.0,2026-02-22T16:24:48.398199,False
39.788464483743496,-121.657410270137,,,,,0.0,2026-02-22T16:24:51.971412,False
39.780939938196745,-121.66157867312651,,,,,0.0,2026-02-22T16:24:55.409401,False
39.77344082475047,-121.66582488737126,,,,,0.0,2026-02-22T16:24:59.708984,False
39.7659655143698,-121.67014390132805,,,,,0.0,2026-02-22T16:25:03.286704,False
39.75848979995956,-121.6737781059191,,,,,0.0,2026-02-22T16:25:06.845035,False
39.75114588637995,-121.66909484902963,,,,,0.0,2026-02-22T16:25:10.285849,False
39.69393167470405,-121.63607849004778,,,,,0.0,2026-02-22T16:25:14.011913,False
39.685772491298096,-121.63619617502052,,,,,0.0,2026-02-22T16:25:17.572671,False
39.67761289084535,-121.6362644724199,,,,,0.0,2026-02-22T16:25:21.005526,False
39.6694533249468,-121.63633668064077,,,,,0.0,2026-02-22T16:25:25.563350,False
39.6612937945452,-121.6364027480204,,,,,0.0,2026-02-22T16:25:29.462632,False
39.602239014262665,-121.51667372480792,,,,,0.0,2026-02-22T16:25:33.023559,False
39.6727810919592,-121.49698909961252,,,,,0.0,2026-02-22T16:25:36.983028,False
39.63774295558844,-121.69013453743572,,,,,0.0,2026-02-22T16:25:40.891282,False
39.64524244233529,-121.6943712147599,,,,,0.0,2026-02-22T16:25:44.365068,False
39.65274180626748,-121.6986087733134,,,,,0.0,2026-02-22T16:25:47.949919,False
39.66024104747637,-121.70284721335436,,,,,0.0,2026-02-22T16:25:51.505040,False
39.66774016605323,-121.707086535141,,,,,0.0,2026-02-22T16:25:55.088480,False
39.67523916208936,-121.71132673893156,,,,,0.0,2026-02-22T16:25:58.599261,False
39.6827380356762,-121.71556782498452,,,,,0.0,2026-02-22T16:26:02.070216,False
39.69023721326876,-121.71980848258062,,,,,0.0,2026-02-22T16:26:06.205384,False
39.69773724145794,-121.72404703155838,,,,,0.0,2026-02-22T16:26:09.807963,False
39.70523714777115,-121.72828646284351,,,,,0.0,2026-02-22T16:26:13.269453,False
39.72023857435915,-121.73676188088946,,,,,0.0,2026-02-22T16:26:16.895206,False
39.72773942452672,-121.74099993169143,,,,,0.0,2026-02-22T16:26:20.411032,False
39.73524015346495,-121.74523886515108,,,,,0.0,2026-02-22T16:26:23.939106,False
39.74274076126569,-121.74947868152722,,,,,0.0,2026-02-22T16:26:28.123868,False
39.75024124802081,-121.75371938107892,,,,,0.0,2026-02-22T16:26:31.662587,False
39.75774161382196,-121.75796096406522,,,,,0.0,2026-02-22T16:26:35.083275,False
39.76529213677419,-121.76202887506804,,,,,0.0,2026-02-22T16:26:39.033006,False
39.77303357483931,-121.76543444847331,,,,,0.0,2026-02-22T16:26:42.473158,False
39.7807749448211,-121.7688407543588,,,,,0.0,2026-02-22T16:26:45.946415,False
39.788516246840665,-121.77224779295206,,,,,0.0,2026-02-22T16:26:49.354872,False
39.78256037839191,-121.75855527077958,1.999755859375,2.9416057363106555e-41,1.999755859375,Unknown,2.11055912346737,2026-02-22T16:26:52.786522,True
39.80399864747785,-121.77906406917276,,,,,0.0,2026-02-22T16:26:56.242267,False
39.81175729808843,-121.78240226370151,,,,,0.0,2026-02-22T16:26:59.633455,False
39.81953122732691,-121.78567907901322,,,,,0.0,2026-02-22T16:27:03.099761,False
39.82730509652045,-121.78895660251396,,,,,0.0,2026-02-22T16:27:06.568064,False
39.83507890579465,-121.7922348344256,,,,,0.0,2026-02-22T16:27:10.047005,False
39.842852655275074,-121.79551377496996,,,,,0.0,2026-02-22T16:27:13.434480,False
39.85062634508723,-121.7987934243691,,,,,0.0,2026-02-22T16:27:16.721053,False
39.85839997535674,-121.80207378284504,,,,,0.0,2026-02-22T16:27:20.857243,False
39.86608801118883,-121.8056428685136,,,,,0.0,2026-02-22T16:27:24.029574,False
39.87358891544096,-121.80979822836858,,,,,0.0,2026-02-22T16:27:27.322864,False
39.88151956212142,-121.81234007551046,,,,,0.0,2026-02-22T16:27:30.567393,False
39.88941673344149,-121.8150410228399,,,,,0.0,2026-02-22T16:27:33.750087,False
39.897197644425695,-121.81829340711438,,,,,0.0,2026-02-22T16:27:36.944125,False
39.904978498312914,-121.82154649566584,,,,,0.0,2026-02-22T16:27:40.143699,False
39.91275802737955,-121.82480550669533,,,,,0.0,2026-02-22T16:27:43.337578,False
39.92051562382729,-121.828155253154,,,,,0.0,2026-02-22T16:27:44.767389,False
39.9282731583889,-121.83150572302588,,,,,0.0,2026-02-22T16:27:46.549537,False
39.9360306311883,-121.834856916537,,,,,0.0,2026-02-22T16:27:53.347821,False
39.82645951310239,-121.409573658566,,,,,0.0,2026-02-22T16:27:57.018557,False
39.82910885198083,-121.41947419615737,,,,,0.0,2026-02-22T16:28:00.585571,False
39.79935278240625,-121.4521409552087,,,,,0.0,2026-02-22T16:28:04.227306,False
39.78404889798135,-121.451438366037,,,,,0.0,2026-02-22T16:28:07.825047,False
39.68364796835511,-121.4646989766192,1.999755859375,2.9416057363106555e-41,1.999755859375,Unknown,3.2065454553889734,2026-02-22T16:28:12.264800,True
39.70093469178417,-121.48385001897564,,,,,0.0,2026-02-22T16:28:15.881545,False
39.69283470465076,-121.48514682574672,,,,,0.0,2026-02-22T16:28:19.280108,False
39.67832311826406,-121.48128699258038,1.999755859375,2.9416057363106555e-41,1.999755859375,Unknown,0.8399557849498384,2026-02-22T16:28:22.911134,True
39.614827620693774,-121.76315878998976,,,,,0.0,2026-02-22T16:28:26.884806,False
39.6220107326388,-121.75806032078532,,,,,0.0,2026-02-22T16:28:31.372571,False
39.62921135821123,-121.75300564782056,,,,,0.0,2026-02-22T16:28:34.933350,False
39.65424804963244,-121.72087306266192,1.999755859375,2.9416057363106555e-41,1.999755859375,Unknown,3.0471639328618285,2026-02-22T16:28:39.237230,True
39.6435676053696,-121.7427838101684,,,,,0.0,2026-02-22T16:28:43.810947,False
39.65863180473119,-121.72232110129504,2.2878990173339844,9.514816572765508e-43,2.2878990173339844,Unknown,0.8849963495351182,2026-02-22T16:28:47.929477,True
39.67287931660147,-121.72429188256764,,,,,0.0,2026-02-22T16:28:51.615890,False
39.66816310111271,-121.69790621920302,1.999755859375,2.9416057363106555e-41,1.999755859375,Unknown,2.42912698299094,2026-02-22T16:28:55.058647,True
39.69627627291886,-121.71481862214446,,,,,0.0,2026-02-22T16:28:58.546907,False
39.73448340575206,-121.6896214353707,1.999755859375,2.9416057363106555e-41,1.999755859375,Unknown,2.9851659525295298,2026-02-22T16:29:02.079030,True
39.71981722415244,-121.70654938081832,,,,,0.0,2026-02-22T16:29:05.577285,False
39.72796921636304,-121.70609472683874,,,,,0.0,2026-02-22T16:29:09.220492,False
39.735867499465606,-121.7043362488839,,,,,0.0,2026-02-22T16:29:12.721145,False
39.742755537066806,-121.69859455705752,,,,,0.0,2026-02-22T16:29:16.278395,False
39.74742365980432,-121.69054813759016,,,,,0.0,2026-02-22T16:29:19.733270,False
39.753494197941016,-121.68337836917324,,,,,0.0,2026-02-22T16:29:23.941101,False
39.73523635523443,-121.69305221627285,1.999755859375,2.9416057363106555e-41,1.999755859375,Unknown,3.1012582591888544,2026-02-22T16:29:27.988889,True
39.76835158359543,-121.8348671513448,,,,,0.0,2026-02-22T16:29:31.753576,False
39.770054271378406,-121.8443823487476,,,,,0.0,2026-02-22T16:29:34.848082,False
39.77573069247771,-121.85150098682185,,,,,0.0,2026-02-22T16:29:38.300149,False
39.77564005993475,-121.86227227493303,,,,,0.0,2026-02-22T16:29:41.610428,False
39.77572168347462,-121.8729941700458,,,,,0.0,2026-02-22T16:29:44.959111,False
39.77299675051675,-121.88209324708689,,,,,0.0,2026-02-22T16:29:48.402871,False
39.74792306723414,-121.9168054345662,1.999755859375,2.9416057363106555e-41,1.999755859375,Unknown,3.3388910063885784,2026-02-22T16:29:51.991791,True
39.76798372257444,-121.89886140637569,,,,,0.0,2026-02-22T16:29:55.653411,False
39.760938966154384,-121.9003333767148,,,,,0.0,2026-02-22T16:29:59.191913,False
39.71981059208246,-121.85043614870202,,,,,0.0,2026-02-22T16:30:02.450845,False
39.71258445329664,-121.85475545046634,,,,,0.0,2026-02-22T16:30:05.668474,False
39.7064649434765,-121.86105889646184,,,,,0.0,2026-02-22T16:30:08.945620,False
39.70326250750357,-121.87022567340684,,,,,0.0,2026-02-22T16:30:12.172251,False
39.79641367865568,-121.7751152001862,,,,,0.0,2026-02-22T16:30:17.110002,False
39.58425548481823,-121.61761504712892,,,,,0.0,2026-02-22T16:30:22.860516,False
39.590548980524346,-121.62092676519605,,,,,0.0,2026-02-22T16:30:26.352830,False
39.59612930338092,-121.62742531554196,,,,,0.0,2026-02-22T16:30:29.844478,False
39.61205306104981,-121.6403388160222,2.051616668701172,1.0103361927781933e-42,2.051616668701172,Unknown,1.3122595328467097,2026-02-22T16:30:34.394450,True
39.60517694924496,-121.6453114361245,,,,,0.0,2026-02-22T16:30:37.889997,False
39.60970217509513,-121.65425411652993,,,,,0.0,2026-02-22T16:30:42.113597,False
39.61423176096978,-121.6631935260258,,,,,0.0,2026-02-22T16:30:45.650365,False
39.61875077435715,-121.67214278549778,,,,,0.0,2026-02-22T16:30:49.148281,False
39.74662143181649,-121.77901695905275,,,,,0.0,2026-02-22T16:30:53.775307,False
39.7543435449022,-121.78249700148704,,,,,0.0,2026-02-22T16:30:57.186535,False
39.7617221464354,-121.78670204285996,,,,,0.0,2026-02-22T16:31:00.618042,False
39.76863291417313,-121.7919584688713,,,,,0.0,2026-02-22T16:31:04.048090,False
39.77634495150812,-121.7954765217414,,,,,0.0,2026-02-22T16:31:07.479732,False
39.78289830886427,-121.80182827490084,,,,,0.0,2026-02-22T16:31:10.952299,False
39.7893732094662,-121.80838497373064,,,,,0.0,2026-02-22T16:31:14.585415,False
39.795847983253694,-121.814942510314,,,,,0.0,2026-02-22T16:31:18.167342,False
39.80232459333386,-121.82149750455535,,,,,0.0,2026-02-22T16:31:21.394248,False
39.80880129146703,-121.82805296543644,,,,,0.0,2026-02-22T16:31:24.632925,False
39.81528790614649,-121.83459191816031,,,,,0.0,2026-02-22T16:31:27.777564,False
39.8217595755176,-121.841157274325,,,,,0.0,2026-02-22T16:31:29.122727,False
39.828243875151855,-121.84770147770396,,,,,0.0,2026-02-22T16:31:30.467871,False
39.83476349409134,-121.85413891854984,,,,,0.0,2026-02-22T16:31:31.935571,False
39.84258113715836,-121.857230040647,,,,,0.0,2026-02-22T16:31:33.541884,False
39.85040533217061,-121.86029281685288,,,,,0.0,2026-02-22T16:31:36.780925,False
39.858228815237496,-121.86335921386254,,,,,0.0,2026-02-22T16:31:40.310032,False
39.86605041634623,-121.8664344403912,,,,,0.0,2026-02-22T16:31:43.434766,False
39.87387196890763,-121.86951033603724,,,,,0.0,2026-02-22T16:31:46.800753,False
39.88169347305367,-121.8725869010126,,,,,0.0,2026-02-22T16:31:50.201732,False
39.88951492891622,-121.87566413552932,,,,,0.0,2026-02-22T16:31:53.329167,False
39.87074821731985,-121.632129033401,,,,,0.0,2026-02-22T16:31:56.615326,False
39.8630626714184,-121.62851727166915,,,,,0.0,2026-02-22T16:32:00.180193,False
39.855206269417785,-121.62933551329304,,,,,0.0,2026-02-22T16:32:03.621572,False
39.84737661075701,-121.63236981324052,,,,,0.0,2026-02-22T16:32:07.069594,False
39.83951034137305,-121.63523808906388,,,,,0.0,2026-02-22T16:32:10.452526,False
39.83162345854933,-121.63800503233324,,,,,0.0,2026-02-22T16:32:14.848362,False
39.82373330257452,-121.64075551670204,,,,,0.0,2026-02-22T16:32:18.302332,False
39.81584311516552,-121.64350541009551,,,,,0.0,2026-02-22T16:32:21.884944,False
39.80797368045223,-121.64634636768749,,,,,0.0,2026-02-22T16:32:25.322661,False
39.80048296116078,-121.65061587076876,,,,,0.0,2026-02-22T16:32:28.767207,False
39.792950526191184,-121.65475779581551,,,,,0.0,2026-02-22T16:32:32.188035,False
39.65458077206724,-121.63598701188302,,,,,0.0,2026-02-22T16:32:35.977084,False
39.64661820750956,-121.63363795165702,,,,,0.0,2026-02-22T16:32:39.334408,False
39.63865454220953,-121.63129595964516,,,,,0.0,2026-02-22T16:32:43.032528,False
39.63069298865366,-121.6289417545154,,,,,0.0,2026-02-22T16:32:46.426905,False
39.62272715759514,-121.62661356159256,,,,,0.0,2026-02-22T16:32:50.291659,False
39.61476856948581,-121.62424974262262,,,,,0.0,2026-02-22T16:32:53.740526,False
39.60683074666558,-121.62176782120244,,,,,0.0,2026-02-22T16:32:57.192188,False
39.59897691001004,-121.61912797238982,,,,,0.0,2026-02-22T16:33:00.650080,False
39.71550542020032,-121.48173166819966,,,,,0.0,2026-02-22T16:33:05.200165,False
39.70741805637922,-121.48315126986364,,,,,0.0,2026-02-22T16:33:08.873361,False
39.683628913425366,-121.48894557684116,,,,,0.0,2026-02-22T16:33:12.374539,False
39.62046367680256,-121.78106781687325,,,,,0.0,2026-02-22T16:33:16.350969,False
39.6270106208123,-121.78748340350792,,,,,0.0,2026-02-22T16:33:19.789912,False
39.63411149062588,-121.79241989914152,,,,,0.0,2026-02-22T16:33:23.452640,False
39.64196023120285,-121.7953594514816,,,,,0.0,2026-02-22T16:33:27.158848,False
39.64900689900114,-121.80067389987126,,,,,0.0,2026-02-22T16:33:30.630874,False
39.65686286254877,-121.80358056211192,,,,,0.0,2026-02-22T16:33:34.114738,False
39.66471878140634,-121.80648785778266,,,,,0.0,2026-02-22T16:33:37.555475,False
39.672574655709184,-121.80939578708502,,,,,0.0,2026-02-22T16:33:40.938766,False
39.6804039767463,-121.81242384589554,,,,,0.0,2026-02-22T16:33:44.619363,False
39.68821062109271,-121.81555455615344,,,,,0.0,2026-02-22T16:33:48.292785,False
39.69601721031688,-121.81868594466953,,,,,0.0,2026-02-22T16:33:51.992302,False
39.70285324970943,-121.82439429538108,,,,,0.0,2026-02-22T16:33:55.785217,False
39.79189202918521,-121.6485899283446,,,,,0.0,2026-02-22T16:33:59.774188,False
39.79252842961035,-121.63868783085404,,,,,0.0,2026-02-22T16:34:03.278536,False
39.79169772870255,-121.62797321225796,,,,,0.0,2026-02-22T16:34:06.606649,False
39.79077438224023,-121.61727009351816,,,,,0.0,2026-02-22T16:34:09.952570,False
39.78976945474621,-121.6065835492598,,,,,0.0,2026-02-22T16:34:13.182042,False
39.78734591123372,-121.59688961448713,,,,,0.0,2026-02-22T16:34:16.423467,False
39.781933205277184,-121.59706233891502,,,,,0.0,2026-02-22T16:34:19.848810,False
39.777238996488656,-121.60538821953445,,,,,0.0,2026-02-22T16:34:24.021171,False
39.76998445705843,-121.61006210575223,,,,,0.0,2026-02-22T16:34:27.275606,False
41.73887876734288,-122.92451788551158,,,,,0.0,2026-02-22T16:39:53.125509,False
41.73285103317736,-122.91704100799572,,,,,0.0,2026-02-22T16:39:56.752057,False
41.72682290409384,-122.90956541559508,,,,,0.0,2026-02-22T16:40:00.101689,False
41.72353638982892,-122.89943183032253,,,,,0.0,2026-02-22T16:40:03.661328,False
41.72025743806134,-122.88929109634886,,,,,0.0,2026-02-22T16:40:07.391498,False
41.71653057474361,-122.87948704473452,,,,,0.0,2026-02-22T16:40:11.424627,False
41.7097758910875,-122.87365576060677,,,,,0.0,2026-02-22T16:40:14.881478,False
41.70275453484728,-122.86808831941264,,,,,0.0,2026-02-22T16:40:18.275098,False
41.69645980912143,-122.86103112663277,,,,,0.0,2026-02-22T16:40:21.830464,False
41.68951163101918,-122.85533727835568,,,,,0.0,2026-02-22T16:40:25.588056,False
41.68227121571354,-122.85024297090492,,,,,0.0,2026-02-22T16:40:29.995461,False
41.67783567974571,-122.847087413432,,,,,0.0,2026-02-22T16:40:33.569033,False
41.67106197162403,-122.85099355065992,,,,,0.0,2026-02-22T16:40:37.927060,False
41.68929493439569,-122.83509817984267,1.999755859375,2.9416057363106555e-41,1.999755859375,Unknown,3.282631262104767,2026-02-22T16:40:41.330876,True
41.656302551442096,-122.85951347700072,,,,,0.0,2026-02-22T16:41:37.917126,False
41.64963946125377,-122.8654350324823,,,,,0.0,2026-02-22T16:41:41.452117,False
41.642774749456855,-122.87132329678688,,,,,0.0,2026-02-22T16:41:45.188437,False
41.6353944225847,-122.87464259061576,,,,,0.0,2026-02-22T16:41:48.471105,False
41.62786166114325,-122.87157878758156,,,,,0.0,2026-02-22T16:41:51.842059,False
41.62275570074781,-122.86294930759134,,,,,0.0,2026-02-22T16:41:55.557636,False
41.615342138935,-122.858609396726,,,,,0.0,2026-02-22T16:41:59.021268,False
41.60853093620639,-122.85252776631977,,,,,0.0,2026-02-22T16:42:02.588980,False
41.67813246588316,-122.83615507605154,,,,,0.0,2026-02-22T16:42:06.171917,False
41.68199273682542,-122.82665633213507,,,,,0.0,2026-02-22T16:42:10.527563,False
41.68791794566044,-122.81924668319871,,,,,0.0,2026-02-22T16:42:14.324758,False
41.69582618480196,-122.81904001409389,,,,,0.0,2026-02-22T16:42:17.868869,False
41.703615492554405,-122.81686724341291,,,,,0.0,2026-02-22T16:42:21.628987,False
41.71112117166621,-122.81393179776023,,,,,0.0,2026-02-22T16:42:25.187824,False
41.71172561316683,-122.80366220127972,,,,,0.0,2026-02-22T16:42:29.637778,False
41.71453477591874,-122.79348034784044,,,,,0.0,2026-02-22T16:42:33.235744,False
41.73403330429918,-122.78004268343972,2.004920959472656,2.466285297211678e-43,2.004920959472656,Unknown,1.8377633840580496,2026-02-22T16:42:38.517457,True
41.71936090548001,-122.77255034927283,,,,,0.0,2026-02-22T16:42:50.973928,False
41.720887624244064,-122.76170845473403,,,,,0.0,2026-02-22T16:42:55.054137,False
41.72253555874818,-122.75087442822807,,,,,0.0,2026-02-22T16:42:58.540835,False
41.72403455444826,-122.73999103338748,,,,,0.0,2026-02-22T16:43:02.117516,False
41.72724860612522,-122.72999153819224,,,,,0.0,2026-02-22T16:43:05.474653,False
41.72963220606143,-122.71961884026204,,,,,0.0,2026-02-22T16:43:09.089404,False
41.730793240127824,-122.70865880683851,,,,,0.0,2026-02-22T16:43:12.737593,False
41.73196234732881,-122.697700172335,,,,,0.0,2026-02-22T16:43:16.909404,False
41.733137117008944,-122.68674244363734,,,,,0.0,2026-02-22T16:43:20.411391,False
41.73431715133911,-122.67578558056074,,,,,0.0,2026-02-22T16:43:23.804420,False
41.7354958312928,-122.66482827456652,,,,,0.0,2026-02-22T16:43:27.305787,False
41.73740221310858,-122.6541814555573,,,,,0.0,2026-02-22T16:43:30.597467,False
41.74168245584991,-122.64631204895178,,,,,0.0,2026-02-22T16:43:34.032344,False
41.74303918871762,-122.63857844588031,,,,,0.0,2026-02-22T16:43:37.205555,False
41.74235608929293,-122.62865081723868,,,,,0.0,2026-02-22T16:43:41.118442,False
41.7421023007007,-122.62140659055449,,,,,0.0,2026-02-22T16:43:44.298858,False
41.73634207425284,-122.61660686736458,,,,,0.0,2026-02-22T16:43:47.946949,False
41.7307272796829,-122.62429027407656,,,,,0.0,2026-02-22T16:43:51.185158,False
41.71129780914249,-122.64901697991802,,,,,0.0,2026-02-22T16:43:54.432067,False
41.704147696435406,-122.65086382276527,,,,,0.0,2026-02-22T16:43:57.661464,False
41.698281781662274,-122.65482956752004,,,,,0.0,2026-02-22T16:44:01.274237,False
41.69552047144524,-122.66484722594616,,,,,0.0,2026-02-22T16:44:04.736537,False
41.68882184274152,-122.66923669500314,,,,,0.0,2026-02-22T16:44:08.170313,False
41.68283645880241,-122.67515429954808,,,,,0.0,2026-02-22T16:44:11.741698,False
41.67793297185722,-122.68400526258282,,,,,0.0,2026-02-22T16:44:15.153809,False
41.67303369582925,-122.69285981315808,,,,,0.0,2026-02-22T16:44:18.642935,False
41.666649949720174,-122.6984882052824,,,,,0.0,2026-02-22T16:44:22.217013,False
41.66618309395973,-122.7095323691509,,,,,0.0,2026-02-22T16:44:26.591645,False
41.66582786469286,-122.72057882557397,,,,,0.0,2026-02-22T16:44:30.630681,False
41.66241663526967,-122.73007331037071,,,,,0.0,2026-02-22T16:44:34.089630,False
41.65752228574614,-122.73893076878208,,,,,0.0,2026-02-22T16:44:37.711820,False
41.65175989730752,-122.74670795785626,,,,,0.0,2026-02-22T16:44:42.292537,False
41.64567336157285,-122.7540863249379,,,,,0.0,2026-02-22T16:44:46.131070,False
41.64010956273586,-122.76209707364266,,,,,0.0,2026-02-22T16:44:49.651630,False
41.63656888645281,-122.7719538665715,,,,,0.0,2026-02-22T16:44:53.081029,False
41.63147375075941,-122.7805435698407,,,,,0.0,2026-02-22T16:44:56.703367,False
41.62815317944504,-122.79049847840288,,,,,0.0,2026-02-22T16:45:00.889430,False
41.62926059191363,-122.80145267824764,,,,,0.0,2026-02-22T16:45:04.581780,False
41.63040898175663,-122.8123994913188,,,,,0.0,2026-02-22T16:45:24.742065,False
41.63117652880632,-122.82329869440156,,,,,0.0,2026-02-22T16:45:44.847633,False
41.62870231318029,-122.83381186019518,,,,,0.0,2026-02-22T16:45:54.028359,False
41.62637386783175,-122.8423346545078,,,,,0.0,2026-02-22T16:46:12.411120,False
41.61856773339313,-122.84534863497578,,,,,0.0,2026-02-22T16:46:15.993027,False
41.59987312338725,-122.85734857889868,,,,,0.0,2026-02-22T16:46:19.652142,False
41.59176620774677,-122.85843571866748,,,,,0.0,2026-02-22T16:46:23.106923,False
41.71150944258591,-122.63915241983652,,,,,0.0,2026-02-22T16:46:26.917414,False
41.71865054264818,-122.63573116733588,,,,,0.0,2026-02-22T16:46:30.275334,False
41.72625176337146,-122.63234746263448,,,,,0.0,2026-02-22T16:46:33.712563,False
41.7246808598152,-122.62117606977088,,,,,0.0,2026-02-22T16:46:37.406905,False
41.71942259168191,-122.61270145364702,,,,,0.0,2026-02-22T16:46:41.172492,False
41.71482708124103,-122.6036136186161,,,,,0.0,2026-02-22T16:46:44.911950,False
41.71142471874454,-122.5936987699542,,,,,0.0,2026-02-22T16:46:48.614608,False
41.71106019728013,-122.5826411544676,,,,,0.0,2026-02-22T16:46:53.122388,False
41.708836866292856,-122.5721173313458,,,,,0.0,2026-02-22T16:46:56.998592,False
41.70566968672164,-122.56204388048836,,,,,0.0,2026-02-22T16:47:00.688477,False
41.705709076791294,-122.55097549822273,,,,,0.0,2026-02-22T16:47:04.315383,False
41.70591261053146,-122.53993449064224,,,,,0.0,2026-02-22T16:47:08.183446,False
41.86824304609246,-122.47227524418244,2.277393341064453,6.6281417362563855e-43,2.277393341064453,Unknown,0.6717881146323241,2026-02-22T16:47:12.320483,True
41.74295148703204,-122.60801624432138,,,,,0.0,2026-02-22T16:48:10.464004,False
41.74631634713752,-122.59792397440452,,,,,0.0,2026-02-22T16:48:14.297082,False
41.749607478635234,-122.5877868066038,,,,,0.0,2026-02-22T16:48:18.519846,False
41.75260640477126,-122.57748524426108,,,,,0.0,2026-02-22T16:48:22.118028,False
41.75553983143002,-122.56714729470464,,,,,0.0,2026-02-22T16:48:26.064920,False
41.7615028376458,-122.55974828297484,,,,,0.0,2026-02-22T16:48:29.781836,False
41.76756851836355,-122.54783518146289,2.49783706665039,2.7605579747198896e-43,2.49783706665039,Unknown,0.4258446991915671,2026-02-22T16:48:33.692678,True
41.77380696426659,-122.5454222062558,,,,,0.0,2026-02-22T16:49:41.341879,False
41.7761261220595,-122.53486231050296,,,,,0.0,2026-02-22T16:49:45.133026,False
41.77900120764304,-122.52509228058838,,,,,0.0,2026-02-22T16:49:48.749169,False
41.78647107928325,-122.52059791828604,,,,,0.0,2026-02-22T16:49:52.522294,False
41.79402052937598,-122.51636302734056,,,,,0.0,2026-02-22T16:49:55.992089,False
41.80144277651387,-122.51180320631718,,,,,0.0,2026-02-22T16:49:59.677606,False
41.80955629826109,-122.5104748375415,,,,,0.0,2026-02-22T16:50:03.282004,False
41.81722160883271,-122.50705043804513,,,,,0.0,2026-02-22T16:50:06.973380,False
41.82508547726923,-122.49307052007298,2.018871307373047,3.770894167498083e-42,2.018871307373047,Unknown,0.7632673291584656,2026-02-22T16:50:10.603478,True
41.8318723440449,-122.49722967128046,,,,,0.0,2026-02-22T16:50:23.146527,False
41.83827926316951,-122.49055237881,,,,,0.0,2026-02-22T16:50:28.152419,False
41.84356605687682,-122.48216742055156,,,,,0.0,2026-02-22T16:50:31.921903,False
41.84973983138148,-122.47513478948244,,,,,0.0,2026-02-22T16:50:35.390238,False
41.85644083982497,-122.46878467402657,,,,,0.0,2026-02-22T16:50:39.011003,False
41.86412597642823,-122.45957586374476,2.849159240722656,7.244713060559304e-43,2.849159240722656,Unknown,0.4509262203233853,2026-02-22T16:50:42.532707,True
41.73795679196833,-122.60464447427404,,,,,0.0,2026-02-22T16:51:07.211769,False
41.73530553671555,-122.5941799188832,,,,,0.0,2026-02-22T16:51:10.721592,False
41.73203230735061,-122.5840474837742,,,,,0.0,2026-02-22T16:51:14.274664,False
41.72947482219502,-122.57353722893302,,,,,0.0,2026-02-22T16:51:17.825775,False
41.72894763261162,-122.56263777285156,,,,,0.0,2026-02-22T16:51:21.493468,False
41.72613621562991,-122.5525300036704,,,,,0.0,2026-02-22T16:51:25.111483,False
41.722037605600974,-122.54393073968389,,,,,0.0,2026-02-22T16:51:28.688590,False
41.72281176094855,-122.53759989014016,,,,,0.0,2026-02-22T16:51:32.368553,False
41.71138623897603,-122.5375947573736,,,,,0.0,2026-02-22T16:51:35.984675,False
41.70531688791893,-122.5279389888094,,,,,0.0,2026-02-22T16:51:39.582996,False
41.7027787443352,-122.51793708628551,,,,,0.0,2026-02-22T16:51:43.939664,False
41.703456638412135,-122.50770362641326,,,,,0.0,2026-02-22T16:51:47.449187,False
41.70529450336589,-122.49698911993026,,,,,0.0,2026-02-22T16:51:51.023572,False
41.70507592108658,-122.48592465888102,,,,,0.0,2026-02-22T16:51:54.674894,False
41.70486152928565,-122.47486007419997,,,,,0.0,2026-02-22T16:51:58.367063,False
41.70464918964488,-122.46379545618387,,,,,0.0,2026-02-22T16:52:02.482233,False
41.704429994016735,-122.45273111712343,,,,,0.0,2026-02-22T16:52:06.144936,False
41.70421482403962,-122.44166665902056,,,,,0.0,2026-02-22T16:52:09.746037,False
41.71015698588596,-122.45040251532254,2.90457534790039,6.8803754598348534e-43,2.90457534790039,Unknown,1.0471444660518714,2026-02-22T16:52:13.350723,True
41.7113263123811,-122.42921966078175,,,,,0.0,2026-02-22T16:52:30.266116,False
41.71089026746898,-122.41253592620347,2.5693130493164062,1.3424439288231749e-42,2.5693130493164062,Unknown,0.4693039591206527,2026-02-22T16:52:33.850507,True
41.71143775051442,-122.3960120156363,,,,,0.0,2026-02-22T16:52:49.895537,False
41.71139362398902,-122.38494276203032,,,,,0.0,2026-02-22T16:52:53.350902,False
41.71133498735749,-122.37387364820847,,,,,0.0,2026-02-22T16:52:57.022143,False
41.7112853975012,-122.3628044561641,,,,,0.0,2026-02-22T16:53:01.106404,False
41.69860791646944,-122.5356585923875,,,,,0.0,2026-02-22T16:53:04.922068,False
41.690475126655016,-122.53515093225876,,,,,0.0,2026-02-22T16:53:08.631826,False
41.68283070383179,-122.53200314986644,,,,,0.0,2026-02-22T16:53:12.367877,False
41.67597934876921,-122.52615995284307,,,,,0.0,2026-02-22T16:53:15.820886,False
41.66817068769722,-122.5229865460933,,,,,0.0,2026-02-22T16:53:19.357484,False
41.66022894099438,-122.52038722773784,,,,,0.0,2026-02-22T16:53:23.740949,False
41.65208232963919,-122.52007613493066,,,,,0.0,2026-02-22T16:53:27.320431,False
41.643926655984345,-122.5205763520843,,,,,0.0,2026-02-22T16:53:30.815036,False
41.635779341547504,-122.52122663775086,,,,,0.0,2026-02-22T16:53:34.377707,False
41.62761451942247,-122.5216560271824,,,,,0.0,2026-02-22T16:53:37.868073,False
41.62095866340313,-122.50540153143768,2.0029067993164062,3.4738188930612215e-42,2.0029067993164062,Unknown,1.3965858282106012,2026-02-22T16:53:41.471317,True
41.61128562979527,-122.52253311380711,,,,,0.0,2026-02-22T16:54:31.961599,False
41.60367128817279,-122.52257603503298,,,,,0.0,2026-02-22T16:54:35.558049,False
41.603662983020826,-122.51152362062062,,,,,0.0,2026-02-22T16:54:39.836445,False
41.59655960816672,-122.50732786619076,,,,,0.0,2026-02-22T16:54:43.577551,False
41.588837815602176,-122.50371618500084,,,,,0.0,2026-02-22T16:54:47.390896,False
41.58199104085024,-122.4995510154302,,,,,0.0,2026-02-22T16:54:51.062910,False
41.57475507137128,-122.49442566827,,,,,0.0,2026-02-22T16:54:54.627269,False
41.56773955595246,-122.48137080885492,3.1875953674316406,1.3774763904312953e-42,3.1875953674316406,Unknown,0.9378460019896164,2026-02-22T16:54:58.157795,True
41.559261705318704,-122.48869608191114,,,,,0.0,2026-02-22T16:55:40.975694,False
41.68038095534787,-122.36260703882624,,,,,0.0,2026-02-22T16:55:44.769664,False
41.68853938598617,-122.36198358463632,,,,,0.0,2026-02-22T16:55:48.078072,False
41.69669717372784,-122.36134260084812,,,,,0.0,2026-02-22T16:55:51.530243,False
41.704854427886666,-122.36068774408564,,,,,0.0,2026-02-22T16:55:54.890278,False
41.66847480624086,-122.36951856098842,,,,,0.0,2026-02-22T16:55:58.179951,False
41.67663153110848,-122.36995629111902,,,,,0.0,2026-02-22T16:56:01.453140,False
41.68480217719701,-122.36980619692784,,,,,0.0,2026-02-22T16:56:04.951488,False
41.692969422550895,-122.36953513818672,,,,,0.0,2026-02-22T16:56:08.205045,False
41.70114068285229,-122.36949395182648,,,,,0.0,2026-02-22T16:56:11.534600,False
41.717727589093215,-122.36568543549583,,,,,0.0,2026-02-22T16:56:14.863720,False
41.725728101289306,-122.36343085226258,,,,,0.0,2026-02-22T16:56:18.241829,False
41.73372725608996,-122.36116703445836,,,,,0.0,2026-02-22T16:56:21.446779,False
41.741780220057,-122.35957303926548,,,,,0.0,2026-02-22T16:56:24.689839,False
41.74995189017905,-122.3594803612525,,,,,0.0,2026-02-22T16:56:27.936262,False
41.75812363780472,-122.35938675830585,,,,,0.0,2026-02-22T16:56:31.171176,False
41.76629525308163,-122.35926381892352,,,,,0.0,2026-02-22T16:56:34.713973,False
41.77446701802515,-122.35915719863245,,,,,0.0,2026-02-22T16:56:38.168235,False
41.71974562413157,-122.35957624674052,,,,,0.0,2026-02-22T16:56:41.529057,False
41.867505982887,-122.464152518597,,,,,0.0,2026-02-22T16:56:45.302760,False
41.87898147788893,-122.49465630051483,2.043983459472656,7.524972753424268e-43,2.043983459472656,Unknown,1.3051252084159108,2026-02-22T16:57:10.559042,True
41.8819782183616,-122.47153491959622,3.43142318725586,1.2583660209636857e-42,3.43142318725586,Unknown,1.163453535134759,2026-02-22T16:57:36.414215,True
41.88775346256531,-122.49250905938432,,,,,0.0,2026-02-22T16:57:51.247979,False
41.892373062829726,-122.50143848820716,,,,,0.0,2026-02-22T16:57:54.728495,False
41.8978962646196,-122.50884021580792,,,,,0.0,2026-02-22T16:57:58.178181,False
41.89986785570661,-122.51825306866388,,,,,0.0,2026-02-22T16:58:01.743849,False
41.89948471319524,-122.52928288343873,,,,,0.0,2026-02-22T16:58:05.243725,False
41.89956774939075,-122.5393643019454,,,,,0.0,2026-02-22T16:58:08.675361,False
41.86913076119896,-122.4532798736038,,,,,0.0,2026-02-22T16:58:12.241624,False
41.87054529181336,-122.44236064998364,,,,,0.0,2026-02-22T16:58:15.783069,False
41.87308924097467,-122.4318170091488,,,,,0.0,2026-02-22T16:58:19.471739,False
41.29427298433463,-124.056815127243,,,,,0.0,2026-02-22T17:15:53.582670,False
41.29205968413964,-124.06455033452018,,,,,0.0,2026-02-22T17:15:57.351317,False
41.287701803994686,-124.07259580859632,,,,,0.0,2026-02-22T17:16:00.913671,False
41.28178996732933,-124.08018270390716,,,,,0.0,2026-02-22T17:16:04.777883,False
41.27417187625125,-124.08386046433132,,,,,0.0,2026-02-22T17:16:08.193631,False
36.98428364219332,-121.915416559021,,,,,0.0,2026-02-22T17:27:21.793782,False
36.98811475578449,-121.92437974325584,,,,,0.0,2026-02-22T17:27:25.205109,False
36.98961115635417,-121.93377799267395,,,,,0.0,2026-02-22T17:27:28.632406,False
36.98775213672378,-121.94362716109111,,,,,0.0,2026-02-22T17:27:33.209023,False
36.97547079794399,-121.894302169409,,,,,0.0,2026-02-22T17:27:37.138962,False
36.97629642893371,-121.90362773222876,,,,,0.0,2026-02-22T17:27:40.794468,False
36.98194577614844,-121.9105797529049,,,,,0.0,2026-02-22T17:27:44.248417,False
37.1172091812427,-122.16131221346308,,,,,0.0,2026-02-22T17:27:48.137990,False
37.11021898561514,-122.15595246385058,,,,,0.0,2026-02-22T17:27:52.073783,False
37.10322933157706,-122.15059202873434,,,,,0.0,2026-02-22T17:27:57.896440,False
37.09624417601361,-122.14522295856236,,,,,0.0,2026-02-22T17:28:03.625680,False
37.03001589384908,-122.17835049457084,,,,,0.0,2026-02-22T17:28:08.603790,False
37.02774241246841,-122.16900050739348,,,,,0.0,2026-02-22T17:28:13.246816,False
37.026713640407806,-122.15870789164175,,,,,0.0,2026-02-22T17:28:17.173647,False
37.17480642912572,-121.69569351671198,,,,,0.0,2026-02-22T17:28:21.737019,False
37.16819814221724,-121.6978708846154,,,,,0.0,2026-02-22T17:28:26.185588,False
37.161843848818016,-121.69134930948805,,,,,0.0,2026-02-22T17:28:30.518993,False
37.15545959507406,-121.68487603530284,,,,,0.0,2026-02-22T17:28:33.994107,False
37.1485025219268,-121.6798339309276,,,,,0.0,2026-02-22T17:28:37.503312,False
37.141441668216295,-121.67496109378308,,,,,0.0,2026-02-22T17:28:41.088816,False
37.13516239735046,-121.6683249225897,,,,,0.0,2026-02-22T17:28:44.689253,False
37.12903497452126,-121.66160978612044,,,,,0.0,2026-02-22T17:28:48.263248,False
36.952021975262085,-121.760260084832,,,,,0.0,2026-02-22T17:28:52.302908,False
36.94845636500399,-121.75108649671712,,,,,0.0,2026-02-22T17:28:55.781673,False
36.94636209467272,-121.74112823562118,,,,,0.0,2026-02-22T17:28:59.405938,False
36.9427362358027,-121.73190219786854,,,,,0.0,2026-02-22T17:29:02.844716,False
36.935967486580665,-121.72696993220812,,,,,0.0,2026-02-22T17:29:06.425877,False
36.92787700069365,-121.72561096415852,,,,,0.0,2026-02-22T17:29:09.737473,False
36.91978646887108,-121.72425228986944,,,,,0.0,2026-02-22T17:29:13.175853,False
36.91254302861339,-121.72062186988214,,,,,0.0,2026-02-22T17:29:17.707785,False
36.90443430186468,-121.71945060897872,,,,,0.0,2026-02-22T17:29:21.170453,False
36.89630493287588,-121.71908582587292,,,,,0.0,2026-02-22T17:29:24.730082,False
37.22658316997281,-121.97733157184402,,,,,0.0,2026-02-22T17:29:28.378900,False
37.23158172048333,-121.98488919167973,,,,,0.0,2026-02-22T17:29:32.304707,False
37.236200712497705,-121.98623764552082,2.0143966674804688,3.4331812375958026e-43,2.0143966674804688,Unknown,0.5791222693564589,2026-02-22T17:29:35.694167,True
37.24331202115129,-121.99843491955266,,,,,0.0,2026-02-22T17:29:58.755301,False
37.21464596428943,-121.763293820412,,,,,0.0,2026-02-22T17:30:02.520786,False
37.20949429167334,-121.7555451869926,,,,,0.0,2026-02-22T17:30:06.091753,False
37.20342468461598,-121.749710211388,,,,,0.0,2026-02-22T17:30:09.624043,False
37.11920233308216,-121.65649549494825,,,,,0.0,2026-02-22T17:30:13.981611,False
37.111303289259226,-121.65388800743304,,,,,0.0,2026-02-22T17:30:17.439659,False
37.10340398404826,-121.65128196578856,,,,,0.0,2026-02-22T17:30:21.187812,False
37.09591743853741,-121.64736598188306,,,,,0.0,2026-02-22T17:30:24.699311,False
36.95828893212518,-121.75919057586432,,,,,0.0,2026-02-22T17:30:29.454211,False
36.96395351766715,-121.76240578748764,,,,,0.0,2026-02-22T17:30:33.003832,False
36.96419865794068,-121.77268003039832,,,,,0.0,2026-02-22T17:30:36.860633,False
36.96807041581386,-121.78178809683716,,,,,0.0,2026-02-22T17:30:40.593612,False
36.97385277560096,-121.78909747390271,,,,,0.0,2026-02-22T17:30:44.231796,False
36.978120153427525,-121.7972221036975,,,,,0.0,2026-02-22T17:30:47.942765,False
36.97818058254108,-121.80759077355306,,,,,0.0,2026-02-22T17:30:52.371023,False
36.98372575166708,-121.813829083157,,,,,0.0,2026-02-22T17:30:56.087061,False
36.98841219105326,-121.82215433364878,,,,,0.0,2026-02-22T17:30:59.573963,False
36.99134000554336,-121.83183404200582,,,,,0.0,2026-02-22T17:31:03.330418,False
36.99418303894924,-121.84155403124385,,,,,0.0,2026-02-22T17:31:06.963879,False
36.997131053132975,-121.85122378157538,,,,,0.0,2026-02-22T17:31:10.578625,False
36.99863278925663,-121.86133100431944,,,,,0.0,2026-02-22T17:31:14.460188,False
37.00090796480546,-121.87108189879032,,,,,0.0,2026-02-22T17:31:18.098998,False
37.00580091880392,-121.87909402365489,,,,,0.0,2026-02-22T17:31:21.769797,False
37.01223219706283,-121.88531712790268,,,,,0.0,2026-02-22T17:31:25.297696,False
37.01652570963147,-121.89403139697438,,,,,0.0,2026-02-22T17:31:28.849242,False
37.0193689632318,-121.90365474540238,,,,,0.0,2026-02-22T17:31:32.373004,False
37.02166507230709,-121.91361037730609,,,,,0.0,2026-02-22T17:31:36.035796,False
37.02394414590256,-121.92357270028766,,,,,0.0,2026-02-22T17:31:39.502519,False
37.02454694006767,-121.93389417356954,,,,,0.0,2026-02-22T17:31:43.071913,False
37.02285137440797,-121.94356086786752,,,,,0.0,2026-02-22T17:31:46.574810,False
37.02398702742983,-121.95383510732992,,,,,0.0,2026-02-22T17:31:50.159729,False
37.02466908955007,-121.96411878203853,,,,,0.0,2026-02-22T17:31:53.753717,False
37.02215545371457,-121.9719133328484,,,,,0.0,2026-02-22T17:31:57.304993,False
37.01423033733088,-121.97421453763818,,,,,0.0,2026-02-22T17:32:01.121929,False
37.0158026006041,-121.98292527465333,,,,,0.0,2026-02-22T17:32:04.979548,False
37.02059459482175,-121.99104793548554,,,,,0.0,2026-02-22T17:32:08.566559,False
37.02331341627947,-122.00047516573257,,,,,0.0,2026-02-22T17:32:12.039159,False
37.03071315005122,-122.00484999526672,,,,,0.0,2026-02-22T17:32:15.695583,False
37.03630177749241,-122.01165337039286,,,,,0.0,2026-02-22T17:32:19.160335,False
37.04044355784112,-122.01996619085556,,,,,0.0,2026-02-22T17:32:22.747262,False
36.97580307496391,-121.980760322706,,,,,0.0,2026-02-22T17:32:26.200296,False
37.21867936705442,-121.75764313310032,,,,,0.0,2026-02-22T17:32:29.911038,False
37.21807209044088,-121.76767996863052,,,,,0.0,2026-02-22T17:32:33.387342,False
37.21946667443311,-121.77792926165353,,,,,0.0,2026-02-22T17:32:36.833153,False
37.21983944962748,-121.77504839995864,2.1452674865722656,7.567011707354012e-43,2.1452674865722656,Unknown,1.168520183019018,2026-02-22T17:32:40.636861,True
37.22217573867373,-121.79844598103844,,,,,0.0,2026-02-22T17:32:51.336115,False
37.223560527706994,-121.80869807688698,,,,,0.0,2026-02-22T17:32:54.790347,False
37.224931528383976,-121.81895337200034,,,,,0.0,2026-02-22T17:32:58.319861,False
37.22629928996315,-121.8292095600565,,,,,0.0,2026-02-22T17:33:02.550706,False
37.22768452677016,-121.83946211605684,,,,,0.0,2026-02-22T17:33:05.959172,False
37.22905086835025,-121.84971898963832,,,,,0.0,2026-02-22T17:33:09.513706,False
37.23087445545504,-121.85984837079542,,,,,0.0,2026-02-22T17:33:13.220897,False
37.23225759527643,-121.87007450340528,,,,,0.0,2026-02-22T17:33:16.687061,False
37.23270756897645,-121.8804479315095,,,,,0.0,2026-02-22T17:33:20.263269,False
37.23282375082145,-121.89085097083893,,,,,0.0,2026-02-22T17:33:23.872122,False
37.23468975006845,-121.89980547454952,,,,,0.0,2026-02-22T17:33:27.370500,False
37.24178667294007,-121.90017442646828,,,,,0.0,2026-02-22T17:33:30.853588,False
37.248902798532846,-121.90456583410864,,,,,0.0,2026-02-22T17:33:34.504786,False
37.25618461132145,-121.90924459331872,,,,,0.0,2026-02-22T17:33:37.980663,False
37.08784174387979,-122.14132024867396,,,,,0.0,2026-02-22T17:33:41.846850,False
37.080428087930855,-122.1384811036156,,,,,0.0,2026-02-22T17:33:45.307860,False
37.07388851910784,-122.14338274803204,,,,,0.0,2026-02-22T17:33:48.759930,False
37.06723491942258,-122.14480739234614,,,,,0.0,2026-02-22T17:33:52.222810,False
37.06575072642388,-122.15453661692808,,,,,0.0,2026-02-22T17:33:55.745728,False
37.06111436171383,-122.14656024393456,2.10794448852539,2.8306228979361305e-43,2.10794448852539,Unknown,1.1350944704412886,2026-02-22T17:33:59.216835,True
37.051691650367054,-122.1608428354838,,,,,0.0,2026-02-22T17:34:09.404227,False
37.04541463562064,-122.16506613113371,,,,,0.0,2026-02-22T17:34:12.852688,False
37.04147940996922,-122.17415700390892,,,,,0.0,2026-02-22T17:34:17.487875,False
36.95565159191175,-121.74534924955,,,,,0.0,2026-02-22T17:34:21.063478,False
36.961310690254365,-121.73788031730447,,,,,0.0,2026-02-22T17:34:24.592659,False
36.96690462390855,-121.73033214786982,,,,,0.0,2026-02-22T17:34:27.981938,False
36.97377452159877,-121.72659210194652,,,,,0.0,2026-02-22T17:34:31.562038,False
36.98190043060151,-121.72729532376832,,,,,0.0,2026-02-22T17:34:35.053398,False
36.989108806932485,-121.7227346997544,,,,,0.0,2026-02-22T17:34:39.209935,False
36.9958077598147,-121.71687762128106,,,,,0.0,2026-02-22T17:34:43.598729,False
37.00128783658917,-121.70938063897054,,,,,0.0,2026-02-22T17:34:47.027251,False
37.00668174103562,-121.70171746324662,,,,,0.0,2026-02-22T17:34:50.431527,False
37.01279306692821,-121.69509993817974,,,,,0.0,2026-02-22T17:34:54.029766,False
37.01868686913626,-121.68792452285194,,,,,0.0,2026-02-22T17:34:57.591698,False
37.02445303840166,-121.68061300945855,,,,,0.0,2026-02-22T17:35:01.252323,False
37.0301193732736,-121.65978117123782,2.23746109008789,1.8371022867298352e-42,2.23746109008789,Unknown,1.1023555664719036,2026-02-22T17:35:04.700364,True
37.03384974517257,-121.66364549230993,,,,,0.0,2026-02-22T17:35:40.787920,False
37.04067745730573,-121.65816068970422,,,,,0.0,2026-02-22T17:35:44.257623,False
37.04859461392317,-121.65584788192132,,,,,0.0,2026-02-22T17:35:47.799237,False
37.05665102654634,-121.65449041541956,,,,,0.0,2026-02-22T17:35:51.250664,False
37.06480927698292,-121.65435408185928,,,,,0.0,2026-02-22T17:35:54.686732,False
37.07296958789394,-121.65433127433684,,,,,0.0,2026-02-22T17:35:58.064482,False
37.08112993967589,-121.65429625648866,,,,,0.0,2026-02-22T17:36:01.614168,False
37.0892415357916,-121.65366976707269,,,,,0.0,2026-02-22T17:36:05.095613,False
37.09694937268685,-121.65704545293956,,,,,0.0,2026-02-22T17:36:08.576079,False
36.98425500019175,-121.990373550294,,,,,0.0,2026-02-22T17:36:12.789696,False
36.9785071613388,-121.99044560000804,,,,,0.0,2026-02-22T17:36:16.149355,False
36.98571484064468,-121.98153486961472,,,,,0.0,2026-02-22T17:36:19.832691,False
36.97920148177551,-121.867221891027,,,,,0.0,2026-02-22T17:36:23.921349,False
36.97306962707582,-121.86126929972902,,,,,0.0,2026-02-22T17:36:27.407156,False
36.96697831295664,-121.8543706680632,,,,,0.0,2026-02-22T17:36:31.480496,False
36.96222027551041,-121.84604291196236,,,,,0.0,2026-02-22T17:36:35.248079,False
36.95670250528131,-121.8384241565059,,,,,0.0,2026-02-22T17:36:38.513815,False
36.95299872694192,-121.82928356971732,,,,,0.0,2026-02-22T17:36:41.952216,False
36.949403005140574,-121.81999659896536,,,,,0.0,2026-02-22T17:36:45.443604,False
36.94510620790681,-121.81130821521091,,,,,0.0,2026-02-22T17:36:48.828391,False
36.94390325132622,-121.80162620659311,,,,,0.0,2026-02-22T17:36:53.184112,False
36.94854439030479,-121.79351746910636,,,,,0.0,2026-02-22T17:36:56.743605,False
36.94973720529555,-121.78429119242836,,,,,0.0,2026-02-22T17:37:00.223771,False
36.950967756467165,-121.77404460104276,,,,,0.0,2026-02-22T17:37:03.578797,False
37.22854184182996,-121.7941654748453,,,,,0.0,2026-02-22T17:37:14.058832,False
37.23670156593668,-121.79409167833911,,,,,0.0,2026-02-22T17:37:17.575859,False
37.24333330583483,-122.00884041070935,,,,,0.0,2026-02-22T17:37:21.423208,False
37.12406140228592,-121.67057285721243,,,,,0.0,2026-02-22T17:37:30.905022,False
37.11597898927236,-121.6691411283357,,,,,0.0,2026-02-22T17:37:34.444534,False
37.10796497431981,-121.66942812510622,,,,,0.0,2026-02-22T17:37:38.051021,False
37.1004433629809,-121.6732312237609,,,,,0.0,2026-02-22T17:37:42.231131,False
37.09408564423034,-121.68817812201875,2.145210266113281,1.5890724585443426e-42,2.145210266113281,Unknown,0.8991495984953847,2026-02-22T17:37:45.637665,True
37.060029845894135,-121.6624261295135,1.999755859375,2.9416057363106555e-41,1.999755859375,Unknown,3.0645037587206967,2026-02-22T17:37:59.889726,True
37.07717613850538,-121.67478320650072,,,,,0.0,2026-02-22T17:38:10.458513,False
37.06911383419497,-121.67317819221768,,,,,0.0,2026-02-22T17:38:13.831085,False
37.06105416338372,-121.671551580406,,,,,0.0,2026-02-22T17:38:17.459671,False
37.05299049290311,-121.66995725844238,,,,,0.0,2026-02-22T17:38:20.932623,False
37.0449260914625,-121.66836885496454,,,,,0.0,2026-02-22T17:38:24.353286,False
37.02073908330141,-121.66355275963998,,,,,0.0,2026-02-22T17:38:38.798542,False
37.01267535612322,-121.66195857923108,,,,,0.0,2026-02-22T17:38:42.205384,False
37.004614631431714,-121.6603399861278,,,,,0.0,2026-02-22T17:38:45.815697,False
36.996469833520855,-121.66054979126731,,,,,0.0,2026-02-22T17:38:49.215150,False
36.98831523634426,-121.66095205805372,,,,,0.0,2026-02-22T17:38:52.684829,False
36.9802124410194,-121.66207568466729,,,,,0.0,2026-02-22T17:38:56.147704,False
36.97213411139784,-121.66354603497226,,,,,0.0,2026-02-22T17:38:59.869388,False
36.964060217292825,-121.6650550663052,,,,,0.0,2026-02-22T17:39:03.419491,False
36.95613401025685,-121.6627636906922,,,,,0.0,2026-02-22T17:39:07.228261,False
37.087552944296505,-122.14696054622296,,,,,0.0,2026-02-22T17:39:10.748175,False
37.081034137639456,-122.1532055758912,,,,,0.0,2026-02-22T17:39:14.211861,False
37.04891159146926,-122.144056522861,1.999755859375,2.9416057363106555e-41,1.999755859375,Unknown,3.1742491299812103,2026-02-22T17:39:18.293144,True
37.068282186366574,-122.16616195382946,,,,,0.0,2026-02-22T17:39:27.976427,False
37.06311016869271,-122.17402910253855,,,,,0.0,2026-02-22T17:39:31.617124,False
36.96007778114211,-122.052564008144,,,,,0.0,2026-02-22T17:39:35.165586,False
36.96792237378616,-122.05220561342632,,,,,0.0,2026-02-22T17:39:38.823049,False
36.975239951914,-122.05332369989188,,,,,0.0,2026-02-22T17:39:42.336489,False
37.21076934016718,-121.76982194320568,,,,,0.0,2026-02-22T17:39:45.943885,False
37.20493999836184,-121.7768126116299,,,,,0.0,2026-02-22T17:39:49.400682,False
37.19856840052213,-121.78323228756015,,,,,0.0,2026-02-22T17:39:53.006236,False
37.19346569272992,-121.79128898977436,,,,,0.0,2026-02-22T17:39:56.503153,False
37.18942751805351,-121.80006357075362,,,,,0.0,2026-02-22T17:40:00.685775,False
37.18754991884387,-121.80981046826928,,,,,0.0,2026-02-22T17:40:04.310740,False
37.183162750212325,-121.81784180678844,,,,,0.0,2026-02-22T17:40:07.850651,False
37.17718057304019,-121.82452863327067,,,,,0.0,2026-02-22T17:40:11.264495,False
37.17481771164528,-121.83404959958288,,,,,0.0,2026-02-22T17:40:15.175956,False
37.1735111223305,-121.86352757614762,2.074390411376953,1.1770907100328463e-43,2.074390411376953,Unknown,1.702359793248171,2026-02-22T17:40:18.777318,True
37.14856734227156,-121.87678849096378,1.999755859375,2.9416057363106555e-41,1.999755859375,Unknown,3.459456060846612,2026-02-22T17:40:29.711491,True
37.14785352344027,-121.87670842877868,1.999755859375,2.9416057363106555e-41,1.999755859375,Unknown,2.935126119750793,2026-02-22T17:40:44.554858,True
37.17597582085527,-121.88534575989708,,,,,0.0,2026-02-22T17:40:55.529778,False
37.1766939714664,-121.89568182677738,,,,,0.0,2026-02-22T17:40:59.031846,False
37.17250456621551,-121.89934878500324,2.0512466430664062,2.0038568039844884e-43,2.0512466430664062,Unknown,0.8367660110513372,2026-02-22T17:41:02.512880,True
37.179852493152346,-121.91602664969204,,,,,0.0,2026-02-22T17:41:22.500370,False
37.18225697944084,-121.92596171866344,,,,,0.0,2026-02-22T17:41:26.207312,False
37.184269806149054,-121.9360300907324,,,,,0.0,2026-02-22T17:41:29.773307,False
37.18638894940427,-121.9460587082077,,,,,0.0,2026-02-22T17:41:33.132840,False
37.19003311105653,-121.95530335846524,,,,,0.0,2026-02-22T17:41:36.535641,False
37.19416183046,-121.96427252896164,,,,,0.0,2026-02-22T17:41:40.282563,False
37.19789977430854,-121.97351539623996,,,,,0.0,2026-02-22T17:41:43.751726,False
37.20150876841097,-121.98284271893084,,,,,0.0,2026-02-22T17:41:47.151686,False
37.20511479163252,-121.99217235597808,,,,,0.0,2026-02-22T17:41:50.733081,False
37.20871998936721,-122.00150295931267,,,,,0.0,2026-02-22T17:41:54.307341,False
37.207632255816826,-122.01140420038784,,,,,0.0,2026-02-22T17:41:57.910328,False
37.2066720413843,-122.02159306146667,,,,,0.0,2026-02-22T17:42:01.370036,False
37.209979505764615,-122.03078093541698,,,,,0.0,2026-02-22T17:42:04.937569,False
37.21445204613786,-122.03948084843374,,,,,0.0,2026-02-22T17:42:08.486999,False
37.21889948846495,-122.04820210831222,,,,,0.0,2026-02-22T17:42:12.068223,False
37.22648322205293,-122.04956438983044,,,,,0.0,2026-02-22T17:42:15.478080,False
37.25387911101518,-121.96633667067002,,,,,0.0,2026-02-22T17:42:18.940881,False
37.24750858047682,-121.96105542372835,,,,,0.0,2026-02-22T17:42:22.355157,False
37.24497475471091,-121.95149285300003,,,,,0.0,2026-02-22T17:42:25.927728,False
37.24143009349158,-121.94257167222644,,,,,0.0,2026-02-22T17:42:29.472886,False
37.239666480675226,-121.93284852612864,,,,,0.0,2026-02-22T17:42:33.568902,False
37.24132702961256,-121.94930983437727,2.3513221740722656,3.727453915104013e-43,2.3513221740722656,Unknown,2.3848999213963884,2026-02-22T17:42:37.047842,True
37.23960566482538,-121.9120413347311,,,,,0.0,2026-02-22T17:42:49.703249,False
37.220064004263,-121.7836016589105,,,,,0.0,2026-02-22T17:42:53.893057,False
36.96407544843006,-121.74945688986092,,,,,0.0,2026-02-22T17:43:14.385664,False
36.97098679797257,-121.74394400153194,,,,,0.0,2026-02-22T17:43:17.970680,False
36.97799978611639,-121.73867795901052,,,,,0.0,2026-02-22T17:43:21.908756,False
36.98545216269988,-121.73445351685793,,,,,0.0,2026-02-22T17:43:25.434451,False
36.99283731616811,-121.7300478668968,,,,,0.0,2026-02-22T17:43:29.243571,False
37.00044327507311,-121.7263582234146,,,,,0.0,2026-02-22T17:43:32.969918,False
37.0085085500837,-121.7249017758222,,,,,0.0,2026-02-22T17:43:36.573606,False
37.01658873198965,-121.72347531196364,,,,,0.0,2026-02-22T17:43:40.068709,False
37.02434985419293,-121.7204958760119,,,,,0.0,2026-02-22T17:43:43.559607,False
37.03151993614736,-121.71555801561152,,,,,0.0,2026-02-22T17:43:46.993658,False
37.0377444183347,-121.70897575767324,,,,,0.0,2026-02-22T17:43:50.588124,False
37.04324021755576,-121.70131264180156,,,,,0.0,2026-02-22T17:43:54.117412,False
37.04941088301533,-121.69459859684592,,,,,0.0,2026-02-22T17:43:57.609438,False
37.05618589527143,-121.68881364561314,,,,,0.0,2026-02-22T17:44:01.175125,False
37.06358385185439,-121.68474424853652,,,,,0.0,2026-02-22T17:44:04.638479,False
37.07153216318741,-121.68239287241164,,,,,0.0,2026-02-22T17:44:08.104644,False
37.07943317584086,-121.67979627439516,,,,,0.0,2026-02-22T17:44:11.471276,False
37.08750329159941,-121.67830813737828,,,,,0.0,2026-02-22T17:44:14.860190,False
37.095363155115216,-121.67624418105852,,,,,0.0,2026-02-22T17:44:18.335724,False
37.114024910767874,-121.65925307842193,,,,,0.0,2026-02-22T17:44:21.878581,False
37.17375724182265,-121.84808913971712,,,,,0.0,2026-02-22T17:44:25.954716,False
37.1753770569128,-121.86374081022949,2.6170806884765625,5.6332198265857654e-43,2.6170806884765625,Unknown,1.3491269673411086,2026-02-22T17:44:42.605071,True
37.17851895052695,-121.90975008390376,,,,,0.0,2026-02-22T17:44:52.368869,False
36.95584930261152,-122.04771871587089,,,,,0.0,2026-02-22T17:44:57.079382,False
36.95716986394178,-122.03749118243556,,,,,0.0,2026-02-22T17:45:00.543755,False
36.97380603308771,-121.973323362708,,,,,0.0,2026-02-22T17:45:11.947034,False
36.97558981739015,-121.96514106232566,,,,,0.0,2026-02-22T17:45:15.434835,False
37.23966564268076,-121.9244437652786,,,,,0.0,2026-02-22T17:45:28.105331,False
37.028833991427454,-121.6655443541143,,,,,0.0,2026-02-22T17:45:32.916754,False
37.081868129639815,-121.68789718849597,,,,,0.0,2026-02-22T17:45:36.736406,False
37.08873428115073,-121.69350004682232,,,,,0.0,2026-02-22T17:45:40.080151,False
37.09534661880853,-121.69953012108552,,,,,0.0,2026-02-22T17:45:43.447447,False
37.10228580057266,-121.7049952294076,,,,,0.0,2026-02-22T17:45:47.802333,False
37.10933314381983,-121.71001565101452,,,,,0.0,2026-02-22T17:45:51.273221,False
37.11743872005712,-121.71121664975097,,,,,0.0,2026-02-22T17:45:58.838624,False
37.12547185863932,-121.71299170996538,,,,,0.0,2026-02-22T17:46:02.202010,False
37.133318142055046,-121.7158291257163,,,,,0.0,2026-02-22T17:46:05.730541,False
37.14111854544966,-121.7188803498102,,,,,0.0,2026-02-22T17:46:09.186030,False
37.14758239130662,-121.7251662573744,,,,,0.0,2026-02-22T17:46:12.584280,False
37.15395143679794,-121.73166340570242,,,,,0.0,2026-02-22T17:46:16.093180,False
37.16050126900115,-121.73774370407236,,,,,0.0,2026-02-22T17:46:19.586365,False
37.16809000457784,-121.74155616489826,,,,,0.0,2026-02-22T17:46:23.062273,False
37.174410041018206,-121.7480443307806,,,,,0.0,2026-02-22T17:46:27.212030,False
37.18082237016082,-121.75444959234336,,,,,0.0,2026-02-22T17:46:30.793629,False
37.1884180002667,-121.75633728941428,,,,,0.0,2026-02-22T17:46:34.249205,False
37.19527182403871,-121.7617362998904,,,,,0.0,2026-02-22T17:46:37.703941,False
37.20280584707129,-121.76368600397797,,,,,0.0,2026-02-22T17:46:41.430549,False
36.9440729552932,-121.75907820482874,,,,,0.0,2026-02-22T17:46:45.939214,False
36.936091111861295,-121.75838046625248,,,,,0.0,2026-02-22T17:46:49.437350,False
36.934888273901805,-121.7732167414494,2.347454071044922,9.416725680262769e-43,2.347454071044922,Unknown,0.9767139533790968,2026-02-22T17:46:52.889651,True
36.90275063423819,-121.755943267565,,,,,0.0,2026-02-22T17:47:03.551516,False
36.89595406791496,-121.75785604832872,,,,,0.0,2026-02-22T17:47:06.979925,False
36.887845298675856,-121.75768949464737,,,,,0.0,2026-02-22T17:47:10.384477,False
36.88213600481839,-121.75504414257318,,,,,0.0,2026-02-22T17:47:13.858302,False
36.8785134854588,-121.750786269563,,,,,0.0,2026-02-22T17:47:17.272384,False
36.88016277784432,-121.74066899947094,,,,,0.0,2026-02-22T17:47:20.773827,False
36.88263360289282,-121.73095500882454,,,,,0.0,2026-02-22T17:47:24.284584,False
36.960786942081306,-122.031391862249,,,,,0.0,2026-02-22T17:47:27.739886,False
36.967525269806174,-122.03491440334533,,,,,0.0,2026-02-22T17:47:31.367342,False
36.97328381185355,-122.0308671120972,,,,,0.0,2026-02-22T17:47:35.594639,False
36.977622307404815,-122.02719575517256,,,,,0.0,2026-02-22T17:47:39.064345,False
36.93037970027729,-121.764299270573,,,,,0.0,2026-02-22T17:47:42.523580,False
36.92507404850492,-121.77212066985932,,,,,0.0,2026-02-22T17:47:46.032082,False
36.917806661194376,-121.77679806295777,,,,,0.0,2026-02-22T17:47:49.489996,False
36.91352631946021,-121.77220013016596,,,,,0.0,2026-02-22T17:47:52.954630,False
36.90898734365933,-121.76398209448308,,,,,0.0,2026-02-22T17:47:56.467128,False
36.99233684077568,-121.982218971132,,,,,0.0,2026-02-22T17:47:59.956812,False
37.000266093866905,-121.9802712004938,,,,,0.0,2026-02-22T17:48:03.250762,False
37.008060988383946,-121.977212919068,,,,,0.0,2026-02-22T17:48:06.884848,False
37.22839391245775,-121.96995054990646,,,,,0.0,2026-02-22T17:48:11.636948,False
37.23300376742501,-121.96449994170848,,,,,0.0,2026-02-22T17:48:15.083973,False
37.24054872513925,-121.96073247004855,,,,,0.0,2026-02-22T17:48:18.738567,False
37.24360234480648,-121.9199657779078,,,,,0.0,2026-02-22T17:48:22.492695,False
37.24625947609681,-121.91303658908797,,,,,0.0,2026-02-22T17:48:26.857604,False
37.255716927591656,-121.8906350593724,2.16030502319336,3.339294240486039e-42,2.16030502319336,Unknown,0.7892739209040249,2026-02-22T17:48:30.360750,True
36.98677959101809,-121.95104567816,,,,,0.0,2026-02-22T17:48:55.728250,False
36.98762969658412,-121.96002091169991,,,,,0.0,2026-02-22T17:48:59.150442,False
36.9876128575842,-121.97016394309716,,,,,0.0,2026-02-22T17:49:02.628574,False
36.964727796682425,-121.973778312687,,,,,0.0,2026-02-22T17:49:06.065592,False
36.98476945659253,-121.87426325597067,,,,,0.0,2026-02-22T17:49:09.809462,False
36.99161985933242,-121.87744046228508,,,,,0.0,2026-02-22T17:49:13.404282,False
36.99885698316017,-121.88040474336124,,,,,0.0,2026-02-22T17:49:16.998989,False
37.00142432181353,-121.89024970208678,,,,,0.0,2026-02-22T17:49:20.637071,False
37.00395491836274,-121.9001100457649,,,,,0.0,2026-02-22T17:49:24.917572,False
37.00645431009392,-121.90998419629508,,,,,0.0,2026-02-22T17:49:28.307970,False
37.01013622904848,-121.9187691789968,,,,,0.0,2026-02-22T17:49:31.681469,False
37.01142204789312,-121.92846279008734,,,,,0.0,2026-02-22T17:49:35.280316,False
37.01324002273184,-121.93828290578824,,,,,0.0,2026-02-22T17:49:38.739112,False
37.01152441160323,-121.94811427258183,,,,,0.0,2026-02-22T17:49:42.815757,False
37.0112245222404,-121.95802781038486,,,,,0.0,2026-02-22T17:49:46.355047,False
37.01007382459985,-121.96784707766692,,,,,0.0,2026-02-22T17:49:49.892117,False
36.48715821206658,-118.04936405183496,,,,,0.0,2026-02-22T18:01:13.681947,False
36.47901301247739,-118.0486857918718,,,,,0.0,2026-02-22T18:01:17.785575,False
36.47087023962885,-118.04796199040425,,,,,0.0,2026-02-22T18:01:22.043994,False
36.46272744344876,-118.04723797180564,,,,,0.0,2026-02-22T18:01:25.630582,False
36.42910535919483,-118.0341072042233,1.999755859375,2.9416057363106555e-41,1.999755859375,Unknown,3.042739982352644,2026-02-22T18:01:29.438138,True
36.446438317800094,-118.04585457900512,,,,,0.0,2026-02-22T18:03:07.772035,False
36.43835510382297,-118.0444934722735,,,,,0.0,2026-02-22T18:03:11.559986,False
36.43030984154595,-118.0427502864682,,,,,0.0,2026-02-22T18:03:15.249549,False
36.42226290653854,-118.04101934789244,,,,,0.0,2026-02-22T18:03:19.160285,False
36.41421463733951,-118.03929815498594,,,,,0.0,2026-02-22T18:03:23.370969,False
36.40616799804285,-118.03756482780734,,,,,0.0,2026-02-22T18:03:27.976743,False
36.39812295552923,-118.03581960962308,,,,,0.0,2026-02-22T18:03:31.588957,False
36.390076148753366,-118.03408726318048,,,,,0.0,2026-02-22T18:03:35.090939,False
36.38202884447084,-118.03235846637834,,,,,0.0,2026-02-22T18:03:38.754359,False
36.38417479333578,-118.03170037641328,1.999755859375,2.9416057363106555e-41,1.999755859375,Unknown,1.13748844148294,2026-02-22T18:03:43.023044,True
36.36593268928801,-118.02891199763629,,,,,0.0,2026-02-22T18:04:01.595197,False
36.35788355287981,-118.02719644157192,,,,,0.0,2026-02-22T18:04:05.328521,False
36.3498795669345,-118.02898415064853,,,,,0.0,2026-02-22T18:04:09.124986,False
36.34187881262041,-118.03102762815388,,,,,0.0,2026-02-22T18:04:12.681662,False
36.3338791940587,-118.03307817835751,,,,,0.0,2026-02-22T18:04:16.417136,False
36.32587976367536,-118.03512993058877,,,,,0.0,2026-02-22T18:04:20.619952,False
36.3178796270445,-118.03717734403068,,,,,0.0,2026-02-22T18:04:24.286948,False
36.30987865166036,-118.03921959870009,,,,,0.0,2026-02-22T18:04:28.353280,False
36.30187724110888,-118.04125918919276,,,,,0.0,2026-02-22T18:04:31.964874,False
36.29413308063899,-118.04043106014424,,,,,0.0,2026-02-22T18:04:36.107351,False
36.286694920291644,-118.03619616294596,,,,,0.0,2026-02-22T18:04:39.594089,False
36.27925193301445,-118.03197504454334,,,,,0.0,2026-02-22T18:04:43.208235,False
36.27180689581428,-118.02775995932664,,,,,0.0,2026-02-22T18:04:46.717800,False
36.264373188329614,-118.0235136781466,,,,,0.0,2026-02-22T18:04:50.133493,False
36.256940890508325,-118.0192637861134,,,,,0.0,2026-02-22T18:04:53.669081,False
36.24950377110775,-118.01502757670262,,,,,0.0,2026-02-22T18:04:57.168154,False
36.242060477950695,-118.01080892339968,,,,,0.0,2026-02-22T18:05:01.798041,False
36.23449491831335,-118.00740149599014,,,,,0.0,2026-02-22T18:05:05.936382,False
36.22634554948812,-118.00802038640695,,,,,0.0,2026-02-22T18:05:10.430810,False
36.21819608121248,-118.00863806184904,,,,,0.0,2026-02-22T18:05:14.845602,False
36.21004651915651,-118.00925464379762,,,,,0.0,2026-02-22T18:05:18.528073,False
36.20189629493517,-118.00985804941168,,,,,0.0,2026-02-22T18:05:22.397030,False
36.19374570241798,-118.0104545219686,,,,,0.0,2026-02-22T18:05:26.203687,False
36.18573104076817,-118.0085624050916,,,,,0.0,2026-02-22T18:05:30.359903,False
36.17772170948732,-118.00657175641024,,,,,0.0,2026-02-22T18:05:34.683405,False
36.16971308696751,-118.00457654755728,,,,,0.0,2026-02-22T18:05:38.165730,False
36.161721856034646,-118.00203412800136,2.0165748596191406,2.8306228979361305e-42,2.0165748596191406,Unknown,0.0489453823502384,2026-02-22T18:05:42.246467,True
36.15369650359242,-118.00058173198984,,,,,0.0,2026-02-22T18:06:03.380239,False
36.14568732102531,-117.99858986849738,,,,,0.0,2026-02-22T18:06:06.882620,False
36.13767774702963,-117.99660041626328,,,,,0.0,2026-02-22T18:06:10.449846,False
36.12966809539944,-117.99461138513854,,,,,0.0,2026-02-22T18:06:14.490480,False
36.12166028124089,-117.99261073452485,,,,,0.0,2026-02-22T18:06:19.057343,False
36.1155329138024,-117.98738899644086,,,,,0.0,2026-02-22T18:06:23.466147,False
36.1116242169804,-117.97838940179524,,,,,0.0,2026-02-22T18:06:27.317734,False
36.10772299099321,-117.9693851838774,,,,,0.0,2026-02-22T18:06:31.228206,False
36.10385060134032,-117.96036179928198,,,,,0.0,2026-02-22T18:06:35.317874,False
36.09946572064039,-117.9519969484277,,,,,0.0,2026-02-22T18:06:38.976165,False
36.09218929807288,-117.9473478136251,,,,,0.0,2026-02-22T18:06:42.713598,False
36.08491265693658,-117.94269957228391,,,,,0.0,2026-02-22T18:06:46.721481,False
36.07763715582466,-117.9380488780877,,,,,0.0,2026-02-22T18:06:51.038077,False
36.0827321103443,-117.94935139780002,,,,,0.0,2026-02-22T18:06:54.880787,False
36.10987999967539,-117.956514200058,,,,,0.0,2026-02-22T18:06:58.540095,False
36.49187153656129,-118.03512060496612,,,,,0.0,2026-02-22T18:07:02.228187,False
36.48373556951909,-118.03595660454933,,,,,0.0,2026-02-22T18:07:05.787982,False
36.47558991149873,-118.0365789912054,,,,,0.0,2026-02-22T18:07:09.434387,False
36.46743130254109,-118.03691564051256,,,,,0.0,2026-02-22T18:07:14.472386,False
36.45926990874973,-118.03709910766868,,,,,0.0,2026-02-22T18:07:18.050503,False
36.45112303973846,-118.0365836294955,,,,,0.0,2026-02-22T18:07:21.769833,False
36.4429994319655,-118.03562452154712,,,,,0.0,2026-02-22T18:07:25.386821,False
36.43491842654626,-118.03416789766943,,,,,0.0,2026-02-22T18:07:29.174616,False
36.41875624307685,-118.03125558689791,,,,,0.0,2026-02-22T18:08:20.866205,False
36.41067511338805,-118.0297994707306,,,,,0.0,2026-02-22T18:08:24.470362,False
36.4025940189854,-118.02834284451772,,,,,0.0,2026-02-22T18:08:28.549041,False
36.39451286647936,-118.02688653052992,,,,,0.0,2026-02-22T18:08:32.079638,False
36.38639016099784,-118.02608550703508,,,,,0.0,2026-02-22T18:08:35.749587,False
36.37822797262908,-118.0259070876312,,,,,0.0,2026-02-22T18:08:40.147047,False
36.37006574232488,-118.02572870684187,,,,,0.0,2026-02-22T18:08:43.908716,False
36.35379479418385,-118.02463025946652,,,,,0.0,2026-02-22T18:08:48.460317,False
36.34574117239212,-118.02294824474632,,,,,0.0,2026-02-22T18:08:53.384587,False
36.337629626677824,-118.02181360853469,,,,,0.0,2026-02-22T18:08:57.523714,False
36.348178288825565,-117.9980091161116,1.999755859375,2.9416057363106555e-41,1.999755859375,Unknown,2.9104777022705366,2026-02-22T18:09:01.881310,True
36.32138446233581,-118.01975302069816,,,,,0.0,2026-02-22T18:23:46.482095,False
36.31327960307578,-118.01861281674388,,,,,0.0,2026-02-22T18:23:50.492838,False
36.30637961145237,-118.0135894518356,,,,,0.0,2026-02-22T18:23:54.917536,False
36.29990686189848,-118.00732753729984,,,,,0.0,2026-02-22T18:23:58.536443,False
36.29342906173112,-118.00107389865278,,,,,0.0,2026-02-22T18:24:02.352452,False
36.28695090739532,-117.99482133293472,,,,,0.0,2026-02-22T18:24:06.061527,False
36.27920821458039,-117.99191049790556,,,,,0.0,2026-02-22T18:24:09.518872,False
36.27126802854728,-117.9895218051636,,,,,0.0,2026-02-22T18:24:13.183252,False
36.26332775346362,-117.98713361459085,,,,,0.0,2026-02-22T18:24:16.752833,False
36.255387389202056,-117.98474592603196,,,,,0.0,2026-02-22T18:24:20.317179,False
36.24744693563515,-117.98235873933169,,,,,0.0,2026-02-22T18:24:23.870663,False
36.23950425732788,-117.9799833315382,,,,,0.0,2026-02-22T18:24:28.302117,False
36.23169556458516,-117.9770547115095,,,,,0.0,2026-02-22T18:24:31.809179,False
36.22404657566643,-117.97346547918444,,,,,0.0,2026-02-22T18:24:35.477716,False
36.21621179523823,-117.97084050172975,,,,,0.0,2026-02-22T18:24:39.138652,False
36.20810443710839,-117.96963021698748,,,,,0.0,2026-02-22T18:24:42.648346,False
36.20134287856133,-117.98436494047375,2.866168975830078,2.443864521782481e-42,2.866168975830078,Unknown,1.4385138826093733,2026-02-22T18:24:46.157441,True
36.19188955111623,-117.96721042610903,,,,,0.0,2026-02-22T18:25:03.304038,False
36.18378202296049,-117.96600091980676,,,,,0.0,2026-02-22T18:25:06.759752,False
36.17567443783613,-117.96479167281836,,,,,0.0,2026-02-22T18:25:10.350728,False
36.16756679559646,-117.96358268506086,,,,,0.0,2026-02-22T18:25:13.978003,False
36.1594590960949,-117.9623739564513,,,,,0.0,2026-02-22T18:25:17.471952,False
36.15135144156937,-117.96116440379124,,,,,0.0,2026-02-22T18:25:20.874347,False
36.14324379281193,-117.95995444023568,,,,,0.0,2026-02-22T18:25:24.465207,False
36.13513585944063,-117.95874714999208,,,,,0.0,2026-02-22T18:25:28.041637,False
36.127026637551495,-117.95755321310943,,,,,0.0,2026-02-22T18:25:31.647328,False
36.11891735793044,-117.9563595320542,,,,,0.0,2026-02-22T18:25:35.261347,False
36.07072758963846,-117.94548281280484,,,,,0.0,2026-02-22T18:25:39.234101,False
37.32651119310208,-122.075372728179,,,,,0.0,2026-02-23T20:01:23.690105,False
37.13082655019262,-122.172151650031,,,,,0.0,2026-02-23T20:01:28.404649,False
37.12420065868833,-122.16666971219472,,,,,0.0,2026-02-23T20:01:32.175901,False
37.031123798126806,-122.188222850027,,,,,0.0,2026-02-23T20:01:36.583297,False
37.320907230423614,-122.07656564877078,,,,,0.0,2026-02-23T20:01:40.816019,False
37.31319517516534,-122.07934229821896,,,,,0.0,2026-02-23T20:01:44.660470,False
37.30523782055402,-122.0771112511831,,,,,0.0,2026-02-23T20:01:48.544282,False
37.30159103371916,-122.06789574869386,,,,,0.0,2026-02-23T20:01:52.138033,False
37.29832917458404,-122.05835026158184,,,,,0.0,2026-02-23T20:01:55.957970,False
37.29505856058898,-122.04881006236457,,,,,0.0,2026-02-23T20:02:00.354277,False
37.291229924450114,-122.039622588984,,,,,0.0,2026-02-23T20:02:04.268335,False
37.28722186005498,-122.03055358738769,,,,,0.0,2026-02-23T20:02:08.039154,False
37.28312231308888,-122.02155135080432,,,,,0.0,2026-02-23T20:02:11.848649,False
37.33418613220088,-122.0652149260132,,,,,0.0,2026-02-23T20:02:15.429348,False
37.23691884574846,-121.99271690567537,,,,,0.0,2026-02-23T20:02:20.595354,False
37.25095582426424,-121.99515219343438,,,,,0.0,2026-02-23T20:02:25.124121,False
37.25822298767154,-121.99235619949827,,,,,0.0,2026-02-23T20:02:28.991784,False
37.26624362303082,-121.99310455751976,,,,,0.0,2026-02-23T20:02:33.268755,False
37.27342990463406,-121.99645568407536,,,,,0.0,2026-02-23T20:02:36.775589,False
37.27869429013154,-122.0044097292859,,,,,0.0,2026-02-23T20:02:41.370645,False
37.28395814363195,-122.0123648988525,,,,,0.0,2026-02-23T20:02:45.272353,False
37.2892214650704,-122.02032119290205,,,,,0.0,2026-02-23T20:02:49.194956,False
37.29448425438213,-122.02827861156145,,,,,0.0,2026-02-23T20:02:53.134510,False
37.29974651150234,-122.03623715495748,,,,,0.0,2026-02-23T20:02:56.782660,False
37.30500823636616,-122.04419682321706,,,,,0.0,2026-02-23T20:03:00.361162,False
37.310269428908605,-122.05215761646696,,,,,0.0,2026-02-23T20:03:03.887852,False
37.31553008906486,-122.06011953483392,,,,,0.0,2026-02-23T20:03:07.362313,False
37.320790216769815,-122.06808257844474,,,,,0.0,2026-02-23T20:03:10.905647,False
37.31385871115072,-122.08711519126288,,,,,0.0,2026-02-23T20:03:14.524293,False
37.30804216427548,-122.09335262475808,,,,,0.0,2026-02-23T20:03:18.191492,False
37.30184401012894,-122.09629165007448,,,,,0.0,2026-02-23T20:03:21.597327,False
37.29399737743283,-122.09912616764278,,,,,0.0,2026-02-23T20:03:24.939075,False
37.286303094596,-122.10255445793194,,,,,0.0,2026-02-23T20:03:28.294622,False
37.27906066893805,-122.10734994751029,,,,,0.0,2026-02-23T20:03:31.974080,False
37.27183653989075,-122.1121887509224,,,,,0.0,2026-02-23T20:03:35.547906,False
37.264570582914224,-122.11692446371242,,,,,0.0,2026-02-23T20:03:39.187163,False
37.25706174063309,-122.1201966691005,,,,,0.0,2026-02-23T20:03:43.171063,False
37.25065101207004,-122.12616988360428,,,,,0.0,2026-02-23T20:03:46.662390,False
37.24341217361447,-122.13097233782794,,,,,0.0,2026-02-23T20:03:50.470090,False
37.2361752097392,-122.13577665592396,,,,,0.0,2026-02-23T20:03:54.064401,False
37.229766642690095,-122.12949784517178,1.5421371459960938,9.80908925027372e-43,1.5421371459960938,Unknown,0.9820016134112431,2026-02-23T20:03:57.480917,True
37.22157932404414,-122.14507812990767,,,,,0.0,2026-02-23T20:04:00.996094,False
37.21417554194046,-122.1494512243816,,,,,0.0,2026-02-23T20:04:04.450173,False
37.206174319561136,-122.15090748237952,,,,,0.0,2026-02-23T20:04:08.105226,False
37.19835039971802,-122.15370020987665,,,,,0.0,2026-02-23T20:04:11.763276,False
37.19060551875621,-122.15697491704658,,,,,0.0,2026-02-23T20:04:15.158931,False
37.18284582106473,-122.16019146462136,,,,,0.0,2026-02-23T20:04:18.539368,False
37.17509219015196,-122.1634316221852,,,,,0.0,2026-02-23T20:04:22.194640,False
37.1673389466938,-122.16667312695876,,,,,0.0,2026-02-23T20:04:25.742038,False
37.159593136331445,-122.16994020804982,,,,,0.0,2026-02-23T20:04:29.235221,False
37.15183945138215,-122.17317877287049,,,,,0.0,2026-02-23T20:04:32.765532,False
37.14407961658823,-122.1763936593443,,,,,0.0,2026-02-23T20:04:36.233765,False
37.13651585800044,-122.17591637358636,,,,,0.0,2026-02-23T20:04:39.628358,False
37.26359744644724,-121.9135947073334,,,,,0.0,2026-02-23T20:04:45.466476,False
37.270945241049866,-121.9181040751208,,,,,0.0,2026-02-23T20:04:49.876897,False
37.27730082655812,-121.92901567601167,,,,,0.0,2026-02-23T20:04:53.827270,False
37.27837160180733,-121.9371286018093,,,,,0.0,2026-02-23T20:04:58.500275,False
37.28651432942166,-121.93780102634526,,,,,0.0,2026-02-23T20:05:02.083437,False
37.32819457883911,-122.06971533580356,,,,,0.0,2026-02-23T20:05:05.708673,False
37.059686200836495,-122.15922659141545,,,,,0.0,2026-02-23T20:05:09.973713,False
37.03735966074389,-122.18311498250526,,,,,0.0,2026-02-23T20:05:13.625858,False
37.27345064248736,-122.01283618690076,,,,,0.0,2026-02-23T20:05:18.103045,False
37.265805658098735,-122.013992503437,,,,,0.0,2026-02-23T20:05:22.568141,False
37.25764609276779,-122.01393625088568,,,,,0.0,2026-02-23T20:05:26.205420,False
37.24948667934048,-122.01384620305431,,,,,0.0,2026-02-23T20:05:30.029494,False
37.074615982311634,-122.15961779625177,,,,,0.0,2026-02-23T20:05:33.886961,False
37.0586290612202,-122.18270412626806,,,,,0.0,2026-02-23T20:05:37.619072,False
37.050909158578925,-122.18555633291793,,,,,0.0,2026-02-23T20:05:41.328209,False
37.0427859055136,-122.18652402494143,,,,,0.0,2026-02-23T20:05:44.816900,False
37.17422208264686,-121.87519240977348,,,,,0.0,2026-02-23T20:05:49.232710,False
37.234631504353565,-122.0501202262874,,,,,0.0,2026-02-23T20:05:54.634559,False
37.24161229764695,-122.05532518654547,,,,,0.0,2026-02-23T20:05:58.599002,False
37.248506884876136,-122.06089106243942,,,,,0.0,2026-02-23T20:06:02.221855,False
37.25537455828454,-122.0659900867182,,,,,0.0,2026-02-23T20:06:06.397949,False
37.26192045758408,-122.07005386816724,,,,,0.0,2026-02-23T20:06:09.980629,False
37.26971381739196,-122.06878214637108,,,,,0.0,2026-02-23T20:06:14.563077,False
37.27786665230117,-122.06893098193169,,,,,0.0,2026-02-23T20:06:18.010435,False
37.28602596110063,-122.06881972934308,,,,,0.0,2026-02-23T20:06:21.987730,False
37.294171922120704,-122.0688953649416,,,,,0.0,2026-02-23T20:06:25.564285,False
37.299702594510606,-122.07572026752024,,,,,0.0,2026-02-23T20:06:29.138883,False
37.30084528207356,-122.08572321091332,,,,,0.0,2026-02-23T20:06:32.661266,False
37.26138362362044,-121.97350674864715,,,,,0.0,2026-02-23T20:06:39.292372,False
37.265214259277606,-121.98267674116347,,,,,0.0,2026-02-23T20:06:43.760749,False
37.33071813062461,-122.21416503520948,,,,,0.0,2026-02-23T20:06:48.665801,False
37.31862060911067,-122.22159629469704,2.818378448486328,6.305843089461677e-44,2.818378448486328,Unknown,2.054019352452267,2026-02-23T20:06:52.463451,True
37.32911312852839,-122.19348393442012,,,,,0.0,2026-02-23T20:06:56.083886,False
37.32947403346723,-122.18323656718567,,,,,0.0,2026-02-23T20:06:59.513355,False
37.33083383613173,-122.17301300305532,,,,,0.0,2026-02-23T20:07:03.042909,False
37.33156107510688,-122.16272170497224,,,,,0.0,2026-02-23T20:07:06.703067,False
37.33126340557196,-122.15231053995244,,,,,0.0,2026-02-23T20:07:10.033606,False
37.330986829653256,-122.14189840317972,,,,,0.0,2026-02-23T20:07:13.383410,False
37.33075577025883,-122.1314844949084,,,,,0.0,2026-02-23T20:07:16.811502,False
37.330524263718125,-122.12107063356032,,,,,0.0,2026-02-23T20:07:20.583010,False
37.33026052601836,-122.11065808530016,,,,,0.0,2026-02-23T20:07:23.942363,False
37.32809664627375,-122.10074911589707,,,,,0.0,2026-02-23T20:07:27.379079,False
37.32691796877956,-122.09061687076756,,,,,0.0,2026-02-23T20:07:31.017289,False
37.32409202100468,-122.080861348587,,,,,0.0,2026-02-23T20:07:34.594883,False
37.02420215020961,-122.19336192755124,,,,,0.0,2026-02-23T20:07:38.691200,False
37.01833129465679,-122.2003779598756,,,,,0.0,2026-02-23T20:07:42.129919,False
37.32996143413344,-122.20084126786492,,,,,0.0,2026-02-23T20:07:45.919271,False
37.33138228045282,-122.05269966360052,,,,,0.0,2026-02-23T20:07:50.459959,False
37.334207627370034,-122.04358649633518,,,,,0.0,2026-02-23T20:07:54.210871,False
37.31364165143034,-122.06687366482,,,,,0.0,2026-02-23T20:07:59.633366,False
37.30800079326365,-122.06026196862688,,,,,0.0,2026-02-23T20:08:03.197789,False
37.305583548579946,-122.05197105557023,,,,,0.0,2026-02-23T20:08:06.770185,False
37.30105129266303,-122.04716389494487,,,,,0.0,2026-02-23T20:08:10.598917,False
37.29733496809638,-122.04138615089884,,,,,0.0,2026-02-23T20:08:14.275337,False
37.293751637066,-122.03443692682131,,,,,0.0,2026-02-23T20:08:17.813475,False
41.278965045570175,-122.29037716795544,,,,,0.0,2026-03-01T22:24:25.067948,False
41.27341967752622,-122.28236978581812,,,,,0.0,2026-03-01T22:24:29.028394,False
41.26637684783578,-122.2490801135522,,,,,0.0,2026-03-01T22:24:33.349069,False
41.120148601693664,-122.32959147453978,,,,,0.0,2026-03-01T22:24:39.786297,False
